DATAFLOW,REF_AREA:Geographic area,INDICATOR:Indicator,SEX:Sex,AGE:Current age,EDUCATION_LEVEL:Education Level,WEALTH_QUINTILE:Wealth Quintile,RESIDENCE:Residence,NUMBER_CHLD:Number of Living Children,TIME_PERIOD:Time period,OBS_VALUE:Observation Value,UNIT_MULTIPLIER:Unit multiplier,UNIT_MEASURE:Unit of measure,SOURCE_LINK:Citation of or link to the data source,SERIES_FOOTNOTE:Series footnote,SOWC_FLAG_F:SOWC flag F,SOWC_FLAG_E:SOWC flag E,SOWC_FLAG_D:SOWC flag D,SOWC_FLAG_C:SOWC flag C,SOWC_FLAG_A:SOWC flag A,SOWC_FLAG_B:SOWC flag B,OBS_STATUS:Observation Status,OBS_CONF:Observation confidentaility,DATA_SOURCE:Data Source,LOWER_BOUND:Lower Bound,UPPER_BOUND:Upper Bound,WGTD_SAMPL_SIZE:Weighted Sample Size,UNWGTD_SAMPL_SIZE:Unweighted Sample Size,TIME_PERIOD_METHOD:Time period activity related to when the data are collected,COVERAGE_TIME:The period of time for which data are provided,FREQ_COLL:Time interval at which the source data are collected,OBS_FOOTNOTE:Observation footnote
UNICEF:PT(1.0): Child Protection,AFG: Afghanistan,PT_CHLD_5-17_LBR_ECON: Percentage of children (aged 5-17 years) engaged in child labour (economic activities),_T: Total,Y5T17: 5 to 17 years old,_T: Total,_T: Total,_T: Total,_T: Total,2023,13.3,,PCNT: %,,"While trend data are available, changes in the indicator definitions, age groups covered, as well as the measures and questions used to collect the information have changed over time. These factors affect the comparability of available data sources and require careful review and assessment in order to accurately and reliably draw conclusions about trends over time for most countries. For this reason, trend data for this indicator are not included in UNICEF global databases.",,,,,,,RA: Reanalysed,,"MICS 2022-23, UNICEF and ILO calculations",,,,,EOF: End of fieldwork,2022-23,0: Not Known,
UNICEF:PT(1.0): Child Protection,AFG: Afghanistan,PT_CHLD_5-17_LBR_ECON: Percentage of children (aged 5-17 years) engaged in child labour (economic activities),M: Male,Y5T17: 5 to 17 years old,_T: Total,_T: Total,_T: Total,_T: Total,2023,15.6,,PCNT: %,,"While trend data are available, changes in the indicator definitions, age groups covered, as well as the measures and questions used to collect the information have changed over time. These factors affect the comparability of available data sources and require careful review and assessment in order to accurately and reliably draw conclusions about trends over time for most countries. For this reason, trend data for this indicator are not included in UNICEF global databases.",,,,,,,RA: Reanalysed,,"MICS 2022-23, UNICEF and ILO calculations",,,,,EOF: End of fieldwork,2022-23,0: Not Known,
UNICEF:PT(1.0): Child Protection,AFG: Afghanistan,PT_CHLD_5-17_LBR_ECON: Percentage of children (aged 5-17 years) engaged in child labour (economic activities),F: Female,Y5T17: 5 to 17 years old,_T: Total,_T: Total,_T: Total,_T: Total,2023,10.9,,PCNT: %,,"While trend data are available, changes in the indicator definitions, age groups covered, as well as the measures and questions used to collect the information have changed over time. These factors affect the comparability of available data sources and require careful review and assessment in order to accurately and reliably draw conclusions about trends over time for most countries. For this reason, trend data for this indicator are not included in UNICEF global databases.",,,,,,,RA: Reanalysed,,"MICS 2022-23, UNICEF and ILO calculations",,,,,EOF: End of fieldwork,2022-23,0: Not Known,
UNICEF:PT(1.0): Child Protection,ARG: Argentina,PT_CHLD_5-17_LBR_ECON: Percentage of children (aged 5-17 years) engaged in child labour (economic activities),_T: Total,Y5T17: 5 to 17 years old,_T: Total,_T: Total,_T: Total,_T: Total,2017,1.8,,PCNT: %,,"While trend data are available, changes in the indicator definitions, age groups covered, as well as the measures and questions used to collect the information have changed over time. These factors affect the comparability of available data sources and require careful review and assessment in order to accurately and reliably draw conclusions about trends over time for most countries. For this reason, trend data for this indicator are not included in UNICEF global databases.",,,,,x: Data refer to years or periods other than those specified in the column heading. Such data are not included in the calculation of regional and global averages. Estimates from data years prior to 2000 are not displayed.,,RA: Reanalysed,,"EANNA 2016-17, UNICEF and ILO calculations",,,,,EOF: End of fieldwork,2016-17,0: Not Known,
UNICEF:PT(1.0): Child Protection,ARG: Argentina,PT_CHLD_5-17_LBR_ECON: Percentage of children (aged 5-17 years) engaged in child labour (economic activities),M: Male,Y5T17: 5 to 17 years old,_T: Total,_T: Total,_T: Total,_T: Total,2017,2.1,,PCNT: %,,"While trend data are available, changes in the indicator definitions, age groups covered, as well as the measures and questions used to collect the information have changed over time. These factors affect the comparability of available data sources and require careful review and assessment in order to accurately and reliably draw conclusions about trends over time for most countries. For this reason, trend data for this indicator are not included in UNICEF global databases.",,,,,x: Data refer to years or periods other than those specified in the column heading. Such data are not included in the calculation of regional and global averages. Estimates from data years prior to 2000 are not displayed.,,RA: Reanalysed,,"EANNA 2016-17, UNICEF and ILO calculations",,,,,EOF: End of fieldwork,2016-17,0: Not Known,
UNICEF:PT(1.0): Child Protection,ARG: Argentina,PT_CHLD_5-17_LBR_ECON: Percentage of children (aged 5-17 years) engaged in child labour (economic activities),F: Female,Y5T17: 5 to 17 years old,_T: Total,_T: Total,_T: Total,_T: Total,2017,1.5,,PCNT: %,,"While trend data are available, changes in the indicator definitions, age groups covered, as well as the measures and questions used to collect the information have changed over time. These factors affect the comparability of available data sources and require careful review and assessment in order to accurately and reliably draw conclusions about trends over time for most countries. For this reason, trend data for this indicator are not included in UNICEF global databases.",,,,,x: Data refer to years or periods other than those specified in the column heading. Such data are not included in the calculation of regional and global averages. Estimates from data years prior to 2000 are not displayed.,,RA: Reanalysed,,"EANNA 2016-17, UNICEF and ILO calculations",,,,,EOF: End of fieldwork,2016-17,0: Not Known,
UNICEF:PT(1.0): Child Protection,AZE: Azerbaijan,PT_CHLD_5-17_LBR_ECON: Percentage of children (aged 5-17 years) engaged in child labour (economic activities),_T: Total,Y5T17: 5 to 17 years old,_T: Total,_T: Total,_T: Total,_T: Total,2023,4.8,,PCNT: %,,"While trend data are available, changes in the indicator definitions, age groups covered, as well as the measures and questions used to collect the information have changed over time. These factors affect the comparability of available data sources and require careful review and assessment in order to accurately and reliably draw conclusions about trends over time for most countries. For this reason, trend data for this indicator are not included in UNICEF global databases.",,,,,,,RP: Reported,,"MICS 2023, UNICEF and ILO calculations",,,,,EOF: End of fieldwork,2023,0: Not Known,
UNICEF:PT(1.0): Child Protection,AZE: Azerbaijan,PT_CHLD_5-17_LBR_ECON: Percentage of children (aged 5-17 years) engaged in child labour (economic activities),M: Male,Y5T17: 5 to 17 years old,_T: Total,_T: Total,_T: Total,_T: Total,2023,6.4,,PCNT: %,,"While trend data are available, changes in the indicator definitions, age groups covered, as well as the measures and questions used to collect the information have changed over time. These factors affect the comparability of available data sources and require careful review and assessment in order to accurately and reliably draw conclusions about trends over time for most countries. For this reason, trend data for this indicator are not included in UNICEF global databases.",,,,,,,RP: Reported,,"MICS 2023, UNICEF and ILO calculations",,,,,EOF: End of fieldwork,2023,0: Not Known,
UNICEF:PT(1.0): Child Protection,AZE: Azerbaijan,PT_CHLD_5-17_LBR_ECON: Percentage of children (aged 5-17 years) engaged in child labour (economic activities),F: Female,Y5T17: 5 to 17 years old,_T: Total,_T: Total,_T: Total,_T: Total,2023,2.9,,PCNT: %,,"While trend data are available, changes in the indicator definitions, age groups covered, as well as the measures and questions used to collect the information have changed over time. These factors affect the comparability of available data sources and require careful review and assessment in order to accurately and reliably draw conclusions about trends over time for most countries. For this reason, trend data for this indicator are not included in UNICEF global databases.",,,,,,,RP: Reported,,"MICS 2023, UNICEF and ILO calculations",,,,,EOF: End of fieldwork,2023,0: Not Known,
UNICEF:PT(1.0): Child Protection,BDI: Burundi,PT_CHLD_5-17_LBR_ECON: Percentage of children (aged 5-17 years) engaged in child labour (economic activities),_T: Total,Y5T17: 5 to 17 years old,_T: Total,_T: Total,_T: Total,_T: Total,2020,53.5,,PCNT: %,,"While trend data are available, changes in the indicator definitions, age groups covered, as well as the measures and questions used to collect the information have changed over time. These factors affect the comparability of available data sources and require careful review and assessment in order to accurately and reliably draw conclusions about trends over time for most countries. For this reason, trend data for this indicator are not included in UNICEF global databases.",,,,,,,RA: Reanalysed,,"ECVM 2020, UNICEF and ILO calculations",,,,,EOF: End of fieldwork,2020,0: Not Known,
UNICEF:PT(1.0): Child Protection,BDI: Burundi,PT_CHLD_5-17_LBR_ECON: Percentage of children (aged 5-17 years) engaged in child labour (economic activities),M: Male,Y5T17: 5 to 17 years old,_T: Total,_T: Total,_T: Total,_T: Total,2020,52.2,,PCNT: %,,"While trend data are available, changes in the indicator definitions, age groups covered, as well as the measures and questions used to collect the information have changed over time. These factors affect the comparability of available data sources and require careful review and assessment in order to accurately and reliably draw conclusions about trends over time for most countries. For this reason, trend data for this indicator are not included in UNICEF global databases.",,,,,,,RA: Reanalysed,,"ECVM 2020, UNICEF and ILO calculations",,,,,EOF: End of fieldwork,2020,0: Not Known,
UNICEF:PT(1.0): Child Protection,BDI: Burundi,PT_CHLD_5-17_LBR_ECON: Percentage of children (aged 5-17 years) engaged in child labour (economic activities),F: Female,Y5T17: 5 to 17 years old,_T: Total,_T: Total,_T: Total,_T: Total,2020,54.9,,PCNT: %,,"While trend data are available, changes in the indicator definitions, age groups covered, as well as the measures and questions used to collect the information have changed over time. These factors affect the comparability of available data sources and require careful review and assessment in order to accurately and reliably draw conclusions about trends over time for most countries. For this reason, trend data for this indicator are not included in UNICEF global databases.",,,,,,,RA: Reanalysed,,"ECVM 2020, UNICEF and ILO calculations",,,,,EOF: End of fieldwork,2020,0: Not Known,
UNICEF:PT(1.0): Child Protection,BEN: Benin,PT_CHLD_5-17_LBR_ECON: Percentage of children (aged 5-17 years) engaged in child labour (economic activities),_T: Total,Y5T17: 5 to 17 years old,_T: Total,_T: Total,_T: Total,_T: Total,2022,16,,PCNT: %,,"While trend data are available, changes in the indicator definitions, age groups covered, as well as the measures and questions used to collect the information have changed over time. These factors affect the comparability of available data sources and require careful review and assessment in order to accurately and reliably draw conclusions about trends over time for most countries. For this reason, trend data for this indicator are not included in UNICEF global databases.",,,,,,"y: Data differ from the standard definition or refer to only part of a country. If they fall within the noted reference period, such data are included in the calculation of regional and global averages.",RP: Reported,,"MICS 2021-22, UNICEF and ILO calculations",,,,,EOF: End of fieldwork,2021-22,0: Not Known,Two clusters could not be visited due to insecurity and evictions during the field work period
UNICEF:PT(1.0): Child Protection,BEN: Benin,PT_CHLD_5-17_LBR_ECON: Percentage of children (aged 5-17 years) engaged in child labour (economic activities),M: Male,Y5T17: 5 to 17 years old,_T: Total,_T: Total,_T: Total,_T: Total,2022,17.8,,PCNT: %,,"While trend data are available, changes in the indicator definitions, age groups covered, as well as the measures and questions used to collect the information have changed over time. These factors affect the comparability of available data sources and require careful review and assessment in order to accurately and reliably draw conclusions about trends over time for most countries. For this reason, trend data for this indicator are not included in UNICEF global databases.",,,,,,"y: Data differ from the standard definition or refer to only part of a country. If they fall within the noted reference period, such data are included in the calculation of regional and global averages.",RP: Reported,,"MICS 2021-22, UNICEF and ILO calculations",,,,,EOF: End of fieldwork,2021-22,0: Not Known,Two clusters could not be visited due to insecurity and evictions during the field work period
UNICEF:PT(1.0): Child Protection,BEN: Benin,PT_CHLD_5-17_LBR_ECON: Percentage of children (aged 5-17 years) engaged in child labour (economic activities),F: Female,Y5T17: 5 to 17 years old,_T: Total,_T: Total,_T: Total,_T: Total,2022,14.2,,PCNT: %,,"While trend data are available, changes in the indicator definitions, age groups covered, as well as the measures and questions used to collect the information have changed over time. These factors affect the comparability of available data sources and require careful review and assessment in order to accurately and reliably draw conclusions about trends over time for most countries. For this reason, trend data for this indicator are not included in UNICEF global databases.",,,,,,"y: Data differ from the standard definition or refer to only part of a country. If they fall within the noted reference period, such data are included in the calculation of regional and global averages.",RP: Reported,,"MICS 2021-22, UNICEF and ILO calculations",,,,,EOF: End of fieldwork,2021-22,0: Not Known,Two clusters could not be visited due to insecurity and evictions during the field work period
UNICEF:PT(1.0): Child Protection,BFA: Burkina Faso,PT_CHLD_5-17_LBR_ECON: Percentage of children (aged 5-17 years) engaged in child labour (economic activities),_T: Total,Y5T17: 5 to 17 years old,_T: Total,_T: Total,_T: Total,_T: Total,2022,18.4,,PCNT: %,,"While trend data are available, changes in the indicator definitions, age groups covered, as well as the measures and questions used to collect the information have changed over time. These factors affect the comparability of available data sources and require careful review and assessment in order to accurately and reliably draw conclusions about trends over time for most countries. For this reason, trend data for this indicator are not included in UNICEF global databases.",,,,,,,RA: Reanalysed,,"NCLS 2022, UNICEF and ILO calculations",,,,,EOF: End of fieldwork,2022,0: Not Known,These estimates differ from published national estimates of child labour from the same source due to different treatment of economic activities and different hourly thresholds according to the national legislation.
UNICEF:PT(1.0): Child Protection,BFA: Burkina Faso,PT_CHLD_5-17_LBR_ECON: Percentage of children (aged 5-17 years) engaged in child labour (economic activities),M: Male,Y5T17: 5 to 17 years old,_T: Total,_T: Total,_T: Total,_T: Total,2022,16.7,,PCNT: %,,"While trend data are available, changes in the indicator definitions, age groups covered, as well as the measures and questions used to collect the information have changed over time. These factors affect the comparability of available data sources and require careful review and assessment in order to accurately and reliably draw conclusions about trends over time for most countries. For this reason, trend data for this indicator are not included in UNICEF global databases.",,,,,,,RA: Reanalysed,,"NCLS 2022, UNICEF and ILO calculations",,,,,EOF: End of fieldwork,2022,0: Not Known,These estimates differ from published national estimates of child labour from the same source due to different treatment of economic activities and different hourly thresholds according to the national legislation.
UNICEF:PT(1.0): Child Protection,BFA: Burkina Faso,PT_CHLD_5-17_LBR_ECON: Percentage of children (aged 5-17 years) engaged in child labour (economic activities),F: Female,Y5T17: 5 to 17 years old,_T: Total,_T: Total,_T: Total,_T: Total,2022,20.2,,PCNT: %,,"While trend data are available, changes in the indicator definitions, age groups covered, as well as the measures and questions used to collect the information have changed over time. These factors affect the comparability of available data sources and require careful review and assessment in order to accurately and reliably draw conclusions about trends over time for most countries. For this reason, trend data for this indicator are not included in UNICEF global databases.",,,,,,,RA: Reanalysed,,"NCLS 2022, UNICEF and ILO calculations",,,,,EOF: End of fieldwork,2022,0: Not Known,These estimates differ from published national estimates of child labour from the same source due to different treatment of economic activities and different hourly thresholds according to the national legislation.
UNICEF:PT(1.0): Child Protection,BLR: Belarus,PT_CHLD_5-17_LBR_ECON: Percentage of children (aged 5-17 years) engaged in child labour (economic activities),_T: Total,Y5T17: 5 to 17 years old,_T: Total,_T: Total,_T: Total,_T: Total,2019,4,,PCNT: %,,"While trend data are available, changes in the indicator definitions, age groups covered, as well as the measures and questions used to collect the information have changed over time. These factors affect the comparability of available data sources and require careful review and assessment in order to accurately and reliably draw conclusions about trends over time for most countries. For this reason, trend data for this indicator are not included in UNICEF global databases.",,,,,x: Data refer to years or periods other than those specified in the column heading. Such data are not included in the calculation of regional and global averages. Estimates from data years prior to 2000 are not displayed.,,RP: Reported,,"MICS 2019, UNICEF and ILO calculations",,,,,EOF: End of fieldwork,2019,0: Not Known,
UNICEF:PT(1.0): Child Protection,BLR: Belarus,PT_CHLD_5-17_LBR_ECON: Percentage of children (aged 5-17 years) engaged in child labour (economic activities),M: Male,Y5T17: 5 to 17 years old,_T: Total,_T: Total,_T: Total,_T: Total,2019,4.6,,PCNT: %,,"While trend data are available, changes in the indicator definitions, age groups covered, as well as the measures and questions used to collect the information have changed over time. These factors affect the comparability of available data sources and require careful review and assessment in order to accurately and reliably draw conclusions about trends over time for most countries. For this reason, trend data for this indicator are not included in UNICEF global databases.",,,,,x: Data refer to years or periods other than those specified in the column heading. Such data are not included in the calculation of regional and global averages. Estimates from data years prior to 2000 are not displayed.,,RP: Reported,,"MICS 2019, UNICEF and ILO calculations",,,,,EOF: End of fieldwork,2019,0: Not Known,
UNICEF:PT(1.0): Child Protection,BLR: Belarus,PT_CHLD_5-17_LBR_ECON: Percentage of children (aged 5-17 years) engaged in child labour (economic activities),F: Female,Y5T17: 5 to 17 years old,_T: Total,_T: Total,_T: Total,_T: Total,2019,3.4,,PCNT: %,,"While trend data are available, changes in the indicator definitions, age groups covered, as well as the measures and questions used to collect the information have changed over time. These factors affect the comparability of available data sources and require careful review and assessment in order to accurately and reliably draw conclusions about trends over time for most countries. For this reason, trend data for this indicator are not included in UNICEF global databases.",,,,,x: Data refer to years or periods other than those specified in the column heading. Such data are not included in the calculation of regional and global averages. Estimates from data years prior to 2000 are not displayed.,,RP: Reported,,"MICS 2019, UNICEF and ILO calculations",,,,,EOF: End of fieldwork,2019,0: Not Known,
UNICEF:PT(1.0): Child Protection,BOL: Bolivia (Plurinational State of),PT_CHLD_5-17_LBR_ECON: Percentage of children (aged 5-17 years) engaged in child labour (economic activities),_T: Total,Y10T17: 10 to 17 years old,_T: Total,_T: Total,_T: Total,_T: Total,2023,12.6,,PCNT: %,,"While trend data are available, changes in the indicator definitions, age groups covered, as well as the measures and questions used to collect the information have changed over time. These factors affect the comparability of available data sources and require careful review and assessment in order to accurately and reliably draw conclusions about trends over time for most countries. For this reason, trend data for this indicator are not included in UNICEF global databases.",,,,,,"y: Data differ from the standard definition or refer to only part of a country. If they fall within the noted reference period, such data are included in the calculation of regional and global averages.",RA: Reanalysed,,"ECE 2023, UNICEF and ILO calculations",,,,,EOF: End of fieldwork,2023,0: Not Known,Age is 10-17 years
UNICEF:PT(1.0): Child Protection,BOL: Bolivia (Plurinational State of),PT_CHLD_5-17_LBR_ECON: Percentage of children (aged 5-17 years) engaged in child labour (economic activities),M: Male,Y10T17: 10 to 17 years old,_T: Total,_T: Total,_T: Total,_T: Total,2023,13.1,,PCNT: %,,"While trend data are available, changes in the indicator definitions, age groups covered, as well as the measures and questions used to collect the information have changed over time. These factors affect the comparability of available data sources and require careful review and assessment in order to accurately and reliably draw conclusions about trends over time for most countries. For this reason, trend data for this indicator are not included in UNICEF global databases.",,,,,,"y: Data differ from the standard definition or refer to only part of a country. If they fall within the noted reference period, such data are included in the calculation of regional and global averages.",RA: Reanalysed,,"ECE 2023, UNICEF and ILO calculations",,,,,EOF: End of fieldwork,2023,0: Not Known,Age is 10-17 years
UNICEF:PT(1.0): Child Protection,BOL: Bolivia (Plurinational State of),PT_CHLD_5-17_LBR_ECON: Percentage of children (aged 5-17 years) engaged in child labour (economic activities),F: Female,Y10T17: 10 to 17 years old,_T: Total,_T: Total,_T: Total,_T: Total,2023,12,,PCNT: %,,"While trend data are available, changes in the indicator definitions, age groups covered, as well as the measures and questions used to collect the information have changed over time. These factors affect the comparability of available data sources and require careful review and assessment in order to accurately and reliably draw conclusions about trends over time for most countries. For this reason, trend data for this indicator are not included in UNICEF global databases.",,,,,,"y: Data differ from the standard definition or refer to only part of a country. If they fall within the noted reference period, such data are included in the calculation of regional and global averages.",RA: Reanalysed,,"ECE 2023, UNICEF and ILO calculations",,,,,EOF: End of fieldwork,2023,0: Not Known,Age is 10-17 years
UNICEF:PT(1.0): Child Protection,BRA: Brazil,PT_CHLD_5-17_LBR_ECON: Percentage of children (aged 5-17 years) engaged in child labour (economic activities),_T: Total,Y5T17: 5 to 17 years old,_T: Total,_T: Total,_T: Total,_T: Total,2022,1.5,,PCNT: %,,"While trend data are available, changes in the indicator definitions, age groups covered, as well as the measures and questions used to collect the information have changed over time. These factors affect the comparability of available data sources and require careful review and assessment in order to accurately and reliably draw conclusions about trends over time for most countries. For this reason, trend data for this indicator are not included in UNICEF global databases.",,,,,,,RA: Reanalysed,,"PNADC 2022, UNICEF and ILO calculations",,,,,EOF: End of fieldwork,2022,0: Not Known,
UNICEF:PT(1.0): Child Protection,BRA: Brazil,PT_CHLD_5-17_LBR_ECON: Percentage of children (aged 5-17 years) engaged in child labour (economic activities),M: Male,Y5T17: 5 to 17 years old,_T: Total,_T: Total,_T: Total,_T: Total,2022,2,,PCNT: %,,"While trend data are available, changes in the indicator definitions, age groups covered, as well as the measures and questions used to collect the information have changed over time. These factors affect the comparability of available data sources and require careful review and assessment in order to accurately and reliably draw conclusions about trends over time for most countries. For this reason, trend data for this indicator are not included in UNICEF global databases.",,,,,,,RA: Reanalysed,,"PNADC 2022, UNICEF and ILO calculations",,,,,EOF: End of fieldwork,2022,0: Not Known,
UNICEF:PT(1.0): Child Protection,BRA: Brazil,PT_CHLD_5-17_LBR_ECON: Percentage of children (aged 5-17 years) engaged in child labour (economic activities),F: Female,Y5T17: 5 to 17 years old,_T: Total,_T: Total,_T: Total,_T: Total,2022,1,,PCNT: %,,"While trend data are available, changes in the indicator definitions, age groups covered, as well as the measures and questions used to collect the information have changed over time. These factors affect the comparability of available data sources and require careful review and assessment in order to accurately and reliably draw conclusions about trends over time for most countries. For this reason, trend data for this indicator are not included in UNICEF global databases.",,,,,,,RA: Reanalysed,,"PNADC 2022, UNICEF and ILO calculations",,,,,EOF: End of fieldwork,2022,0: Not Known,
UNICEF:PT(1.0): Child Protection,CAF: Central African Republic,PT_CHLD_5-17_LBR_ECON: Percentage of children (aged 5-17 years) engaged in child labour (economic activities),_T: Total,Y5T17: 5 to 17 years old,_T: Total,_T: Total,_T: Total,_T: Total,2019,18.4,,PCNT: %,,"While trend data are available, changes in the indicator definitions, age groups covered, as well as the measures and questions used to collect the information have changed over time. These factors affect the comparability of available data sources and require careful review and assessment in order to accurately and reliably draw conclusions about trends over time for most countries. For this reason, trend data for this indicator are not included in UNICEF global databases.",,,,,x: Data refer to years or periods other than those specified in the column heading. Such data are not included in the calculation of regional and global averages. Estimates from data years prior to 2000 are not displayed.,,RP: Reported,,"MICS 2018-19, UNICEF and ILO calculations",,,,,EOF: End of fieldwork,2018-19,0: Not Known,
UNICEF:PT(1.0): Child Protection,CAF: Central African Republic,PT_CHLD_5-17_LBR_ECON: Percentage of children (aged 5-17 years) engaged in child labour (economic activities),M: Male,Y5T17: 5 to 17 years old,_T: Total,_T: Total,_T: Total,_T: Total,2019,17.3,,PCNT: %,,"While trend data are available, changes in the indicator definitions, age groups covered, as well as the measures and questions used to collect the information have changed over time. These factors affect the comparability of available data sources and require careful review and assessment in order to accurately and reliably draw conclusions about trends over time for most countries. For this reason, trend data for this indicator are not included in UNICEF global databases.",,,,,x: Data refer to years or periods other than those specified in the column heading. Such data are not included in the calculation of regional and global averages. Estimates from data years prior to 2000 are not displayed.,,RP: Reported,,"MICS 2018-19, UNICEF and ILO calculations",,,,,EOF: End of fieldwork,2018-19,0: Not Known,
UNICEF:PT(1.0): Child Protection,CAF: Central African Republic,PT_CHLD_5-17_LBR_ECON: Percentage of children (aged 5-17 years) engaged in child labour (economic activities),F: Female,Y5T17: 5 to 17 years old,_T: Total,_T: Total,_T: Total,_T: Total,2019,19.5,,PCNT: %,,"While trend data are available, changes in the indicator definitions, age groups covered, as well as the measures and questions used to collect the information have changed over time. These factors affect the comparability of available data sources and require careful review and assessment in order to accurately and reliably draw conclusions about trends over time for most countries. For this reason, trend data for this indicator are not included in UNICEF global databases.",,,,,x: Data refer to years or periods other than those specified in the column heading. Such data are not included in the calculation of regional and global averages. Estimates from data years prior to 2000 are not displayed.,,RP: Reported,,"MICS 2018-19, UNICEF and ILO calculations",,,,,EOF: End of fieldwork,2018-19,0: Not Known,
UNICEF:PT(1.0): Child Protection,CHL: Chile,PT_CHLD_5-17_LBR_ECON: Percentage of children (aged 5-17 years) engaged in child labour (economic activities),_T: Total,Y5T17: 5 to 17 years old,_T: Total,_T: Total,_T: Total,_T: Total,2023,4.1,,PCNT: %,,"While trend data are available, changes in the indicator definitions, age groups covered, as well as the measures and questions used to collect the information have changed over time. These factors affect the comparability of available data sources and require careful review and assessment in order to accurately and reliably draw conclusions about trends over time for most countries. For this reason, trend data for this indicator are not included in UNICEF global databases.",,,,,,,RA: Reanalysed,,"EANNA 2023, UNICEF and ILO calculations",,,,,EOF: End of fieldwork,2023,0: Not Known,
UNICEF:PT(1.0): Child Protection,CHL: Chile,PT_CHLD_5-17_LBR_ECON: Percentage of children (aged 5-17 years) engaged in child labour (economic activities),M: Male,Y5T17: 5 to 17 years old,_T: Total,_T: Total,_T: Total,_T: Total,2023,4.6,,PCNT: %,,"While trend data are available, changes in the indicator definitions, age groups covered, as well as the measures and questions used to collect the information have changed over time. These factors affect the comparability of available data sources and require careful review and assessment in order to accurately and reliably draw conclusions about trends over time for most countries. For this reason, trend data for this indicator are not included in UNICEF global databases.",,,,,,,RA: Reanalysed,,"EANNA 2023, UNICEF and ILO calculations",,,,,EOF: End of fieldwork,2023,0: Not Known,
UNICEF:PT(1.0): Child Protection,CHL: Chile,PT_CHLD_5-17_LBR_ECON: Percentage of children (aged 5-17 years) engaged in child labour (economic activities),F: Female,Y5T17: 5 to 17 years old,_T: Total,_T: Total,_T: Total,_T: Total,2023,3.6,,PCNT: %,,"While trend data are available, changes in the indicator definitions, age groups covered, as well as the measures and questions used to collect the information have changed over time. These factors affect the comparability of available data sources and require careful review and assessment in order to accurately and reliably draw conclusions about trends over time for most countries. For this reason, trend data for this indicator are not included in UNICEF global databases.",,,,,,,RA: Reanalysed,,"EANNA 2023, UNICEF and ILO calculations",,,,,EOF: End of fieldwork,2023,0: Not Known,
UNICEF:PT(1.0): Child Protection,CIV: Côte d'Ivoire,PT_CHLD_5-17_LBR_ECON: Percentage of children (aged 5-17 years) engaged in child labour (economic activities),_T: Total,Y5T17: 5 to 17 years old,_T: Total,_T: Total,_T: Total,_T: Total,2022,12.8,,PCNT: %,,"While trend data are available, changes in the indicator definitions, age groups covered, as well as the measures and questions used to collect the information have changed over time. These factors affect the comparability of available data sources and require careful review and assessment in order to accurately and reliably draw conclusions about trends over time for most countries. For this reason, trend data for this indicator are not included in UNICEF global databases.",,,,,,,RA: Reanalysed,,"ECVM 2022, UNICEF and ILO calculations",,,,,EOF: End of fieldwork,2022,0: Not Known,
UNICEF:PT(1.0): Child Protection,CIV: Côte d'Ivoire,PT_CHLD_5-17_LBR_ECON: Percentage of children (aged 5-17 years) engaged in child labour (economic activities),M: Male,Y5T17: 5 to 17 years old,_T: Total,_T: Total,_T: Total,_T: Total,2022,12.4,,PCNT: %,,"While trend data are available, changes in the indicator definitions, age groups covered, as well as the measures and questions used to collect the information have changed over time. These factors affect the comparability of available data sources and require careful review and assessment in order to accurately and reliably draw conclusions about trends over time for most countries. For this reason, trend data for this indicator are not included in UNICEF global databases.",,,,,,,RA: Reanalysed,,"ECVM 2022, UNICEF and ILO calculations",,,,,EOF: End of fieldwork,2022,0: Not Known,
UNICEF:PT(1.0): Child Protection,CIV: Côte d'Ivoire,PT_CHLD_5-17_LBR_ECON: Percentage of children (aged 5-17 years) engaged in child labour (economic activities),F: Female,Y5T17: 5 to 17 years old,_T: Total,_T: Total,_T: Total,_T: Total,2022,13.3,,PCNT: %,,"While trend data are available, changes in the indicator definitions, age groups covered, as well as the measures and questions used to collect the information have changed over time. These factors affect the comparability of available data sources and require careful review and assessment in order to accurately and reliably draw conclusions about trends over time for most countries. For this reason, trend data for this indicator are not included in UNICEF global databases.",,,,,,,RA: Reanalysed,,"ECVM 2022, UNICEF and ILO calculations",,,,,EOF: End of fieldwork,2022,0: Not Known,
UNICEF:PT(1.0): Child Protection,COM: Comoros,PT_CHLD_5-17_LBR_ECON: Percentage of children (aged 5-17 years) engaged in child labour (economic activities),_T: Total,Y5T17: 5 to 17 years old,_T: Total,_T: Total,_T: Total,_T: Total,2022,5.8,,PCNT: %,,"While trend data are available, changes in the indicator definitions, age groups covered, as well as the measures and questions used to collect the information have changed over time. These factors affect the comparability of available data sources and require careful review and assessment in order to accurately and reliably draw conclusions about trends over time for most countries. For this reason, trend data for this indicator are not included in UNICEF global databases.",,,,,,,RP: Reported,,"MICS 2022, UNICEF and ILO calculations",,,,,EOF: End of fieldwork,2022,0: Not Known,
UNICEF:PT(1.0): Child Protection,COM: Comoros,PT_CHLD_5-17_LBR_ECON: Percentage of children (aged 5-17 years) engaged in child labour (economic activities),M: Male,Y5T17: 5 to 17 years old,_T: Total,_T: Total,_T: Total,_T: Total,2022,6.7,,PCNT: %,,"While trend data are available, changes in the indicator definitions, age groups covered, as well as the measures and questions used to collect the information have changed over time. These factors affect the comparability of available data sources and require careful review and assessment in order to accurately and reliably draw conclusions about trends over time for most countries. For this reason, trend data for this indicator are not included in UNICEF global databases.",,,,,,,RP: Reported,,"MICS 2022, UNICEF and ILO calculations",,,,,EOF: End of fieldwork,2022,0: Not Known,
UNICEF:PT(1.0): Child Protection,COM: Comoros,PT_CHLD_5-17_LBR_ECON: Percentage of children (aged 5-17 years) engaged in child labour (economic activities),F: Female,Y5T17: 5 to 17 years old,_T: Total,_T: Total,_T: Total,_T: Total,2022,4.9,,PCNT: %,,"While trend data are available, changes in the indicator definitions, age groups covered, as well as the measures and questions used to collect the information have changed over time. These factors affect the comparability of available data sources and require careful review and assessment in order to accurately and reliably draw conclusions about trends over time for most countries. For this reason, trend data for this indicator are not included in UNICEF global databases.",,,,,,,RP: Reported,,"MICS 2022, UNICEF and ILO calculations",,,,,EOF: End of fieldwork,2022,0: Not Known,
UNICEF:PT(1.0): Child Protection,CRI: Costa Rica,PT_CHLD_5-17_LBR_ECON: Percentage of children (aged 5-17 years) engaged in child labour (economic activities),_T: Total,Y5T17: 5 to 17 years old,_T: Total,_T: Total,_T: Total,_T: Total,2018,3.4,,PCNT: %,,"While trend data are available, changes in the indicator definitions, age groups covered, as well as the measures and questions used to collect the information have changed over time. These factors affect the comparability of available data sources and require careful review and assessment in order to accurately and reliably draw conclusions about trends over time for most countries. For this reason, trend data for this indicator are not included in UNICEF global databases.",,,,,x: Data refer to years or periods other than those specified in the column heading. Such data are not included in the calculation of regional and global averages. Estimates from data years prior to 2000 are not displayed.,,RA: Reanalysed,,"MICS 2018, UNICEF and ILO calculations",,,,,EOF: End of fieldwork,2018,0: Not Known,
UNICEF:PT(1.0): Child Protection,CRI: Costa Rica,PT_CHLD_5-17_LBR_ECON: Percentage of children (aged 5-17 years) engaged in child labour (economic activities),M: Male,Y5T17: 5 to 17 years old,_T: Total,_T: Total,_T: Total,_T: Total,2018,4,,PCNT: %,,"While trend data are available, changes in the indicator definitions, age groups covered, as well as the measures and questions used to collect the information have changed over time. These factors affect the comparability of available data sources and require careful review and assessment in order to accurately and reliably draw conclusions about trends over time for most countries. For this reason, trend data for this indicator are not included in UNICEF global databases.",,,,,x: Data refer to years or periods other than those specified in the column heading. Such data are not included in the calculation of regional and global averages. Estimates from data years prior to 2000 are not displayed.,,RA: Reanalysed,,"MICS 2018, UNICEF and ILO calculations",,,,,EOF: End of fieldwork,2018,0: Not Known,
UNICEF:PT(1.0): Child Protection,CRI: Costa Rica,PT_CHLD_5-17_LBR_ECON: Percentage of children (aged 5-17 years) engaged in child labour (economic activities),F: Female,Y5T17: 5 to 17 years old,_T: Total,_T: Total,_T: Total,_T: Total,2018,2.7,,PCNT: %,,"While trend data are available, changes in the indicator definitions, age groups covered, as well as the measures and questions used to collect the information have changed over time. These factors affect the comparability of available data sources and require careful review and assessment in order to accurately and reliably draw conclusions about trends over time for most countries. For this reason, trend data for this indicator are not included in UNICEF global databases.",,,,,x: Data refer to years or periods other than those specified in the column heading. Such data are not included in the calculation of regional and global averages. Estimates from data years prior to 2000 are not displayed.,,RA: Reanalysed,,"MICS 2018, UNICEF and ILO calculations",,,,,EOF: End of fieldwork,2018,0: Not Known,
UNICEF:PT(1.0): Child Protection,DOM: Dominican Republic,PT_CHLD_5-17_LBR_ECON: Percentage of children (aged 5-17 years) engaged in child labour (economic activities),_T: Total,Y5T17: 5 to 17 years old,_T: Total,_T: Total,_T: Total,_T: Total,2019,3.1,,PCNT: %,,"While trend data are available, changes in the indicator definitions, age groups covered, as well as the measures and questions used to collect the information have changed over time. These factors affect the comparability of available data sources and require careful review and assessment in order to accurately and reliably draw conclusions about trends over time for most countries. For this reason, trend data for this indicator are not included in UNICEF global databases.",,,,,x: Data refer to years or periods other than those specified in the column heading. Such data are not included in the calculation of regional and global averages. Estimates from data years prior to 2000 are not displayed.,,RP: Reported,,"MICS 2019, UNICEF and ILO calculations",,,,,EOF: End of fieldwork,2019,0: Not Known,
UNICEF:PT(1.0): Child Protection,DOM: Dominican Republic,PT_CHLD_5-17_LBR_ECON: Percentage of children (aged 5-17 years) engaged in child labour (economic activities),M: Male,Y5T17: 5 to 17 years old,_T: Total,_T: Total,_T: Total,_T: Total,2019,4.1,,PCNT: %,,"While trend data are available, changes in the indicator definitions, age groups covered, as well as the measures and questions used to collect the information have changed over time. These factors affect the comparability of available data sources and require careful review and assessment in order to accurately and reliably draw conclusions about trends over time for most countries. For this reason, trend data for this indicator are not included in UNICEF global databases.",,,,,x: Data refer to years or periods other than those specified in the column heading. Such data are not included in the calculation of regional and global averages. Estimates from data years prior to 2000 are not displayed.,,RP: Reported,,"MICS 2019, UNICEF and ILO calculations",,,,,EOF: End of fieldwork,2019,0: Not Known,
UNICEF:PT(1.0): Child Protection,DOM: Dominican Republic,PT_CHLD_5-17_LBR_ECON: Percentage of children (aged 5-17 years) engaged in child labour (economic activities),F: Female,Y5T17: 5 to 17 years old,_T: Total,_T: Total,_T: Total,_T: Total,2019,2,,PCNT: %,,"While trend data are available, changes in the indicator definitions, age groups covered, as well as the measures and questions used to collect the information have changed over time. These factors affect the comparability of available data sources and require careful review and assessment in order to accurately and reliably draw conclusions about trends over time for most countries. For this reason, trend data for this indicator are not included in UNICEF global databases.",,,,,x: Data refer to years or periods other than those specified in the column heading. Such data are not included in the calculation of regional and global averages. Estimates from data years prior to 2000 are not displayed.,,RP: Reported,,"MICS 2019, UNICEF and ILO calculations",,,,,EOF: End of fieldwork,2019,0: Not Known,
UNICEF:PT(1.0): Child Protection,DZA: Algeria,PT_CHLD_5-17_LBR_ECON: Percentage of children (aged 5-17 years) engaged in child labour (economic activities),_T: Total,Y5T17: 5 to 17 years old,_T: Total,_T: Total,_T: Total,_T: Total,2019,1.9,,PCNT: %,,"While trend data are available, changes in the indicator definitions, age groups covered, as well as the measures and questions used to collect the information have changed over time. These factors affect the comparability of available data sources and require careful review and assessment in order to accurately and reliably draw conclusions about trends over time for most countries. For this reason, trend data for this indicator are not included in UNICEF global databases.",,,,,x: Data refer to years or periods other than those specified in the column heading. Such data are not included in the calculation of regional and global averages. Estimates from data years prior to 2000 are not displayed.,,RP: Reported,,"MICS 2018-19, UNICEF and ILO calculations",,,,,EOF: End of fieldwork,2018-19,0: Not Known,
UNICEF:PT(1.0): Child Protection,DZA: Algeria,PT_CHLD_5-17_LBR_ECON: Percentage of children (aged 5-17 years) engaged in child labour (economic activities),M: Male,Y5T17: 5 to 17 years old,_T: Total,_T: Total,_T: Total,_T: Total,2019,2.5,,PCNT: %,,"While trend data are available, changes in the indicator definitions, age groups covered, as well as the measures and questions used to collect the information have changed over time. These factors affect the comparability of available data sources and require careful review and assessment in order to accurately and reliably draw conclusions about trends over time for most countries. For this reason, trend data for this indicator are not included in UNICEF global databases.",,,,,x: Data refer to years or periods other than those specified in the column heading. Such data are not included in the calculation of regional and global averages. Estimates from data years prior to 2000 are not displayed.,,RP: Reported,,"MICS 2018-19, UNICEF and ILO calculations",,,,,EOF: End of fieldwork,2018-19,0: Not Known,
UNICEF:PT(1.0): Child Protection,DZA: Algeria,PT_CHLD_5-17_LBR_ECON: Percentage of children (aged 5-17 years) engaged in child labour (economic activities),F: Female,Y5T17: 5 to 17 years old,_T: Total,_T: Total,_T: Total,_T: Total,2019,1.3,,PCNT: %,,"While trend data are available, changes in the indicator definitions, age groups covered, as well as the measures and questions used to collect the information have changed over time. These factors affect the comparability of available data sources and require careful review and assessment in order to accurately and reliably draw conclusions about trends over time for most countries. For this reason, trend data for this indicator are not included in UNICEF global databases.",,,,,x: Data refer to years or periods other than those specified in the column heading. Such data are not included in the calculation of regional and global averages. Estimates from data years prior to 2000 are not displayed.,,RP: Reported,,"MICS 2018-19, UNICEF and ILO calculations",,,,,EOF: End of fieldwork,2018-19,0: Not Known,
UNICEF:PT(1.0): Child Protection,EGY: Egypt,PT_CHLD_5-17_LBR_ECON: Percentage of children (aged 5-17 years) engaged in child labour (economic activities),_T: Total,Y5T17: 5 to 17 years old,_T: Total,_T: Total,_T: Total,_T: Total,2023,8.5,,PCNT: %,,"While trend data are available, changes in the indicator definitions, age groups covered, as well as the measures and questions used to collect the information have changed over time. These factors affect the comparability of available data sources and require careful review and assessment in order to accurately and reliably draw conclusions about trends over time for most countries. For this reason, trend data for this indicator are not included in UNICEF global databases.",,,,,,,RA: Reanalysed,,"NCLS 2023, UNICEF and ILO calculations",,,,,EOF: End of fieldwork,2023,0: Not Known,
UNICEF:PT(1.0): Child Protection,EGY: Egypt,PT_CHLD_5-17_LBR_ECON: Percentage of children (aged 5-17 years) engaged in child labour (economic activities),M: Male,Y5T17: 5 to 17 years old,_T: Total,_T: Total,_T: Total,_T: Total,2023,11.1,,PCNT: %,,"While trend data are available, changes in the indicator definitions, age groups covered, as well as the measures and questions used to collect the information have changed over time. These factors affect the comparability of available data sources and require careful review and assessment in order to accurately and reliably draw conclusions about trends over time for most countries. For this reason, trend data for this indicator are not included in UNICEF global databases.",,,,,,,RA: Reanalysed,,"NCLS 2023, UNICEF and ILO calculations",,,,,EOF: End of fieldwork,2023,0: Not Known,
UNICEF:PT(1.0): Child Protection,EGY: Egypt,PT_CHLD_5-17_LBR_ECON: Percentage of children (aged 5-17 years) engaged in child labour (economic activities),F: Female,Y5T17: 5 to 17 years old,_T: Total,_T: Total,_T: Total,_T: Total,2023,5.6,,PCNT: %,,"While trend data are available, changes in the indicator definitions, age groups covered, as well as the measures and questions used to collect the information have changed over time. These factors affect the comparability of available data sources and require careful review and assessment in order to accurately and reliably draw conclusions about trends over time for most countries. For this reason, trend data for this indicator are not included in UNICEF global databases.",,,,,,,RA: Reanalysed,,"NCLS 2023, UNICEF and ILO calculations",,,,,EOF: End of fieldwork,2023,0: Not Known,
UNICEF:PT(1.0): Child Protection,ETH: Ethiopia,PT_CHLD_5-17_LBR_ECON: Percentage of children (aged 5-17 years) engaged in child labour (economic activities),_T: Total,Y5T17: 5 to 17 years old,_T: Total,_T: Total,_T: Total,_T: Total,2021,18.7,,PCNT: %,,"While trend data are available, changes in the indicator definitions, age groups covered, as well as the measures and questions used to collect the information have changed over time. These factors affect the comparability of available data sources and require careful review and assessment in order to accurately and reliably draw conclusions about trends over time for most countries. For this reason, trend data for this indicator are not included in UNICEF global databases.",,,,,,,RA: Reanalysed,,"NLFS 2021, UNICEF and ILO calculations",,,,,EOF: End of fieldwork,2021,0: Not Known,
UNICEF:PT(1.0): Child Protection,ETH: Ethiopia,PT_CHLD_5-17_LBR_ECON: Percentage of children (aged 5-17 years) engaged in child labour (economic activities),M: Male,Y5T17: 5 to 17 years old,_T: Total,_T: Total,_T: Total,_T: Total,2021,21.4,,PCNT: %,,"While trend data are available, changes in the indicator definitions, age groups covered, as well as the measures and questions used to collect the information have changed over time. These factors affect the comparability of available data sources and require careful review and assessment in order to accurately and reliably draw conclusions about trends over time for most countries. For this reason, trend data for this indicator are not included in UNICEF global databases.",,,,,,,RA: Reanalysed,,"NLFS 2021, UNICEF and ILO calculations",,,,,EOF: End of fieldwork,2021,0: Not Known,
UNICEF:PT(1.0): Child Protection,ETH: Ethiopia,PT_CHLD_5-17_LBR_ECON: Percentage of children (aged 5-17 years) engaged in child labour (economic activities),F: Female,Y5T17: 5 to 17 years old,_T: Total,_T: Total,_T: Total,_T: Total,2021,15.9,,PCNT: %,,"While trend data are available, changes in the indicator definitions, age groups covered, as well as the measures and questions used to collect the information have changed over time. These factors affect the comparability of available data sources and require careful review and assessment in order to accurately and reliably draw conclusions about trends over time for most countries. For this reason, trend data for this indicator are not included in UNICEF global databases.",,,,,,,RA: Reanalysed,,"NLFS 2021, UNICEF and ILO calculations",,,,,EOF: End of fieldwork,2021,0: Not Known,
UNICEF:PT(1.0): Child Protection,FJI: Fiji,PT_CHLD_5-17_LBR_ECON: Percentage of children (aged 5-17 years) engaged in child labour (economic activities),_T: Total,Y5T17: 5 to 17 years old,_T: Total,_T: Total,_T: Total,_T: Total,2021,15.6,,PCNT: %,,"While trend data are available, changes in the indicator definitions, age groups covered, as well as the measures and questions used to collect the information have changed over time. These factors affect the comparability of available data sources and require careful review and assessment in order to accurately and reliably draw conclusions about trends over time for most countries. For this reason, trend data for this indicator are not included in UNICEF global databases.",,,,,,,RP: Reported,,"MICS 2021, UNICEF and ILO calculations",,,,,EOF: End of fieldwork,2021,0: Not Known,
UNICEF:PT(1.0): Child Protection,FJI: Fiji,PT_CHLD_5-17_LBR_ECON: Percentage of children (aged 5-17 years) engaged in child labour (economic activities),M: Male,Y5T17: 5 to 17 years old,_T: Total,_T: Total,_T: Total,_T: Total,2021,18.8,,PCNT: %,,"While trend data are available, changes in the indicator definitions, age groups covered, as well as the measures and questions used to collect the information have changed over time. These factors affect the comparability of available data sources and require careful review and assessment in order to accurately and reliably draw conclusions about trends over time for most countries. For this reason, trend data for this indicator are not included in UNICEF global databases.",,,,,,,RP: Reported,,"MICS 2021, UNICEF and ILO calculations",,,,,EOF: End of fieldwork,2021,0: Not Known,
UNICEF:PT(1.0): Child Protection,FJI: Fiji,PT_CHLD_5-17_LBR_ECON: Percentage of children (aged 5-17 years) engaged in child labour (economic activities),F: Female,Y5T17: 5 to 17 years old,_T: Total,_T: Total,_T: Total,_T: Total,2021,12.3,,PCNT: %,,"While trend data are available, changes in the indicator definitions, age groups covered, as well as the measures and questions used to collect the information have changed over time. These factors affect the comparability of available data sources and require careful review and assessment in order to accurately and reliably draw conclusions about trends over time for most countries. For this reason, trend data for this indicator are not included in UNICEF global databases.",,,,,,,RP: Reported,,"MICS 2021, UNICEF and ILO calculations",,,,,EOF: End of fieldwork,2021,0: Not Known,
UNICEF:PT(1.0): Child Protection,GAB: Gabon,PT_CHLD_5-17_LBR_ECON: Percentage of children (aged 5-17 years) engaged in child labour (economic activities),_T: Total,Y5T17: 5 to 17 years old,_T: Total,_T: Total,_T: Total,_T: Total,2021,5.4,,PCNT: %,,"While trend data are available, changes in the indicator definitions, age groups covered, as well as the measures and questions used to collect the information have changed over time. These factors affect the comparability of available data sources and require careful review and assessment in order to accurately and reliably draw conclusions about trends over time for most countries. For this reason, trend data for this indicator are not included in UNICEF global databases.",,,,,,,RP: Reported,,"DHS 2019-21, UNICEF and ILO calculations",,,,,EOF: End of fieldwork,2019-21,0: Not Known,
UNICEF:PT(1.0): Child Protection,GAB: Gabon,PT_CHLD_5-17_LBR_ECON: Percentage of children (aged 5-17 years) engaged in child labour (economic activities),M: Male,Y5T17: 5 to 17 years old,_T: Total,_T: Total,_T: Total,_T: Total,2021,7,,PCNT: %,,"While trend data are available, changes in the indicator definitions, age groups covered, as well as the measures and questions used to collect the information have changed over time. These factors affect the comparability of available data sources and require careful review and assessment in order to accurately and reliably draw conclusions about trends over time for most countries. For this reason, trend data for this indicator are not included in UNICEF global databases.",,,,,,,RP: Reported,,"DHS 2019-21, UNICEF and ILO calculations",,,,,EOF: End of fieldwork,2019-21,0: Not Known,
UNICEF:PT(1.0): Child Protection,GAB: Gabon,PT_CHLD_5-17_LBR_ECON: Percentage of children (aged 5-17 years) engaged in child labour (economic activities),F: Female,Y5T17: 5 to 17 years old,_T: Total,_T: Total,_T: Total,_T: Total,2021,3.9,,PCNT: %,,"While trend data are available, changes in the indicator definitions, age groups covered, as well as the measures and questions used to collect the information have changed over time. These factors affect the comparability of available data sources and require careful review and assessment in order to accurately and reliably draw conclusions about trends over time for most countries. For this reason, trend data for this indicator are not included in UNICEF global databases.",,,,,,,RP: Reported,,"DHS 2019-21, UNICEF and ILO calculations",,,,,EOF: End of fieldwork,2019-21,0: Not Known,
UNICEF:PT(1.0): Child Protection,GHA: Ghana,PT_CHLD_5-17_LBR_ECON: Percentage of children (aged 5-17 years) engaged in child labour (economic activities),_T: Total,Y5T17: 5 to 17 years old,_T: Total,_T: Total,_T: Total,_T: Total,2022,5.5,,PCNT: %,,"While trend data are available, changes in the indicator definitions, age groups covered, as well as the measures and questions used to collect the information have changed over time. These factors affect the comparability of available data sources and require careful review and assessment in order to accurately and reliably draw conclusions about trends over time for most countries. For this reason, trend data for this indicator are not included in UNICEF global databases.",,,,,,,RA: Reanalysed,,"HIES 2022, UNICEF and ILO calculations",,,,,EOF: End of fieldwork,2022,0: Not Known,
UNICEF:PT(1.0): Child Protection,GHA: Ghana,PT_CHLD_5-17_LBR_ECON: Percentage of children (aged 5-17 years) engaged in child labour (economic activities),M: Male,Y5T17: 5 to 17 years old,_T: Total,_T: Total,_T: Total,_T: Total,2022,5.9,,PCNT: %,,"While trend data are available, changes in the indicator definitions, age groups covered, as well as the measures and questions used to collect the information have changed over time. These factors affect the comparability of available data sources and require careful review and assessment in order to accurately and reliably draw conclusions about trends over time for most countries. For this reason, trend data for this indicator are not included in UNICEF global databases.",,,,,,,RA: Reanalysed,,"HIES 2022, UNICEF and ILO calculations",,,,,EOF: End of fieldwork,2022,0: Not Known,
UNICEF:PT(1.0): Child Protection,GHA: Ghana,PT_CHLD_5-17_LBR_ECON: Percentage of children (aged 5-17 years) engaged in child labour (economic activities),F: Female,Y5T17: 5 to 17 years old,_T: Total,_T: Total,_T: Total,_T: Total,2022,5,,PCNT: %,,"While trend data are available, changes in the indicator definitions, age groups covered, as well as the measures and questions used to collect the information have changed over time. These factors affect the comparability of available data sources and require careful review and assessment in order to accurately and reliably draw conclusions about trends over time for most countries. For this reason, trend data for this indicator are not included in UNICEF global databases.",,,,,,,RA: Reanalysed,,"HIES 2022, UNICEF and ILO calculations",,,,,EOF: End of fieldwork,2022,0: Not Known,
UNICEF:PT(1.0): Child Protection,GIN: Guinea,PT_CHLD_5-17_LBR_ECON: Percentage of children (aged 5-17 years) engaged in child labour (economic activities),_T: Total,Y5T17: 5 to 17 years old,_T: Total,_T: Total,_T: Total,_T: Total,2016,19.5,,PCNT: %,,"While trend data are available, changes in the indicator definitions, age groups covered, as well as the measures and questions used to collect the information have changed over time. These factors affect the comparability of available data sources and require careful review and assessment in order to accurately and reliably draw conclusions about trends over time for most countries. For this reason, trend data for this indicator are not included in UNICEF global databases.",,,,,x: Data refer to years or periods other than those specified in the column heading. Such data are not included in the calculation of regional and global averages. Estimates from data years prior to 2000 are not displayed.,,RA: Reanalysed,,"MICS 2016, UNICEF and ILO calculations",,,,,EOF: End of fieldwork,2016,0: Not Known,
UNICEF:PT(1.0): Child Protection,GIN: Guinea,PT_CHLD_5-17_LBR_ECON: Percentage of children (aged 5-17 years) engaged in child labour (economic activities),M: Male,Y5T17: 5 to 17 years old,_T: Total,_T: Total,_T: Total,_T: Total,2016,21.1,,PCNT: %,,"While trend data are available, changes in the indicator definitions, age groups covered, as well as the measures and questions used to collect the information have changed over time. These factors affect the comparability of available data sources and require careful review and assessment in order to accurately and reliably draw conclusions about trends over time for most countries. For this reason, trend data for this indicator are not included in UNICEF global databases.",,,,,x: Data refer to years or periods other than those specified in the column heading. Such data are not included in the calculation of regional and global averages. Estimates from data years prior to 2000 are not displayed.,,RA: Reanalysed,,"MICS 2016, UNICEF and ILO calculations",,,,,EOF: End of fieldwork,2016,0: Not Known,
UNICEF:PT(1.0): Child Protection,GIN: Guinea,PT_CHLD_5-17_LBR_ECON: Percentage of children (aged 5-17 years) engaged in child labour (economic activities),F: Female,Y5T17: 5 to 17 years old,_T: Total,_T: Total,_T: Total,_T: Total,2016,17.8,,PCNT: %,,"While trend data are available, changes in the indicator definitions, age groups covered, as well as the measures and questions used to collect the information have changed over time. These factors affect the comparability of available data sources and require careful review and assessment in order to accurately and reliably draw conclusions about trends over time for most countries. For this reason, trend data for this indicator are not included in UNICEF global databases.",,,,,x: Data refer to years or periods other than those specified in the column heading. Such data are not included in the calculation of regional and global averages. Estimates from data years prior to 2000 are not displayed.,,RA: Reanalysed,,"MICS 2016, UNICEF and ILO calculations",,,,,EOF: End of fieldwork,2016,0: Not Known,
UNICEF:PT(1.0): Child Protection,GMB: Gambia,PT_CHLD_5-17_LBR_ECON: Percentage of children (aged 5-17 years) engaged in child labour (economic activities),_T: Total,Y5T17: 5 to 17 years old,_T: Total,_T: Total,_T: Total,_T: Total,2023,15.1,,PCNT: %,,"While trend data are available, changes in the indicator definitions, age groups covered, as well as the measures and questions used to collect the information have changed over time. These factors affect the comparability of available data sources and require careful review and assessment in order to accurately and reliably draw conclusions about trends over time for most countries. For this reason, trend data for this indicator are not included in UNICEF global databases.",,,,,,,RA: Reanalysed,,"LFS 2022-23, UNICEF and ILO calculations",,,,,EOF: End of fieldwork,2022-23,0: Not Known,
UNICEF:PT(1.0): Child Protection,GMB: Gambia,PT_CHLD_5-17_LBR_ECON: Percentage of children (aged 5-17 years) engaged in child labour (economic activities),M: Male,Y5T17: 5 to 17 years old,_T: Total,_T: Total,_T: Total,_T: Total,2023,16,,PCNT: %,,"While trend data are available, changes in the indicator definitions, age groups covered, as well as the measures and questions used to collect the information have changed over time. These factors affect the comparability of available data sources and require careful review and assessment in order to accurately and reliably draw conclusions about trends over time for most countries. For this reason, trend data for this indicator are not included in UNICEF global databases.",,,,,,,RA: Reanalysed,,"LFS 2022-23, UNICEF and ILO calculations",,,,,EOF: End of fieldwork,2022-23,0: Not Known,
UNICEF:PT(1.0): Child Protection,GMB: Gambia,PT_CHLD_5-17_LBR_ECON: Percentage of children (aged 5-17 years) engaged in child labour (economic activities),F: Female,Y5T17: 5 to 17 years old,_T: Total,_T: Total,_T: Total,_T: Total,2023,14.1,,PCNT: %,,"While trend data are available, changes in the indicator definitions, age groups covered, as well as the measures and questions used to collect the information have changed over time. These factors affect the comparability of available data sources and require careful review and assessment in order to accurately and reliably draw conclusions about trends over time for most countries. For this reason, trend data for this indicator are not included in UNICEF global databases.",,,,,,,RA: Reanalysed,,"LFS 2022-23, UNICEF and ILO calculations",,,,,EOF: End of fieldwork,2022-23,0: Not Known,
UNICEF:PT(1.0): Child Protection,GNB: Guinea-Bissau,PT_CHLD_5-17_LBR_ECON: Percentage of children (aged 5-17 years) engaged in child labour (economic activities),_T: Total,Y5T17: 5 to 17 years old,_T: Total,_T: Total,_T: Total,_T: Total,2022,30.4,,PCNT: %,,"While trend data are available, changes in the indicator definitions, age groups covered, as well as the measures and questions used to collect the information have changed over time. These factors affect the comparability of available data sources and require careful review and assessment in order to accurately and reliably draw conclusions about trends over time for most countries. For this reason, trend data for this indicator are not included in UNICEF global databases.",,,,,,,RA: Reanalysed,,"EHCVM 2022, UNICEF and ILO calculations",,,,,EOF: End of fieldwork,2022,0: Not Known,
UNICEF:PT(1.0): Child Protection,GNB: Guinea-Bissau,PT_CHLD_5-17_LBR_ECON: Percentage of children (aged 5-17 years) engaged in child labour (economic activities),M: Male,Y5T17: 5 to 17 years old,_T: Total,_T: Total,_T: Total,_T: Total,2022,30,,PCNT: %,,"While trend data are available, changes in the indicator definitions, age groups covered, as well as the measures and questions used to collect the information have changed over time. These factors affect the comparability of available data sources and require careful review and assessment in order to accurately and reliably draw conclusions about trends over time for most countries. For this reason, trend data for this indicator are not included in UNICEF global databases.",,,,,,,RA: Reanalysed,,"EHCVM 2022, UNICEF and ILO calculations",,,,,EOF: End of fieldwork,2022,0: Not Known,
UNICEF:PT(1.0): Child Protection,GNB: Guinea-Bissau,PT_CHLD_5-17_LBR_ECON: Percentage of children (aged 5-17 years) engaged in child labour (economic activities),F: Female,Y5T17: 5 to 17 years old,_T: Total,_T: Total,_T: Total,_T: Total,2022,30.7,,PCNT: %,,"While trend data are available, changes in the indicator definitions, age groups covered, as well as the measures and questions used to collect the information have changed over time. These factors affect the comparability of available data sources and require careful review and assessment in order to accurately and reliably draw conclusions about trends over time for most countries. For this reason, trend data for this indicator are not included in UNICEF global databases.",,,,,,,RA: Reanalysed,,"EHCVM 2022, UNICEF and ILO calculations",,,,,EOF: End of fieldwork,2022,0: Not Known,
UNICEF:PT(1.0): Child Protection,GTM: Guatemala,PT_CHLD_5-17_LBR_ECON: Percentage of children (aged 5-17 years) engaged in child labour (economic activities),_T: Total,Y7T17: 7 to 17 years old,_T: Total,_T: Total,_T: Total,_T: Total,2022,12.2,,PCNT: %,,"While trend data are available, changes in the indicator definitions, age groups covered, as well as the measures and questions used to collect the information have changed over time. These factors affect the comparability of available data sources and require careful review and assessment in order to accurately and reliably draw conclusions about trends over time for most countries. For this reason, trend data for this indicator are not included in UNICEF global databases.",,,,,,"y: Data differ from the standard definition or refer to only part of a country. If they fall within the noted reference period, such data are included in the calculation of regional and global averages.",RA: Reanalysed,,"ENEI 2022, UNICEF and ILO calculations",,,,,EOF: End of fieldwork,2022,0: Not Known,Age is 7-17 years
UNICEF:PT(1.0): Child Protection,GTM: Guatemala,PT_CHLD_5-17_LBR_ECON: Percentage of children (aged 5-17 years) engaged in child labour (economic activities),M: Male,Y7T17: 7 to 17 years old,_T: Total,_T: Total,_T: Total,_T: Total,2022,15.5,,PCNT: %,,"While trend data are available, changes in the indicator definitions, age groups covered, as well as the measures and questions used to collect the information have changed over time. These factors affect the comparability of available data sources and require careful review and assessment in order to accurately and reliably draw conclusions about trends over time for most countries. For this reason, trend data for this indicator are not included in UNICEF global databases.",,,,,,"y: Data differ from the standard definition or refer to only part of a country. If they fall within the noted reference period, such data are included in the calculation of regional and global averages.",RA: Reanalysed,,"ENEI 2022, UNICEF and ILO calculations",,,,,EOF: End of fieldwork,2022,0: Not Known,Age is 7-17 years
UNICEF:PT(1.0): Child Protection,GTM: Guatemala,PT_CHLD_5-17_LBR_ECON: Percentage of children (aged 5-17 years) engaged in child labour (economic activities),F: Female,Y7T17: 7 to 17 years old,_T: Total,_T: Total,_T: Total,_T: Total,2022,8.9,,PCNT: %,,"While trend data are available, changes in the indicator definitions, age groups covered, as well as the measures and questions used to collect the information have changed over time. These factors affect the comparability of available data sources and require careful review and assessment in order to accurately and reliably draw conclusions about trends over time for most countries. For this reason, trend data for this indicator are not included in UNICEF global databases.",,,,,,"y: Data differ from the standard definition or refer to only part of a country. If they fall within the noted reference period, such data are included in the calculation of regional and global averages.",RA: Reanalysed,,"ENEI 2022, UNICEF and ILO calculations",,,,,EOF: End of fieldwork,2022,0: Not Known,Age is 7-17 years
UNICEF:PT(1.0): Child Protection,GUY: Guyana,PT_CHLD_5-17_LBR_ECON: Percentage of children (aged 5-17 years) engaged in child labour (economic activities),_T: Total,Y5T17: 5 to 17 years old,_T: Total,_T: Total,_T: Total,_T: Total,2020,4.9,,PCNT: %,,"While trend data are available, changes in the indicator definitions, age groups covered, as well as the measures and questions used to collect the information have changed over time. These factors affect the comparability of available data sources and require careful review and assessment in order to accurately and reliably draw conclusions about trends over time for most countries. For this reason, trend data for this indicator are not included in UNICEF global databases.",,,,,,,RA: Reanalysed,,"MICS 2019-20, UNICEF and ILO calculations",,,,,EOF: End of fieldwork,2019-20,0: Not Known,
UNICEF:PT(1.0): Child Protection,GUY: Guyana,PT_CHLD_5-17_LBR_ECON: Percentage of children (aged 5-17 years) engaged in child labour (economic activities),M: Male,Y5T17: 5 to 17 years old,_T: Total,_T: Total,_T: Total,_T: Total,2020,5.1,,PCNT: %,,"While trend data are available, changes in the indicator definitions, age groups covered, as well as the measures and questions used to collect the information have changed over time. These factors affect the comparability of available data sources and require careful review and assessment in order to accurately and reliably draw conclusions about trends over time for most countries. For this reason, trend data for this indicator are not included in UNICEF global databases.",,,,,,,RA: Reanalysed,,"MICS 2019-20, UNICEF and ILO calculations",,,,,EOF: End of fieldwork,2019-20,0: Not Known,
UNICEF:PT(1.0): Child Protection,GUY: Guyana,PT_CHLD_5-17_LBR_ECON: Percentage of children (aged 5-17 years) engaged in child labour (economic activities),F: Female,Y5T17: 5 to 17 years old,_T: Total,_T: Total,_T: Total,_T: Total,2020,4.6,,PCNT: %,,"While trend data are available, changes in the indicator definitions, age groups covered, as well as the measures and questions used to collect the information have changed over time. These factors affect the comparability of available data sources and require careful review and assessment in order to accurately and reliably draw conclusions about trends over time for most countries. For this reason, trend data for this indicator are not included in UNICEF global databases.",,,,,,,RA: Reanalysed,,"MICS 2019-20, UNICEF and ILO calculations",,,,,EOF: End of fieldwork,2019-20,0: Not Known,
UNICEF:PT(1.0): Child Protection,HND: Honduras,PT_CHLD_5-17_LBR_ECON: Percentage of children (aged 5-17 years) engaged in child labour (economic activities),_T: Total,Y5T17: 5 to 17 years old,_T: Total,_T: Total,_T: Total,_T: Total,2023,12.9,,PCNT: %,,"While trend data are available, changes in the indicator definitions, age groups covered, as well as the measures and questions used to collect the information have changed over time. These factors affect the comparability of available data sources and require careful review and assessment in order to accurately and reliably draw conclusions about trends over time for most countries. For this reason, trend data for this indicator are not included in UNICEF global databases.",,,,,,,RA: Reanalysed,,"ENTIH 2023, UNICEF and ILO calculations",,,,,EOF: End of fieldwork,2023,0: Not Known,
UNICEF:PT(1.0): Child Protection,HND: Honduras,PT_CHLD_5-17_LBR_ECON: Percentage of children (aged 5-17 years) engaged in child labour (economic activities),M: Male,Y5T17: 5 to 17 years old,_T: Total,_T: Total,_T: Total,_T: Total,2023,17.5,,PCNT: %,,"While trend data are available, changes in the indicator definitions, age groups covered, as well as the measures and questions used to collect the information have changed over time. These factors affect the comparability of available data sources and require careful review and assessment in order to accurately and reliably draw conclusions about trends over time for most countries. For this reason, trend data for this indicator are not included in UNICEF global databases.",,,,,,,RA: Reanalysed,,"ENTIH 2023, UNICEF and ILO calculations",,,,,EOF: End of fieldwork,2023,0: Not Known,
UNICEF:PT(1.0): Child Protection,HND: Honduras,PT_CHLD_5-17_LBR_ECON: Percentage of children (aged 5-17 years) engaged in child labour (economic activities),F: Female,Y5T17: 5 to 17 years old,_T: Total,_T: Total,_T: Total,_T: Total,2023,8.2,,PCNT: %,,"While trend data are available, changes in the indicator definitions, age groups covered, as well as the measures and questions used to collect the information have changed over time. These factors affect the comparability of available data sources and require careful review and assessment in order to accurately and reliably draw conclusions about trends over time for most countries. For this reason, trend data for this indicator are not included in UNICEF global databases.",,,,,,,RA: Reanalysed,,"ENTIH 2023, UNICEF and ILO calculations",,,,,EOF: End of fieldwork,2023,0: Not Known,
UNICEF:PT(1.0): Child Protection,IRQ: Iraq,PT_CHLD_5-17_LBR_ECON: Percentage of children (aged 5-17 years) engaged in child labour (economic activities),_T: Total,Y5T17: 5 to 17 years old,_T: Total,_T: Total,_T: Total,_T: Total,2018,3.1,,PCNT: %,,"While trend data are available, changes in the indicator definitions, age groups covered, as well as the measures and questions used to collect the information have changed over time. These factors affect the comparability of available data sources and require careful review and assessment in order to accurately and reliably draw conclusions about trends over time for most countries. For this reason, trend data for this indicator are not included in UNICEF global databases.",,,,,x: Data refer to years or periods other than those specified in the column heading. Such data are not included in the calculation of regional and global averages. Estimates from data years prior to 2000 are not displayed.,,RA: Reanalysed,,"MICS 2018, UNICEF and ILO calculations",,,,,EOF: End of fieldwork,2018,0: Not Known,
UNICEF:PT(1.0): Child Protection,IRQ: Iraq,PT_CHLD_5-17_LBR_ECON: Percentage of children (aged 5-17 years) engaged in child labour (economic activities),M: Male,Y5T17: 5 to 17 years old,_T: Total,_T: Total,_T: Total,_T: Total,2018,4.3,,PCNT: %,,"While trend data are available, changes in the indicator definitions, age groups covered, as well as the measures and questions used to collect the information have changed over time. These factors affect the comparability of available data sources and require careful review and assessment in order to accurately and reliably draw conclusions about trends over time for most countries. For this reason, trend data for this indicator are not included in UNICEF global databases.",,,,,x: Data refer to years or periods other than those specified in the column heading. Such data are not included in the calculation of regional and global averages. Estimates from data years prior to 2000 are not displayed.,,RA: Reanalysed,,"MICS 2018, UNICEF and ILO calculations",,,,,EOF: End of fieldwork,2018,0: Not Known,
UNICEF:PT(1.0): Child Protection,IRQ: Iraq,PT_CHLD_5-17_LBR_ECON: Percentage of children (aged 5-17 years) engaged in child labour (economic activities),F: Female,Y5T17: 5 to 17 years old,_T: Total,_T: Total,_T: Total,_T: Total,2018,1.9,,PCNT: %,,"While trend data are available, changes in the indicator definitions, age groups covered, as well as the measures and questions used to collect the information have changed over time. These factors affect the comparability of available data sources and require careful review and assessment in order to accurately and reliably draw conclusions about trends over time for most countries. For this reason, trend data for this indicator are not included in UNICEF global databases.",,,,,x: Data refer to years or periods other than those specified in the column heading. Such data are not included in the calculation of regional and global averages. Estimates from data years prior to 2000 are not displayed.,,RA: Reanalysed,,"MICS 2018, UNICEF and ILO calculations",,,,,EOF: End of fieldwork,2018,0: Not Known,
UNICEF:PT(1.0): Child Protection,JAM: Jamaica,PT_CHLD_5-17_LBR_ECON: Percentage of children (aged 5-17 years) engaged in child labour (economic activities),_T: Total,Y5T17: 5 to 17 years old,_T: Total,_T: Total,_T: Total,_T: Total,2022,2.6,,PCNT: %,,"While trend data are available, changes in the indicator definitions, age groups covered, as well as the measures and questions used to collect the information have changed over time. These factors affect the comparability of available data sources and require careful review and assessment in order to accurately and reliably draw conclusions about trends over time for most countries. For this reason, trend data for this indicator are not included in UNICEF global databases.",,,,,,,RP: Reported,,"MICS 2022, UNICEF and ILO calculations",,,,,EOF: End of fieldwork,2022,0: Not Known,
UNICEF:PT(1.0): Child Protection,JAM: Jamaica,PT_CHLD_5-17_LBR_ECON: Percentage of children (aged 5-17 years) engaged in child labour (economic activities),M: Male,Y5T17: 5 to 17 years old,_T: Total,_T: Total,_T: Total,_T: Total,2022,3,,PCNT: %,,"While trend data are available, changes in the indicator definitions, age groups covered, as well as the measures and questions used to collect the information have changed over time. These factors affect the comparability of available data sources and require careful review and assessment in order to accurately and reliably draw conclusions about trends over time for most countries. For this reason, trend data for this indicator are not included in UNICEF global databases.",,,,,,,RP: Reported,,"MICS 2022, UNICEF and ILO calculations",,,,,EOF: End of fieldwork,2022,0: Not Known,
UNICEF:PT(1.0): Child Protection,JAM: Jamaica,PT_CHLD_5-17_LBR_ECON: Percentage of children (aged 5-17 years) engaged in child labour (economic activities),F: Female,Y5T17: 5 to 17 years old,_T: Total,_T: Total,_T: Total,_T: Total,2022,2.1,,PCNT: %,,"While trend data are available, changes in the indicator definitions, age groups covered, as well as the measures and questions used to collect the information have changed over time. These factors affect the comparability of available data sources and require careful review and assessment in order to accurately and reliably draw conclusions about trends over time for most countries. For this reason, trend data for this indicator are not included in UNICEF global databases.",,,,,,,RP: Reported,,"MICS 2022, UNICEF and ILO calculations",,,,,EOF: End of fieldwork,2022,0: Not Known,
UNICEF:PT(1.0): Child Protection,JOR: Jordan,PT_CHLD_5-17_LBR_ECON: Percentage of children (aged 5-17 years) engaged in child labour (economic activities),_T: Total,Y5T17: 5 to 17 years old,_T: Total,_T: Total,_T: Total,_T: Total,2016,1.2,,PCNT: %,,"While trend data are available, changes in the indicator definitions, age groups covered, as well as the measures and questions used to collect the information have changed over time. These factors affect the comparability of available data sources and require careful review and assessment in order to accurately and reliably draw conclusions about trends over time for most countries. For this reason, trend data for this indicator are not included in UNICEF global databases.",,,,,x: Data refer to years or periods other than those specified in the column heading. Such data are not included in the calculation of regional and global averages. Estimates from data years prior to 2000 are not displayed.,,RA: Reanalysed,,"CLS 2016, ILO Harmonized Microdata, https://ilostat.ilo.org/",,,,,EOF: End of fieldwork,2016,0: Not Known,
UNICEF:PT(1.0): Child Protection,JOR: Jordan,PT_CHLD_5-17_LBR_ECON: Percentage of children (aged 5-17 years) engaged in child labour (economic activities),M: Male,Y5T17: 5 to 17 years old,_T: Total,_T: Total,_T: Total,_T: Total,2016,2.2,,PCNT: %,,"While trend data are available, changes in the indicator definitions, age groups covered, as well as the measures and questions used to collect the information have changed over time. These factors affect the comparability of available data sources and require careful review and assessment in order to accurately and reliably draw conclusions about trends over time for most countries. For this reason, trend data for this indicator are not included in UNICEF global databases.",,,,,x: Data refer to years or periods other than those specified in the column heading. Such data are not included in the calculation of regional and global averages. Estimates from data years prior to 2000 are not displayed.,,RA: Reanalysed,,"CLS 2016, ILO Harmonized Microdata, https://ilostat.ilo.org/",,,,,EOF: End of fieldwork,2016,0: Not Known,
UNICEF:PT(1.0): Child Protection,JOR: Jordan,PT_CHLD_5-17_LBR_ECON: Percentage of children (aged 5-17 years) engaged in child labour (economic activities),F: Female,Y5T17: 5 to 17 years old,_T: Total,_T: Total,_T: Total,_T: Total,2016,0.2,,PCNT: %,,"While trend data are available, changes in the indicator definitions, age groups covered, as well as the measures and questions used to collect the information have changed over time. These factors affect the comparability of available data sources and require careful review and assessment in order to accurately and reliably draw conclusions about trends over time for most countries. For this reason, trend data for this indicator are not included in UNICEF global databases.",,,,,x: Data refer to years or periods other than those specified in the column heading. Such data are not included in the calculation of regional and global averages. Estimates from data years prior to 2000 are not displayed.,,RA: Reanalysed,,"CLS 2016, ILO Harmonized Microdata, https://ilostat.ilo.org/",,,,,EOF: End of fieldwork,2016,0: Not Known,
UNICEF:PT(1.0): Child Protection,KEN: Kenya,PT_CHLD_5-17_LBR_ECON: Percentage of children (aged 5-17 years) engaged in child labour (economic activities),_T: Total,Y5T17: 5 to 17 years old,_T: Total,_T: Total,_T: Total,_T: Total,2021,4.3,,PCNT: %,,"While trend data are available, changes in the indicator definitions, age groups covered, as well as the measures and questions used to collect the information have changed over time. These factors affect the comparability of available data sources and require careful review and assessment in order to accurately and reliably draw conclusions about trends over time for most countries. For this reason, trend data for this indicator are not included in UNICEF global databases.",,,,,,,RA: Reanalysed,,"CHS 2021, UNICEF and ILO calculations",,,,,EOF: End of fieldwork,2021,0: Not Known,
UNICEF:PT(1.0): Child Protection,KEN: Kenya,PT_CHLD_5-17_LBR_ECON: Percentage of children (aged 5-17 years) engaged in child labour (economic activities),M: Male,Y5T17: 5 to 17 years old,_T: Total,_T: Total,_T: Total,_T: Total,2021,5.3,,PCNT: %,,"While trend data are available, changes in the indicator definitions, age groups covered, as well as the measures and questions used to collect the information have changed over time. These factors affect the comparability of available data sources and require careful review and assessment in order to accurately and reliably draw conclusions about trends over time for most countries. For this reason, trend data for this indicator are not included in UNICEF global databases.",,,,,,,RA: Reanalysed,,"CHS 2021, UNICEF and ILO calculations",,,,,EOF: End of fieldwork,2021,0: Not Known,
UNICEF:PT(1.0): Child Protection,KEN: Kenya,PT_CHLD_5-17_LBR_ECON: Percentage of children (aged 5-17 years) engaged in child labour (economic activities),F: Female,Y5T17: 5 to 17 years old,_T: Total,_T: Total,_T: Total,_T: Total,2021,3.2,,PCNT: %,,"While trend data are available, changes in the indicator definitions, age groups covered, as well as the measures and questions used to collect the information have changed over time. These factors affect the comparability of available data sources and require careful review and assessment in order to accurately and reliably draw conclusions about trends over time for most countries. For this reason, trend data for this indicator are not included in UNICEF global databases.",,,,,,,RA: Reanalysed,,"CHS 2021, UNICEF and ILO calculations",,,,,EOF: End of fieldwork,2021,0: Not Known,
UNICEF:PT(1.0): Child Protection,KGZ: Kyrgyzstan,PT_CHLD_5-17_LBR_ECON: Percentage of children (aged 5-17 years) engaged in child labour (economic activities),_T: Total,Y5T17: 5 to 17 years old,_T: Total,_T: Total,_T: Total,_T: Total,2023,18,,PCNT: %,,"While trend data are available, changes in the indicator definitions, age groups covered, as well as the measures and questions used to collect the information have changed over time. These factors affect the comparability of available data sources and require careful review and assessment in order to accurately and reliably draw conclusions about trends over time for most countries. For this reason, trend data for this indicator are not included in UNICEF global databases.",,,,,,,RP: Reported,,"MICS 2023, UNICEF and ILO calculations",,,,,EOF: End of fieldwork,2023,0: Not Known,
UNICEF:PT(1.0): Child Protection,KGZ: Kyrgyzstan,PT_CHLD_5-17_LBR_ECON: Percentage of children (aged 5-17 years) engaged in child labour (economic activities),M: Male,Y5T17: 5 to 17 years old,_T: Total,_T: Total,_T: Total,_T: Total,2023,21.6,,PCNT: %,,"While trend data are available, changes in the indicator definitions, age groups covered, as well as the measures and questions used to collect the information have changed over time. These factors affect the comparability of available data sources and require careful review and assessment in order to accurately and reliably draw conclusions about trends over time for most countries. For this reason, trend data for this indicator are not included in UNICEF global databases.",,,,,,,RP: Reported,,"MICS 2023, UNICEF and ILO calculations",,,,,EOF: End of fieldwork,2023,0: Not Known,
UNICEF:PT(1.0): Child Protection,KGZ: Kyrgyzstan,PT_CHLD_5-17_LBR_ECON: Percentage of children (aged 5-17 years) engaged in child labour (economic activities),F: Female,Y5T17: 5 to 17 years old,_T: Total,_T: Total,_T: Total,_T: Total,2023,14.3,,PCNT: %,,"While trend data are available, changes in the indicator definitions, age groups covered, as well as the measures and questions used to collect the information have changed over time. These factors affect the comparability of available data sources and require careful review and assessment in order to accurately and reliably draw conclusions about trends over time for most countries. For this reason, trend data for this indicator are not included in UNICEF global databases.",,,,,,,RP: Reported,,"MICS 2023, UNICEF and ILO calculations",,,,,EOF: End of fieldwork,2023,0: Not Known,
UNICEF:PT(1.0): Child Protection,KHM: Cambodia,PT_CHLD_5-17_LBR_ECON: Percentage of children (aged 5-17 years) engaged in child labour (economic activities),_T: Total,Y5T17: 5 to 17 years old,_T: Total,_T: Total,_T: Total,_T: Total,2023,7.8,,PCNT: %,,"While trend data are available, changes in the indicator definitions, age groups covered, as well as the measures and questions used to collect the information have changed over time. These factors affect the comparability of available data sources and require careful review and assessment in order to accurately and reliably draw conclusions about trends over time for most countries. For this reason, trend data for this indicator are not included in UNICEF global databases.",,,,,,,RA: Reanalysed,,"HSES 2023, UNICEF and ILO calculations",,,,,EOF: End of fieldwork,2023,0: Not Known,
UNICEF:PT(1.0): Child Protection,KHM: Cambodia,PT_CHLD_5-17_LBR_ECON: Percentage of children (aged 5-17 years) engaged in child labour (economic activities),M: Male,Y5T17: 5 to 17 years old,_T: Total,_T: Total,_T: Total,_T: Total,2023,8.4,,PCNT: %,,"While trend data are available, changes in the indicator definitions, age groups covered, as well as the measures and questions used to collect the information have changed over time. These factors affect the comparability of available data sources and require careful review and assessment in order to accurately and reliably draw conclusions about trends over time for most countries. For this reason, trend data for this indicator are not included in UNICEF global databases.",,,,,,,RA: Reanalysed,,"HSES 2023, UNICEF and ILO calculations",,,,,EOF: End of fieldwork,2023,0: Not Known,
UNICEF:PT(1.0): Child Protection,KHM: Cambodia,PT_CHLD_5-17_LBR_ECON: Percentage of children (aged 5-17 years) engaged in child labour (economic activities),F: Female,Y5T17: 5 to 17 years old,_T: Total,_T: Total,_T: Total,_T: Total,2023,7.1,,PCNT: %,,"While trend data are available, changes in the indicator definitions, age groups covered, as well as the measures and questions used to collect the information have changed over time. These factors affect the comparability of available data sources and require careful review and assessment in order to accurately and reliably draw conclusions about trends over time for most countries. For this reason, trend data for this indicator are not included in UNICEF global databases.",,,,,,,RA: Reanalysed,,"HSES 2023, UNICEF and ILO calculations",,,,,EOF: End of fieldwork,2023,0: Not Known,
UNICEF:PT(1.0): Child Protection,KIR: Kiribati,PT_CHLD_5-17_LBR_ECON: Percentage of children (aged 5-17 years) engaged in child labour (economic activities),_T: Total,Y5T17: 5 to 17 years old,_T: Total,_T: Total,_T: Total,_T: Total,2019,7.1,,PCNT: %,,"While trend data are available, changes in the indicator definitions, age groups covered, as well as the measures and questions used to collect the information have changed over time. These factors affect the comparability of available data sources and require careful review and assessment in order to accurately and reliably draw conclusions about trends over time for most countries. For this reason, trend data for this indicator are not included in UNICEF global databases.",,,,,x: Data refer to years or periods other than those specified in the column heading. Such data are not included in the calculation of regional and global averages. Estimates from data years prior to 2000 are not displayed.,,RA: Reanalysed,,"MICS 2018-19, UNICEF and ILO calculations",,,,,EOF: End of fieldwork,2018-19,0: Not Known,
UNICEF:PT(1.0): Child Protection,KIR: Kiribati,PT_CHLD_5-17_LBR_ECON: Percentage of children (aged 5-17 years) engaged in child labour (economic activities),M: Male,Y5T17: 5 to 17 years old,_T: Total,_T: Total,_T: Total,_T: Total,2019,8.6,,PCNT: %,,"While trend data are available, changes in the indicator definitions, age groups covered, as well as the measures and questions used to collect the information have changed over time. These factors affect the comparability of available data sources and require careful review and assessment in order to accurately and reliably draw conclusions about trends over time for most countries. For this reason, trend data for this indicator are not included in UNICEF global databases.",,,,,x: Data refer to years or periods other than those specified in the column heading. Such data are not included in the calculation of regional and global averages. Estimates from data years prior to 2000 are not displayed.,,RA: Reanalysed,,"MICS 2018-19, UNICEF and ILO calculations",,,,,EOF: End of fieldwork,2018-19,0: Not Known,
UNICEF:PT(1.0): Child Protection,KIR: Kiribati,PT_CHLD_5-17_LBR_ECON: Percentage of children (aged 5-17 years) engaged in child labour (economic activities),F: Female,Y5T17: 5 to 17 years old,_T: Total,_T: Total,_T: Total,_T: Total,2019,5.5,,PCNT: %,,"While trend data are available, changes in the indicator definitions, age groups covered, as well as the measures and questions used to collect the information have changed over time. These factors affect the comparability of available data sources and require careful review and assessment in order to accurately and reliably draw conclusions about trends over time for most countries. For this reason, trend data for this indicator are not included in UNICEF global databases.",,,,,x: Data refer to years or periods other than those specified in the column heading. Such data are not included in the calculation of regional and global averages. Estimates from data years prior to 2000 are not displayed.,,RA: Reanalysed,,"MICS 2018-19, UNICEF and ILO calculations",,,,,EOF: End of fieldwork,2018-19,0: Not Known,
UNICEF:PT(1.0): Child Protection,LAO: Lao People's Democratic Republic,PT_CHLD_5-17_LBR_ECON: Percentage of children (aged 5-17 years) engaged in child labour (economic activities),_T: Total,Y5T17: 5 to 17 years old,_T: Total,_T: Total,_T: Total,_T: Total,2023,21.8,,PCNT: %,,"While trend data are available, changes in the indicator definitions, age groups covered, as well as the measures and questions used to collect the information have changed over time. These factors affect the comparability of available data sources and require careful review and assessment in order to accurately and reliably draw conclusions about trends over time for most countries. For this reason, trend data for this indicator are not included in UNICEF global databases.",,,,,,,RP: Reported,,"MICS 2023, UNICEF and ILO calculations",,,,,EOF: End of fieldwork,2023,0: Not Known,
UNICEF:PT(1.0): Child Protection,LAO: Lao People's Democratic Republic,PT_CHLD_5-17_LBR_ECON: Percentage of children (aged 5-17 years) engaged in child labour (economic activities),M: Male,Y5T17: 5 to 17 years old,_T: Total,_T: Total,_T: Total,_T: Total,2023,22.2,,PCNT: %,,"While trend data are available, changes in the indicator definitions, age groups covered, as well as the measures and questions used to collect the information have changed over time. These factors affect the comparability of available data sources and require careful review and assessment in order to accurately and reliably draw conclusions about trends over time for most countries. For this reason, trend data for this indicator are not included in UNICEF global databases.",,,,,,,RP: Reported,,"MICS 2023, UNICEF and ILO calculations",,,,,EOF: End of fieldwork,2023,0: Not Known,
UNICEF:PT(1.0): Child Protection,LAO: Lao People's Democratic Republic,PT_CHLD_5-17_LBR_ECON: Percentage of children (aged 5-17 years) engaged in child labour (economic activities),F: Female,Y5T17: 5 to 17 years old,_T: Total,_T: Total,_T: Total,_T: Total,2023,21.4,,PCNT: %,,"While trend data are available, changes in the indicator definitions, age groups covered, as well as the measures and questions used to collect the information have changed over time. These factors affect the comparability of available data sources and require careful review and assessment in order to accurately and reliably draw conclusions about trends over time for most countries. For this reason, trend data for this indicator are not included in UNICEF global databases.",,,,,,,RP: Reported,,"MICS 2023, UNICEF and ILO calculations",,,,,EOF: End of fieldwork,2023,0: Not Known,
UNICEF:PT(1.0): Child Protection,LBR: Liberia,PT_CHLD_5-17_LBR_ECON: Percentage of children (aged 5-17 years) engaged in child labour (economic activities),_T: Total,Y5T17: 5 to 17 years old,_T: Total,_T: Total,_T: Total,_T: Total,2020,21.1,,PCNT: %,,"While trend data are available, changes in the indicator definitions, age groups covered, as well as the measures and questions used to collect the information have changed over time. These factors affect the comparability of available data sources and require careful review and assessment in order to accurately and reliably draw conclusions about trends over time for most countries. For this reason, trend data for this indicator are not included in UNICEF global databases.",,,,,,,RA: Reanalysed,,"DHS 2019-20, UNICEF and ILO calculations",,,,,EOF: End of fieldwork,2019-20,0: Not Known,
UNICEF:PT(1.0): Child Protection,LBR: Liberia,PT_CHLD_5-17_LBR_ECON: Percentage of children (aged 5-17 years) engaged in child labour (economic activities),M: Male,Y5T17: 5 to 17 years old,_T: Total,_T: Total,_T: Total,_T: Total,2020,20.8,,PCNT: %,,"While trend data are available, changes in the indicator definitions, age groups covered, as well as the measures and questions used to collect the information have changed over time. These factors affect the comparability of available data sources and require careful review and assessment in order to accurately and reliably draw conclusions about trends over time for most countries. For this reason, trend data for this indicator are not included in UNICEF global databases.",,,,,,,RA: Reanalysed,,"DHS 2019-20, UNICEF and ILO calculations",,,,,EOF: End of fieldwork,2019-20,0: Not Known,
UNICEF:PT(1.0): Child Protection,LBR: Liberia,PT_CHLD_5-17_LBR_ECON: Percentage of children (aged 5-17 years) engaged in child labour (economic activities),F: Female,Y5T17: 5 to 17 years old,_T: Total,_T: Total,_T: Total,_T: Total,2020,21.5,,PCNT: %,,"While trend data are available, changes in the indicator definitions, age groups covered, as well as the measures and questions used to collect the information have changed over time. These factors affect the comparability of available data sources and require careful review and assessment in order to accurately and reliably draw conclusions about trends over time for most countries. For this reason, trend data for this indicator are not included in UNICEF global databases.",,,,,,,RA: Reanalysed,,"DHS 2019-20, UNICEF and ILO calculations",,,,,EOF: End of fieldwork,2019-20,0: Not Known,
UNICEF:PT(1.0): Child Protection,LKA: Sri Lanka,PT_CHLD_5-17_LBR_ECON: Percentage of children (aged 5-17 years) engaged in child labour (economic activities),_T: Total,Y5T17: 5 to 17 years old,_T: Total,_T: Total,_T: Total,_T: Total,2016,0.8,,PCNT: %,,"While trend data are available, changes in the indicator definitions, age groups covered, as well as the measures and questions used to collect the information have changed over time. These factors affect the comparability of available data sources and require careful review and assessment in order to accurately and reliably draw conclusions about trends over time for most countries. For this reason, trend data for this indicator are not included in UNICEF global databases.",,,,,x: Data refer to years or periods other than those specified in the column heading. Such data are not included in the calculation of regional and global averages. Estimates from data years prior to 2000 are not displayed.,,RA: Reanalysed,,"CAS 2016, ILO Harmonized Microdata, https://ilostat.ilo.org/",,,,,EOF: End of fieldwork,2016,0: Not Known,
UNICEF:PT(1.0): Child Protection,LKA: Sri Lanka,PT_CHLD_5-17_LBR_ECON: Percentage of children (aged 5-17 years) engaged in child labour (economic activities),M: Male,Y5T17: 5 to 17 years old,_T: Total,_T: Total,_T: Total,_T: Total,2016,0.9,,PCNT: %,,"While trend data are available, changes in the indicator definitions, age groups covered, as well as the measures and questions used to collect the information have changed over time. These factors affect the comparability of available data sources and require careful review and assessment in order to accurately and reliably draw conclusions about trends over time for most countries. For this reason, trend data for this indicator are not included in UNICEF global databases.",,,,,x: Data refer to years or periods other than those specified in the column heading. Such data are not included in the calculation of regional and global averages. Estimates from data years prior to 2000 are not displayed.,,RA: Reanalysed,,"CAS 2016, ILO Harmonized Microdata, https://ilostat.ilo.org/",,,,,EOF: End of fieldwork,2016,0: Not Known,
UNICEF:PT(1.0): Child Protection,LKA: Sri Lanka,PT_CHLD_5-17_LBR_ECON: Percentage of children (aged 5-17 years) engaged in child labour (economic activities),F: Female,Y5T17: 5 to 17 years old,_T: Total,_T: Total,_T: Total,_T: Total,2016,0.6,,PCNT: %,,"While trend data are available, changes in the indicator definitions, age groups covered, as well as the measures and questions used to collect the information have changed over time. These factors affect the comparability of available data sources and require careful review and assessment in order to accurately and reliably draw conclusions about trends over time for most countries. For this reason, trend data for this indicator are not included in UNICEF global databases.",,,,,x: Data refer to years or periods other than those specified in the column heading. Such data are not included in the calculation of regional and global averages. Estimates from data years prior to 2000 are not displayed.,,RA: Reanalysed,,"CAS 2016, ILO Harmonized Microdata, https://ilostat.ilo.org/",,,,,EOF: End of fieldwork,2016,0: Not Known,
UNICEF:PT(1.0): Child Protection,LSO: Lesotho,PT_CHLD_5-17_LBR_ECON: Percentage of children (aged 5-17 years) engaged in child labour (economic activities),_T: Total,Y5T17: 5 to 17 years old,_T: Total,_T: Total,_T: Total,_T: Total,2018,8.2,,PCNT: %,,"While trend data are available, changes in the indicator definitions, age groups covered, as well as the measures and questions used to collect the information have changed over time. These factors affect the comparability of available data sources and require careful review and assessment in order to accurately and reliably draw conclusions about trends over time for most countries. For this reason, trend data for this indicator are not included in UNICEF global databases.",,,,,x: Data refer to years or periods other than those specified in the column heading. Such data are not included in the calculation of regional and global averages. Estimates from data years prior to 2000 are not displayed.,,RA: Reanalysed,,"MICS 2018, UNICEF and ILO calculations",,,,,EOF: End of fieldwork,2018,0: Not Known,
UNICEF:PT(1.0): Child Protection,LSO: Lesotho,PT_CHLD_5-17_LBR_ECON: Percentage of children (aged 5-17 years) engaged in child labour (economic activities),M: Male,Y5T17: 5 to 17 years old,_T: Total,_T: Total,_T: Total,_T: Total,2018,11.1,,PCNT: %,,"While trend data are available, changes in the indicator definitions, age groups covered, as well as the measures and questions used to collect the information have changed over time. These factors affect the comparability of available data sources and require careful review and assessment in order to accurately and reliably draw conclusions about trends over time for most countries. For this reason, trend data for this indicator are not included in UNICEF global databases.",,,,,x: Data refer to years or periods other than those specified in the column heading. Such data are not included in the calculation of regional and global averages. Estimates from data years prior to 2000 are not displayed.,,RA: Reanalysed,,"MICS 2018, UNICEF and ILO calculations",,,,,EOF: End of fieldwork,2018,0: Not Known,
UNICEF:PT(1.0): Child Protection,LSO: Lesotho,PT_CHLD_5-17_LBR_ECON: Percentage of children (aged 5-17 years) engaged in child labour (economic activities),F: Female,Y5T17: 5 to 17 years old,_T: Total,_T: Total,_T: Total,_T: Total,2018,5.4,,PCNT: %,,"While trend data are available, changes in the indicator definitions, age groups covered, as well as the measures and questions used to collect the information have changed over time. These factors affect the comparability of available data sources and require careful review and assessment in order to accurately and reliably draw conclusions about trends over time for most countries. For this reason, trend data for this indicator are not included in UNICEF global databases.",,,,,x: Data refer to years or periods other than those specified in the column heading. Such data are not included in the calculation of regional and global averages. Estimates from data years prior to 2000 are not displayed.,,RA: Reanalysed,,"MICS 2018, UNICEF and ILO calculations",,,,,EOF: End of fieldwork,2018,0: Not Known,
UNICEF:PT(1.0): Child Protection,MDG: Madagascar,PT_CHLD_5-17_LBR_ECON: Percentage of children (aged 5-17 years) engaged in child labour (economic activities),_T: Total,Y5T17: 5 to 17 years old,_T: Total,_T: Total,_T: Total,_T: Total,2022,24.7,,PCNT: %,,"While trend data are available, changes in the indicator definitions, age groups covered, as well as the measures and questions used to collect the information have changed over time. These factors affect the comparability of available data sources and require careful review and assessment in order to accurately and reliably draw conclusions about trends over time for most countries. For this reason, trend data for this indicator are not included in UNICEF global databases.",,,,,,,RA: Reanalysed,,"EPM 2022, UNICEF and ILO calculations",,,,,EOF: End of fieldwork,2022,0: Not Known,
UNICEF:PT(1.0): Child Protection,MDG: Madagascar,PT_CHLD_5-17_LBR_ECON: Percentage of children (aged 5-17 years) engaged in child labour (economic activities),M: Male,Y5T17: 5 to 17 years old,_T: Total,_T: Total,_T: Total,_T: Total,2022,24.3,,PCNT: %,,"While trend data are available, changes in the indicator definitions, age groups covered, as well as the measures and questions used to collect the information have changed over time. These factors affect the comparability of available data sources and require careful review and assessment in order to accurately and reliably draw conclusions about trends over time for most countries. For this reason, trend data for this indicator are not included in UNICEF global databases.",,,,,,,RA: Reanalysed,,"EPM 2022, UNICEF and ILO calculations",,,,,EOF: End of fieldwork,2022,0: Not Known,
UNICEF:PT(1.0): Child Protection,MDG: Madagascar,PT_CHLD_5-17_LBR_ECON: Percentage of children (aged 5-17 years) engaged in child labour (economic activities),F: Female,Y5T17: 5 to 17 years old,_T: Total,_T: Total,_T: Total,_T: Total,2022,25.1,,PCNT: %,,"While trend data are available, changes in the indicator definitions, age groups covered, as well as the measures and questions used to collect the information have changed over time. These factors affect the comparability of available data sources and require careful review and assessment in order to accurately and reliably draw conclusions about trends over time for most countries. For this reason, trend data for this indicator are not included in UNICEF global databases.",,,,,,,RA: Reanalysed,,"EPM 2022, UNICEF and ILO calculations",,,,,EOF: End of fieldwork,2022,0: Not Known,
UNICEF:PT(1.0): Child Protection,MEX: Mexico,PT_CHLD_5-17_LBR_ECON: Percentage of children (aged 5-17 years) engaged in child labour (economic activities),_T: Total,Y5T17: 5 to 17 years old,_T: Total,_T: Total,_T: Total,_T: Total,2022,4.3,,PCNT: %,,"While trend data are available, changes in the indicator definitions, age groups covered, as well as the measures and questions used to collect the information have changed over time. These factors affect the comparability of available data sources and require careful review and assessment in order to accurately and reliably draw conclusions about trends over time for most countries. For this reason, trend data for this indicator are not included in UNICEF global databases.",,,,,,,RA: Reanalysed,,"ENTI 2022, UNICEF and ILO calculations",,,,,EOF: End of fieldwork,2022,0: Not Known,
UNICEF:PT(1.0): Child Protection,MEX: Mexico,PT_CHLD_5-17_LBR_ECON: Percentage of children (aged 5-17 years) engaged in child labour (economic activities),M: Male,Y5T17: 5 to 17 years old,_T: Total,_T: Total,_T: Total,_T: Total,2022,5.9,,PCNT: %,,"While trend data are available, changes in the indicator definitions, age groups covered, as well as the measures and questions used to collect the information have changed over time. These factors affect the comparability of available data sources and require careful review and assessment in order to accurately and reliably draw conclusions about trends over time for most countries. For this reason, trend data for this indicator are not included in UNICEF global databases.",,,,,,,RA: Reanalysed,,"ENTI 2022, UNICEF and ILO calculations",,,,,EOF: End of fieldwork,2022,0: Not Known,
UNICEF:PT(1.0): Child Protection,MEX: Mexico,PT_CHLD_5-17_LBR_ECON: Percentage of children (aged 5-17 years) engaged in child labour (economic activities),F: Female,Y5T17: 5 to 17 years old,_T: Total,_T: Total,_T: Total,_T: Total,2022,2.6,,PCNT: %,,"While trend data are available, changes in the indicator definitions, age groups covered, as well as the measures and questions used to collect the information have changed over time. These factors affect the comparability of available data sources and require careful review and assessment in order to accurately and reliably draw conclusions about trends over time for most countries. For this reason, trend data for this indicator are not included in UNICEF global databases.",,,,,,,RA: Reanalysed,,"ENTI 2022, UNICEF and ILO calculations",,,,,EOF: End of fieldwork,2022,0: Not Known,
UNICEF:PT(1.0): Child Protection,MKD: North Macedonia,PT_CHLD_5-17_LBR_ECON: Percentage of children (aged 5-17 years) engaged in child labour (economic activities),_T: Total,Y5T17: 5 to 17 years old,_T: Total,_T: Total,_T: Total,_T: Total,2019,2.4,,PCNT: %,,"While trend data are available, changes in the indicator definitions, age groups covered, as well as the measures and questions used to collect the information have changed over time. These factors affect the comparability of available data sources and require careful review and assessment in order to accurately and reliably draw conclusions about trends over time for most countries. For this reason, trend data for this indicator are not included in UNICEF global databases.",,,,,x: Data refer to years or periods other than those specified in the column heading. Such data are not included in the calculation of regional and global averages. Estimates from data years prior to 2000 are not displayed.,,RA: Reanalysed,,"MICS 2018-19, UNICEF and ILO calculations",,,,,EOF: End of fieldwork,2018-19,0: Not Known,
UNICEF:PT(1.0): Child Protection,MKD: North Macedonia,PT_CHLD_5-17_LBR_ECON: Percentage of children (aged 5-17 years) engaged in child labour (economic activities),M: Male,Y5T17: 5 to 17 years old,_T: Total,_T: Total,_T: Total,_T: Total,2019,3.4,,PCNT: %,,"While trend data are available, changes in the indicator definitions, age groups covered, as well as the measures and questions used to collect the information have changed over time. These factors affect the comparability of available data sources and require careful review and assessment in order to accurately and reliably draw conclusions about trends over time for most countries. For this reason, trend data for this indicator are not included in UNICEF global databases.",,,,,x: Data refer to years or periods other than those specified in the column heading. Such data are not included in the calculation of regional and global averages. Estimates from data years prior to 2000 are not displayed.,,RA: Reanalysed,,"MICS 2018-19, UNICEF and ILO calculations",,,,,EOF: End of fieldwork,2018-19,0: Not Known,
UNICEF:PT(1.0): Child Protection,MKD: North Macedonia,PT_CHLD_5-17_LBR_ECON: Percentage of children (aged 5-17 years) engaged in child labour (economic activities),F: Female,Y5T17: 5 to 17 years old,_T: Total,_T: Total,_T: Total,_T: Total,2019,1.6,,PCNT: %,,"While trend data are available, changes in the indicator definitions, age groups covered, as well as the measures and questions used to collect the information have changed over time. These factors affect the comparability of available data sources and require careful review and assessment in order to accurately and reliably draw conclusions about trends over time for most countries. For this reason, trend data for this indicator are not included in UNICEF global databases.",,,,,x: Data refer to years or periods other than those specified in the column heading. Such data are not included in the calculation of regional and global averages. Estimates from data years prior to 2000 are not displayed.,,RA: Reanalysed,,"MICS 2018-19, UNICEF and ILO calculations",,,,,EOF: End of fieldwork,2018-19,0: Not Known,
UNICEF:PT(1.0): Child Protection,MLI: Mali,PT_CHLD_5-17_LBR_ECON: Percentage of children (aged 5-17 years) engaged in child labour (economic activities),_T: Total,Y5T17: 5 to 17 years old,_T: Total,_T: Total,_T: Total,_T: Total,2020,21,,PCNT: %,,"While trend data are available, changes in the indicator definitions, age groups covered, as well as the measures and questions used to collect the information have changed over time. These factors affect the comparability of available data sources and require careful review and assessment in order to accurately and reliably draw conclusions about trends over time for most countries. For this reason, trend data for this indicator are not included in UNICEF global databases.",,,,,,,RA: Reanalysed,,"EMOP 2020, UNICEF and ILO calculations",,,,,EOF: End of fieldwork,2020,0: Not Known,These estimates differ from the standard indicator definitions due to differences in questionnaire design and the types of economic activities captured by the survey. These estimates are not comparable with those previously published in the global SDG database
UNICEF:PT(1.0): Child Protection,MLI: Mali,PT_CHLD_5-17_LBR_ECON: Percentage of children (aged 5-17 years) engaged in child labour (economic activities),M: Male,Y5T17: 5 to 17 years old,_T: Total,_T: Total,_T: Total,_T: Total,2020,22.1,,PCNT: %,,"While trend data are available, changes in the indicator definitions, age groups covered, as well as the measures and questions used to collect the information have changed over time. These factors affect the comparability of available data sources and require careful review and assessment in order to accurately and reliably draw conclusions about trends over time for most countries. For this reason, trend data for this indicator are not included in UNICEF global databases.",,,,,,,RA: Reanalysed,,"EMOP 2020, UNICEF and ILO calculations",,,,,EOF: End of fieldwork,2020,0: Not Known,These estimates differ from the standard indicator definitions due to differences in questionnaire design and the types of economic activities captured by the survey. These estimates are not comparable with those previously published in the global SDG database
UNICEF:PT(1.0): Child Protection,MLI: Mali,PT_CHLD_5-17_LBR_ECON: Percentage of children (aged 5-17 years) engaged in child labour (economic activities),F: Female,Y5T17: 5 to 17 years old,_T: Total,_T: Total,_T: Total,_T: Total,2020,19.8,,PCNT: %,,"While trend data are available, changes in the indicator definitions, age groups covered, as well as the measures and questions used to collect the information have changed over time. These factors affect the comparability of available data sources and require careful review and assessment in order to accurately and reliably draw conclusions about trends over time for most countries. For this reason, trend data for this indicator are not included in UNICEF global databases.",,,,,,,RA: Reanalysed,,"EMOP 2020, UNICEF and ILO calculations",,,,,EOF: End of fieldwork,2020,0: Not Known,These estimates differ from the standard indicator definitions due to differences in questionnaire design and the types of economic activities captured by the survey. These estimates are not comparable with those previously published in the global SDG database
UNICEF:PT(1.0): Child Protection,MNE: Montenegro,PT_CHLD_5-17_LBR_ECON: Percentage of children (aged 5-17 years) engaged in child labour (economic activities),_T: Total,Y5T17: 5 to 17 years old,_T: Total,_T: Total,_T: Total,_T: Total,2018,7.7,,PCNT: %,,"While trend data are available, changes in the indicator definitions, age groups covered, as well as the measures and questions used to collect the information have changed over time. These factors affect the comparability of available data sources and require careful review and assessment in order to accurately and reliably draw conclusions about trends over time for most countries. For this reason, trend data for this indicator are not included in UNICEF global databases.",,,,,x: Data refer to years or periods other than those specified in the column heading. Such data are not included in the calculation of regional and global averages. Estimates from data years prior to 2000 are not displayed.,,RA: Reanalysed,,"MICS 2018, UNICEF and ILO calculations",,,,,EOF: End of fieldwork,2018,0: Not Known,
UNICEF:PT(1.0): Child Protection,MNE: Montenegro,PT_CHLD_5-17_LBR_ECON: Percentage of children (aged 5-17 years) engaged in child labour (economic activities),M: Male,Y5T17: 5 to 17 years old,_T: Total,_T: Total,_T: Total,_T: Total,2018,8.4,,PCNT: %,,"While trend data are available, changes in the indicator definitions, age groups covered, as well as the measures and questions used to collect the information have changed over time. These factors affect the comparability of available data sources and require careful review and assessment in order to accurately and reliably draw conclusions about trends over time for most countries. For this reason, trend data for this indicator are not included in UNICEF global databases.",,,,,x: Data refer to years or periods other than those specified in the column heading. Such data are not included in the calculation of regional and global averages. Estimates from data years prior to 2000 are not displayed.,,RA: Reanalysed,,"MICS 2018, UNICEF and ILO calculations",,,,,EOF: End of fieldwork,2018,0: Not Known,
UNICEF:PT(1.0): Child Protection,MNE: Montenegro,PT_CHLD_5-17_LBR_ECON: Percentage of children (aged 5-17 years) engaged in child labour (economic activities),F: Female,Y5T17: 5 to 17 years old,_T: Total,_T: Total,_T: Total,_T: Total,2018,6.9,,PCNT: %,,"While trend data are available, changes in the indicator definitions, age groups covered, as well as the measures and questions used to collect the information have changed over time. These factors affect the comparability of available data sources and require careful review and assessment in order to accurately and reliably draw conclusions about trends over time for most countries. For this reason, trend data for this indicator are not included in UNICEF global databases.",,,,,x: Data refer to years or periods other than those specified in the column heading. Such data are not included in the calculation of regional and global averages. Estimates from data years prior to 2000 are not displayed.,,RA: Reanalysed,,"MICS 2018, UNICEF and ILO calculations",,,,,EOF: End of fieldwork,2018,0: Not Known,
UNICEF:PT(1.0): Child Protection,MNG: Mongolia,PT_CHLD_5-17_LBR_ECON: Percentage of children (aged 5-17 years) engaged in child labour (economic activities),_T: Total,Y5T17: 5 to 17 years old,_T: Total,_T: Total,_T: Total,_T: Total,2023,6,,PCNT: %,,"While trend data are available, changes in the indicator definitions, age groups covered, as well as the measures and questions used to collect the information have changed over time. These factors affect the comparability of available data sources and require careful review and assessment in order to accurately and reliably draw conclusions about trends over time for most countries. For this reason, trend data for this indicator are not included in UNICEF global databases.",,,,,,,RA: Reanalysed,,"MICS 2023, UNICEF and ILO calculations",,,,,EOF: End of fieldwork,2023,0: Not Known,
UNICEF:PT(1.0): Child Protection,MNG: Mongolia,PT_CHLD_5-17_LBR_ECON: Percentage of children (aged 5-17 years) engaged in child labour (economic activities),M: Male,Y5T17: 5 to 17 years old,_T: Total,_T: Total,_T: Total,_T: Total,2023,6.8,,PCNT: %,,"While trend data are available, changes in the indicator definitions, age groups covered, as well as the measures and questions used to collect the information have changed over time. These factors affect the comparability of available data sources and require careful review and assessment in order to accurately and reliably draw conclusions about trends over time for most countries. For this reason, trend data for this indicator are not included in UNICEF global databases.",,,,,,,RA: Reanalysed,,"MICS 2023, UNICEF and ILO calculations",,,,,EOF: End of fieldwork,2023,0: Not Known,
UNICEF:PT(1.0): Child Protection,MNG: Mongolia,PT_CHLD_5-17_LBR_ECON: Percentage of children (aged 5-17 years) engaged in child labour (economic activities),F: Female,Y5T17: 5 to 17 years old,_T: Total,_T: Total,_T: Total,_T: Total,2023,5.1,,PCNT: %,,"While trend data are available, changes in the indicator definitions, age groups covered, as well as the measures and questions used to collect the information have changed over time. These factors affect the comparability of available data sources and require careful review and assessment in order to accurately and reliably draw conclusions about trends over time for most countries. For this reason, trend data for this indicator are not included in UNICEF global databases.",,,,,,,RA: Reanalysed,,"MICS 2023, UNICEF and ILO calculations",,,,,EOF: End of fieldwork,2023,0: Not Known,
UNICEF:PT(1.0): Child Protection,MOZ: Mozambique,PT_CHLD_5-17_LBR_ECON: Percentage of children (aged 5-17 years) engaged in child labour (economic activities),_T: Total,Y5T17: 5 to 17 years old,_T: Total,_T: Total,_T: Total,_T: Total,2022,10.9,,PCNT: %,,"While trend data are available, changes in the indicator definitions, age groups covered, as well as the measures and questions used to collect the information have changed over time. These factors affect the comparability of available data sources and require careful review and assessment in order to accurately and reliably draw conclusions about trends over time for most countries. For this reason, trend data for this indicator are not included in UNICEF global databases.",,,,,,,RA: Reanalysed,,"IOF 2022, UNICEF and ILO calculations",,,,,EOF: End of fieldwork,2022,0: Not Known,
UNICEF:PT(1.0): Child Protection,MOZ: Mozambique,PT_CHLD_5-17_LBR_ECON: Percentage of children (aged 5-17 years) engaged in child labour (economic activities),M: Male,Y5T17: 5 to 17 years old,_T: Total,_T: Total,_T: Total,_T: Total,2022,11.6,,PCNT: %,,"While trend data are available, changes in the indicator definitions, age groups covered, as well as the measures and questions used to collect the information have changed over time. These factors affect the comparability of available data sources and require careful review and assessment in order to accurately and reliably draw conclusions about trends over time for most countries. For this reason, trend data for this indicator are not included in UNICEF global databases.",,,,,,,RA: Reanalysed,,"IOF 2022, UNICEF and ILO calculations",,,,,EOF: End of fieldwork,2022,0: Not Known,
UNICEF:PT(1.0): Child Protection,MOZ: Mozambique,PT_CHLD_5-17_LBR_ECON: Percentage of children (aged 5-17 years) engaged in child labour (economic activities),F: Female,Y5T17: 5 to 17 years old,_T: Total,_T: Total,_T: Total,_T: Total,2022,10.3,,PCNT: %,,"While trend data are available, changes in the indicator definitions, age groups covered, as well as the measures and questions used to collect the information have changed over time. These factors affect the comparability of available data sources and require careful review and assessment in order to accurately and reliably draw conclusions about trends over time for most countries. For this reason, trend data for this indicator are not included in UNICEF global databases.",,,,,,,RA: Reanalysed,,"IOF 2022, UNICEF and ILO calculations",,,,,EOF: End of fieldwork,2022,0: Not Known,
UNICEF:PT(1.0): Child Protection,MRT: Mauritania,PT_CHLD_5-17_LBR_ECON: Percentage of children (aged 5-17 years) engaged in child labour (economic activities),_T: Total,Y5T17: 5 to 17 years old,_T: Total,_T: Total,_T: Total,_T: Total,2019,3.1,,PCNT: %,,"While trend data are available, changes in the indicator definitions, age groups covered, as well as the measures and questions used to collect the information have changed over time. These factors affect the comparability of available data sources and require careful review and assessment in order to accurately and reliably draw conclusions about trends over time for most countries. For this reason, trend data for this indicator are not included in UNICEF global databases.",,,,,x: Data refer to years or periods other than those specified in the column heading. Such data are not included in the calculation of regional and global averages. Estimates from data years prior to 2000 are not displayed.,,RA: Reanalysed,,"ECVM 2019, UNICEF and ILO calculations",,,,,EOF: End of fieldwork,2019,0: Not Known,
UNICEF:PT(1.0): Child Protection,MRT: Mauritania,PT_CHLD_5-17_LBR_ECON: Percentage of children (aged 5-17 years) engaged in child labour (economic activities),M: Male,Y5T17: 5 to 17 years old,_T: Total,_T: Total,_T: Total,_T: Total,2019,4.3,,PCNT: %,,"While trend data are available, changes in the indicator definitions, age groups covered, as well as the measures and questions used to collect the information have changed over time. These factors affect the comparability of available data sources and require careful review and assessment in order to accurately and reliably draw conclusions about trends over time for most countries. For this reason, trend data for this indicator are not included in UNICEF global databases.",,,,,x: Data refer to years or periods other than those specified in the column heading. Such data are not included in the calculation of regional and global averages. Estimates from data years prior to 2000 are not displayed.,,RA: Reanalysed,,"ECVM 2019, UNICEF and ILO calculations",,,,,EOF: End of fieldwork,2019,0: Not Known,
UNICEF:PT(1.0): Child Protection,MRT: Mauritania,PT_CHLD_5-17_LBR_ECON: Percentage of children (aged 5-17 years) engaged in child labour (economic activities),F: Female,Y5T17: 5 to 17 years old,_T: Total,_T: Total,_T: Total,_T: Total,2019,1.7,,PCNT: %,,"While trend data are available, changes in the indicator definitions, age groups covered, as well as the measures and questions used to collect the information have changed over time. These factors affect the comparability of available data sources and require careful review and assessment in order to accurately and reliably draw conclusions about trends over time for most countries. For this reason, trend data for this indicator are not included in UNICEF global databases.",,,,,x: Data refer to years or periods other than those specified in the column heading. Such data are not included in the calculation of regional and global averages. Estimates from data years prior to 2000 are not displayed.,,RA: Reanalysed,,"ECVM 2019, UNICEF and ILO calculations",,,,,EOF: End of fieldwork,2019,0: Not Known,
UNICEF:PT(1.0): Child Protection,MWI: Malawi,PT_CHLD_5-17_LBR_ECON: Percentage of children (aged 5-17 years) engaged in child labour (economic activities),_T: Total,Y5T17: 5 to 17 years old,_T: Total,_T: Total,_T: Total,_T: Total,2020,24.1,,PCNT: %,,"While trend data are available, changes in the indicator definitions, age groups covered, as well as the measures and questions used to collect the information have changed over time. These factors affect the comparability of available data sources and require careful review and assessment in order to accurately and reliably draw conclusions about trends over time for most countries. For this reason, trend data for this indicator are not included in UNICEF global databases.",,,,,,,RA: Reanalysed,,"IHS 2020, UNICEF and ILO calculations",,,,,EOF: End of fieldwork,2020,0: Not Known,
UNICEF:PT(1.0): Child Protection,MWI: Malawi,PT_CHLD_5-17_LBR_ECON: Percentage of children (aged 5-17 years) engaged in child labour (economic activities),M: Male,Y5T17: 5 to 17 years old,_T: Total,_T: Total,_T: Total,_T: Total,2020,20.1,,PCNT: %,,"While trend data are available, changes in the indicator definitions, age groups covered, as well as the measures and questions used to collect the information have changed over time. These factors affect the comparability of available data sources and require careful review and assessment in order to accurately and reliably draw conclusions about trends over time for most countries. For this reason, trend data for this indicator are not included in UNICEF global databases.",,,,,,,RA: Reanalysed,,"IHS 2020, UNICEF and ILO calculations",,,,,EOF: End of fieldwork,2020,0: Not Known,
UNICEF:PT(1.0): Child Protection,MWI: Malawi,PT_CHLD_5-17_LBR_ECON: Percentage of children (aged 5-17 years) engaged in child labour (economic activities),F: Female,Y5T17: 5 to 17 years old,_T: Total,_T: Total,_T: Total,_T: Total,2020,28.1,,PCNT: %,,"While trend data are available, changes in the indicator definitions, age groups covered, as well as the measures and questions used to collect the information have changed over time. These factors affect the comparability of available data sources and require careful review and assessment in order to accurately and reliably draw conclusions about trends over time for most countries. For this reason, trend data for this indicator are not included in UNICEF global databases.",,,,,,,RA: Reanalysed,,"IHS 2020, UNICEF and ILO calculations",,,,,EOF: End of fieldwork,2020,0: Not Known,
UNICEF:PT(1.0): Child Protection,NER: Niger,PT_CHLD_5-17_LBR_ECON: Percentage of children (aged 5-17 years) engaged in child labour (economic activities),_T: Total,Y5T17: 5 to 17 years old,_T: Total,_T: Total,_T: Total,_T: Total,2022,42.4,,PCNT: %,,"While trend data are available, changes in the indicator definitions, age groups covered, as well as the measures and questions used to collect the information have changed over time. These factors affect the comparability of available data sources and require careful review and assessment in order to accurately and reliably draw conclusions about trends over time for most countries. For this reason, trend data for this indicator are not included in UNICEF global databases.",,,,,,,RA: Reanalysed,,"ECVM 2022, UNICEF and ILO calculations",,,,,EOF: End of fieldwork,2022,0: Not Known,
UNICEF:PT(1.0): Child Protection,NER: Niger,PT_CHLD_5-17_LBR_ECON: Percentage of children (aged 5-17 years) engaged in child labour (economic activities),M: Male,Y5T17: 5 to 17 years old,_T: Total,_T: Total,_T: Total,_T: Total,2022,45.2,,PCNT: %,,"While trend data are available, changes in the indicator definitions, age groups covered, as well as the measures and questions used to collect the information have changed over time. These factors affect the comparability of available data sources and require careful review and assessment in order to accurately and reliably draw conclusions about trends over time for most countries. For this reason, trend data for this indicator are not included in UNICEF global databases.",,,,,,,RA: Reanalysed,,"ECVM 2022, UNICEF and ILO calculations",,,,,EOF: End of fieldwork,2022,0: Not Known,
UNICEF:PT(1.0): Child Protection,NER: Niger,PT_CHLD_5-17_LBR_ECON: Percentage of children (aged 5-17 years) engaged in child labour (economic activities),F: Female,Y5T17: 5 to 17 years old,_T: Total,_T: Total,_T: Total,_T: Total,2022,39.4,,PCNT: %,,"While trend data are available, changes in the indicator definitions, age groups covered, as well as the measures and questions used to collect the information have changed over time. These factors affect the comparability of available data sources and require careful review and assessment in order to accurately and reliably draw conclusions about trends over time for most countries. For this reason, trend data for this indicator are not included in UNICEF global databases.",,,,,,,RA: Reanalysed,,"ECVM 2022, UNICEF and ILO calculations",,,,,EOF: End of fieldwork,2022,0: Not Known,
UNICEF:PT(1.0): Child Protection,NGA: Nigeria,PT_CHLD_5-17_LBR_ECON: Percentage of children (aged 5-17 years) engaged in child labour (economic activities),_T: Total,Y5T17: 5 to 17 years old,_T: Total,_T: Total,_T: Total,_T: Total,2022,28.1,,PCNT: %,,"While trend data are available, changes in the indicator definitions, age groups covered, as well as the measures and questions used to collect the information have changed over time. These factors affect the comparability of available data sources and require careful review and assessment in order to accurately and reliably draw conclusions about trends over time for most countries. For this reason, trend data for this indicator are not included in UNICEF global databases.",,,,,,,RA: Reanalysed,,"NCFLS 2022, UNICEF and ILO calculations",,,,,EOF: End of fieldwork,2022,0: Not Known,
UNICEF:PT(1.0): Child Protection,NGA: Nigeria,PT_CHLD_5-17_LBR_ECON: Percentage of children (aged 5-17 years) engaged in child labour (economic activities),M: Male,Y5T17: 5 to 17 years old,_T: Total,_T: Total,_T: Total,_T: Total,2022,28.7,,PCNT: %,,"While trend data are available, changes in the indicator definitions, age groups covered, as well as the measures and questions used to collect the information have changed over time. These factors affect the comparability of available data sources and require careful review and assessment in order to accurately and reliably draw conclusions about trends over time for most countries. For this reason, trend data for this indicator are not included in UNICEF global databases.",,,,,,,RA: Reanalysed,,"NCFLS 2022, UNICEF and ILO calculations",,,,,EOF: End of fieldwork,2022,0: Not Known,
UNICEF:PT(1.0): Child Protection,NGA: Nigeria,PT_CHLD_5-17_LBR_ECON: Percentage of children (aged 5-17 years) engaged in child labour (economic activities),F: Female,Y5T17: 5 to 17 years old,_T: Total,_T: Total,_T: Total,_T: Total,2022,27.6,,PCNT: %,,"While trend data are available, changes in the indicator definitions, age groups covered, as well as the measures and questions used to collect the information have changed over time. These factors affect the comparability of available data sources and require careful review and assessment in order to accurately and reliably draw conclusions about trends over time for most countries. For this reason, trend data for this indicator are not included in UNICEF global databases.",,,,,,,RA: Reanalysed,,"NCFLS 2022, UNICEF and ILO calculations",,,,,EOF: End of fieldwork,2022,0: Not Known,
UNICEF:PT(1.0): Child Protection,NPL: Nepal,PT_CHLD_5-17_LBR_ECON: Percentage of children (aged 5-17 years) engaged in child labour (economic activities),_T: Total,Y5T17: 5 to 17 years old,_T: Total,_T: Total,_T: Total,_T: Total,2017,8.8,,PCNT: %,,"While trend data are available, changes in the indicator definitions, age groups covered, as well as the measures and questions used to collect the information have changed over time. These factors affect the comparability of available data sources and require careful review and assessment in order to accurately and reliably draw conclusions about trends over time for most countries. For this reason, trend data for this indicator are not included in UNICEF global databases.",,,,,x: Data refer to years or periods other than those specified in the column heading. Such data are not included in the calculation of regional and global averages. Estimates from data years prior to 2000 are not displayed.,,RA: Reanalysed,,"LFS 2017-18, UNICEF and ILO calculations",,,,,EOF: End of fieldwork,2017,0: Not Known,
UNICEF:PT(1.0): Child Protection,NPL: Nepal,PT_CHLD_5-17_LBR_ECON: Percentage of children (aged 5-17 years) engaged in child labour (economic activities),M: Male,Y5T17: 5 to 17 years old,_T: Total,_T: Total,_T: Total,_T: Total,2017,9.7,,PCNT: %,,"While trend data are available, changes in the indicator definitions, age groups covered, as well as the measures and questions used to collect the information have changed over time. These factors affect the comparability of available data sources and require careful review and assessment in order to accurately and reliably draw conclusions about trends over time for most countries. For this reason, trend data for this indicator are not included in UNICEF global databases.",,,,,x: Data refer to years or periods other than those specified in the column heading. Such data are not included in the calculation of regional and global averages. Estimates from data years prior to 2000 are not displayed.,,RA: Reanalysed,,"LFS 2017-18, UNICEF and ILO calculations",,,,,EOF: End of fieldwork,2017,0: Not Known,
UNICEF:PT(1.0): Child Protection,NPL: Nepal,PT_CHLD_5-17_LBR_ECON: Percentage of children (aged 5-17 years) engaged in child labour (economic activities),F: Female,Y5T17: 5 to 17 years old,_T: Total,_T: Total,_T: Total,_T: Total,2017,8,,PCNT: %,,"While trend data are available, changes in the indicator definitions, age groups covered, as well as the measures and questions used to collect the information have changed over time. These factors affect the comparability of available data sources and require careful review and assessment in order to accurately and reliably draw conclusions about trends over time for most countries. For this reason, trend data for this indicator are not included in UNICEF global databases.",,,,,x: Data refer to years or periods other than those specified in the column heading. Such data are not included in the calculation of regional and global averages. Estimates from data years prior to 2000 are not displayed.,,RA: Reanalysed,,"LFS 2017-18, UNICEF and ILO calculations",,,,,EOF: End of fieldwork,2017,0: Not Known,
UNICEF:PT(1.0): Child Protection,NRU: Nauru,PT_CHLD_5-17_LBR_ECON: Percentage of children (aged 5-17 years) engaged in child labour (economic activities),_T: Total,Y5T17: 5 to 17 years old,_T: Total,_T: Total,_T: Total,_T: Total,2023,0.7,,PCNT: %,,"While trend data are available, changes in the indicator definitions, age groups covered, as well as the measures and questions used to collect the information have changed over time. These factors affect the comparability of available data sources and require careful review and assessment in order to accurately and reliably draw conclusions about trends over time for most countries. For this reason, trend data for this indicator are not included in UNICEF global databases.",,,,,,,RP: Reported,,"MICS 2023, UNICEF and ILO calculations",,,,,EOF: End of fieldwork,2023,0: Not Known,
UNICEF:PT(1.0): Child Protection,NRU: Nauru,PT_CHLD_5-17_LBR_ECON: Percentage of children (aged 5-17 years) engaged in child labour (economic activities),M: Male,Y5T17: 5 to 17 years old,_T: Total,_T: Total,_T: Total,_T: Total,2023,1.1,,PCNT: %,,"While trend data are available, changes in the indicator definitions, age groups covered, as well as the measures and questions used to collect the information have changed over time. These factors affect the comparability of available data sources and require careful review and assessment in order to accurately and reliably draw conclusions about trends over time for most countries. For this reason, trend data for this indicator are not included in UNICEF global databases.",,,,,,,RP: Reported,,"MICS 2023, UNICEF and ILO calculations",,,,,EOF: End of fieldwork,2023,0: Not Known,
UNICEF:PT(1.0): Child Protection,NRU: Nauru,PT_CHLD_5-17_LBR_ECON: Percentage of children (aged 5-17 years) engaged in child labour (economic activities),F: Female,Y5T17: 5 to 17 years old,_T: Total,_T: Total,_T: Total,_T: Total,2023,0.4,,PCNT: %,,"While trend data are available, changes in the indicator definitions, age groups covered, as well as the measures and questions used to collect the information have changed over time. These factors affect the comparability of available data sources and require careful review and assessment in order to accurately and reliably draw conclusions about trends over time for most countries. For this reason, trend data for this indicator are not included in UNICEF global databases.",,,,,,,RP: Reported,,"MICS 2023, UNICEF and ILO calculations",,,,,EOF: End of fieldwork,2023,0: Not Known,
UNICEF:PT(1.0): Child Protection,PHL: Philippines,PT_CHLD_5-17_LBR_ECON: Percentage of children (aged 5-17 years) engaged in child labour (economic activities),_T: Total,Y5T17: 5 to 17 years old,_T: Total,_T: Total,_T: Total,_T: Total,2023,0.8,,PCNT: %,,"While trend data are available, changes in the indicator definitions, age groups covered, as well as the measures and questions used to collect the information have changed over time. These factors affect the comparability of available data sources and require careful review and assessment in order to accurately and reliably draw conclusions about trends over time for most countries. For this reason, trend data for this indicator are not included in UNICEF global databases.",,,,,,,RA: Reanalysed,,"LFS 2023, UNICEF and ILO calculations",,,,,EOF: End of fieldwork,2023,0: Not Known,
UNICEF:PT(1.0): Child Protection,PHL: Philippines,PT_CHLD_5-17_LBR_ECON: Percentage of children (aged 5-17 years) engaged in child labour (economic activities),M: Male,Y5T17: 5 to 17 years old,_T: Total,_T: Total,_T: Total,_T: Total,2023,1,,PCNT: %,,"While trend data are available, changes in the indicator definitions, age groups covered, as well as the measures and questions used to collect the information have changed over time. These factors affect the comparability of available data sources and require careful review and assessment in order to accurately and reliably draw conclusions about trends over time for most countries. For this reason, trend data for this indicator are not included in UNICEF global databases.",,,,,,,RA: Reanalysed,,"LFS 2023, UNICEF and ILO calculations",,,,,EOF: End of fieldwork,2023,0: Not Known,
UNICEF:PT(1.0): Child Protection,PHL: Philippines,PT_CHLD_5-17_LBR_ECON: Percentage of children (aged 5-17 years) engaged in child labour (economic activities),F: Female,Y5T17: 5 to 17 years old,_T: Total,_T: Total,_T: Total,_T: Total,2023,0.7,,PCNT: %,,"While trend data are available, changes in the indicator definitions, age groups covered, as well as the measures and questions used to collect the information have changed over time. These factors affect the comparability of available data sources and require careful review and assessment in order to accurately and reliably draw conclusions about trends over time for most countries. For this reason, trend data for this indicator are not included in UNICEF global databases.",,,,,,,RA: Reanalysed,,"LFS 2023, UNICEF and ILO calculations",,,,,EOF: End of fieldwork,2023,0: Not Known,
UNICEF:PT(1.0): Child Protection,PRK: Democratic People's Republic of Korea,PT_CHLD_5-17_LBR_ECON: Percentage of children (aged 5-17 years) engaged in child labour (economic activities),_T: Total,Y5T17: 5 to 17 years old,_T: Total,_T: Total,_T: Total,_T: Total,2017,4,,PCNT: %,,"While trend data are available, changes in the indicator definitions, age groups covered, as well as the measures and questions used to collect the information have changed over time. These factors affect the comparability of available data sources and require careful review and assessment in order to accurately and reliably draw conclusions about trends over time for most countries. For this reason, trend data for this indicator are not included in UNICEF global databases.",,,,,x: Data refer to years or periods other than those specified in the column heading. Such data are not included in the calculation of regional and global averages. Estimates from data years prior to 2000 are not displayed.,,RA: Reanalysed,,"MICS 2017, UNICEF and ILO calculations",,,,,EOF: End of fieldwork,2017,0: Not Known,
UNICEF:PT(1.0): Child Protection,PRK: Democratic People's Republic of Korea,PT_CHLD_5-17_LBR_ECON: Percentage of children (aged 5-17 years) engaged in child labour (economic activities),M: Male,Y5T17: 5 to 17 years old,_T: Total,_T: Total,_T: Total,_T: Total,2017,4.3,,PCNT: %,,"While trend data are available, changes in the indicator definitions, age groups covered, as well as the measures and questions used to collect the information have changed over time. These factors affect the comparability of available data sources and require careful review and assessment in order to accurately and reliably draw conclusions about trends over time for most countries. For this reason, trend data for this indicator are not included in UNICEF global databases.",,,,,x: Data refer to years or periods other than those specified in the column heading. Such data are not included in the calculation of regional and global averages. Estimates from data years prior to 2000 are not displayed.,,RA: Reanalysed,,"MICS 2017, UNICEF and ILO calculations",,,,,EOF: End of fieldwork,2017,0: Not Known,
UNICEF:PT(1.0): Child Protection,PRK: Democratic People's Republic of Korea,PT_CHLD_5-17_LBR_ECON: Percentage of children (aged 5-17 years) engaged in child labour (economic activities),F: Female,Y5T17: 5 to 17 years old,_T: Total,_T: Total,_T: Total,_T: Total,2017,3.7,,PCNT: %,,"While trend data are available, changes in the indicator definitions, age groups covered, as well as the measures and questions used to collect the information have changed over time. These factors affect the comparability of available data sources and require careful review and assessment in order to accurately and reliably draw conclusions about trends over time for most countries. For this reason, trend data for this indicator are not included in UNICEF global databases.",,,,,x: Data refer to years or periods other than those specified in the column heading. Such data are not included in the calculation of regional and global averages. Estimates from data years prior to 2000 are not displayed.,,RA: Reanalysed,,"MICS 2017, UNICEF and ILO calculations",,,,,EOF: End of fieldwork,2017,0: Not Known,
UNICEF:PT(1.0): Child Protection,PSE: State of Palestine,PT_CHLD_5-17_LBR_ECON: Percentage of children (aged 5-17 years) engaged in child labour (economic activities),_T: Total,Y5T17: 5 to 17 years old,_T: Total,_T: Total,_T: Total,_T: Total,2020,6.3,,PCNT: %,,"While trend data are available, changes in the indicator definitions, age groups covered, as well as the measures and questions used to collect the information have changed over time. These factors affect the comparability of available data sources and require careful review and assessment in order to accurately and reliably draw conclusions about trends over time for most countries. For this reason, trend data for this indicator are not included in UNICEF global databases.",,,,,,,RP: Reported,,"MICS 2019-20, UNICEF and ILO calculations",,,,,EOF: End of fieldwork,2019-20,0: Not Known,
UNICEF:PT(1.0): Child Protection,PSE: State of Palestine,PT_CHLD_5-17_LBR_ECON: Percentage of children (aged 5-17 years) engaged in child labour (economic activities),M: Male,Y5T17: 5 to 17 years old,_T: Total,_T: Total,_T: Total,_T: Total,2020,9.2,,PCNT: %,,"While trend data are available, changes in the indicator definitions, age groups covered, as well as the measures and questions used to collect the information have changed over time. These factors affect the comparability of available data sources and require careful review and assessment in order to accurately and reliably draw conclusions about trends over time for most countries. For this reason, trend data for this indicator are not included in UNICEF global databases.",,,,,,,RP: Reported,,"MICS 2019-20, UNICEF and ILO calculations",,,,,EOF: End of fieldwork,2019-20,0: Not Known,
UNICEF:PT(1.0): Child Protection,PSE: State of Palestine,PT_CHLD_5-17_LBR_ECON: Percentage of children (aged 5-17 years) engaged in child labour (economic activities),F: Female,Y5T17: 5 to 17 years old,_T: Total,_T: Total,_T: Total,_T: Total,2020,3.3,,PCNT: %,,"While trend data are available, changes in the indicator definitions, age groups covered, as well as the measures and questions used to collect the information have changed over time. These factors affect the comparability of available data sources and require careful review and assessment in order to accurately and reliably draw conclusions about trends over time for most countries. For this reason, trend data for this indicator are not included in UNICEF global databases.",,,,,,,RP: Reported,,"MICS 2019-20, UNICEF and ILO calculations",,,,,EOF: End of fieldwork,2019-20,0: Not Known,
UNICEF:PT(1.0): Child Protection,SDN: Sudan,PT_CHLD_5-17_LBR_ECON: Percentage of children (aged 5-17 years) engaged in child labour (economic activities),_T: Total,Y5T17: 5 to 17 years old,_T: Total,_T: Total,_T: Total,_T: Total,2022,15,,PCNT: %,,"While trend data are available, changes in the indicator definitions, age groups covered, as well as the measures and questions used to collect the information have changed over time. These factors affect the comparability of available data sources and require careful review and assessment in order to accurately and reliably draw conclusions about trends over time for most countries. For this reason, trend data for this indicator are not included in UNICEF global databases.",,,,,,,RA: Reanalysed,,"LMPS 2022, UNICEF and ILO calculations",,,,,EOF: End of fieldwork,2022,0: Not Known,
UNICEF:PT(1.0): Child Protection,SDN: Sudan,PT_CHLD_5-17_LBR_ECON: Percentage of children (aged 5-17 years) engaged in child labour (economic activities),M: Male,Y5T17: 5 to 17 years old,_T: Total,_T: Total,_T: Total,_T: Total,2022,15,,PCNT: %,,"While trend data are available, changes in the indicator definitions, age groups covered, as well as the measures and questions used to collect the information have changed over time. These factors affect the comparability of available data sources and require careful review and assessment in order to accurately and reliably draw conclusions about trends over time for most countries. For this reason, trend data for this indicator are not included in UNICEF global databases.",,,,,,,RA: Reanalysed,,"LMPS 2022, UNICEF and ILO calculations",,,,,EOF: End of fieldwork,2022,0: Not Known,
UNICEF:PT(1.0): Child Protection,SDN: Sudan,PT_CHLD_5-17_LBR_ECON: Percentage of children (aged 5-17 years) engaged in child labour (economic activities),F: Female,Y5T17: 5 to 17 years old,_T: Total,_T: Total,_T: Total,_T: Total,2022,15,,PCNT: %,,"While trend data are available, changes in the indicator definitions, age groups covered, as well as the measures and questions used to collect the information have changed over time. These factors affect the comparability of available data sources and require careful review and assessment in order to accurately and reliably draw conclusions about trends over time for most countries. For this reason, trend data for this indicator are not included in UNICEF global databases.",,,,,,,RA: Reanalysed,,"LMPS 2022, UNICEF and ILO calculations",,,,,EOF: End of fieldwork,2022,0: Not Known,
UNICEF:PT(1.0): Child Protection,SEN: Senegal,PT_CHLD_5-17_LBR_ECON: Percentage of children (aged 5-17 years) engaged in child labour (economic activities),_T: Total,Y5T17: 5 to 17 years old,_T: Total,_T: Total,_T: Total,_T: Total,2022,8.6,,PCNT: %,,"While trend data are available, changes in the indicator definitions, age groups covered, as well as the measures and questions used to collect the information have changed over time. These factors affect the comparability of available data sources and require careful review and assessment in order to accurately and reliably draw conclusions about trends over time for most countries. For this reason, trend data for this indicator are not included in UNICEF global databases.",,,,,,,RA: Reanalysed,,"EHCVM 2022, UNICEF and ILO calculations",,,,,EOF: End of fieldwork,2022,0: Not Known,
UNICEF:PT(1.0): Child Protection,SEN: Senegal,PT_CHLD_5-17_LBR_ECON: Percentage of children (aged 5-17 years) engaged in child labour (economic activities),M: Male,Y5T17: 5 to 17 years old,_T: Total,_T: Total,_T: Total,_T: Total,2022,12.6,,PCNT: %,,"While trend data are available, changes in the indicator definitions, age groups covered, as well as the measures and questions used to collect the information have changed over time. These factors affect the comparability of available data sources and require careful review and assessment in order to accurately and reliably draw conclusions about trends over time for most countries. For this reason, trend data for this indicator are not included in UNICEF global databases.",,,,,,,RA: Reanalysed,,"EHCVM 2022, UNICEF and ILO calculations",,,,,EOF: End of fieldwork,2022,0: Not Known,
UNICEF:PT(1.0): Child Protection,SEN: Senegal,PT_CHLD_5-17_LBR_ECON: Percentage of children (aged 5-17 years) engaged in child labour (economic activities),F: Female,Y5T17: 5 to 17 years old,_T: Total,_T: Total,_T: Total,_T: Total,2022,4.7,,PCNT: %,,"While trend data are available, changes in the indicator definitions, age groups covered, as well as the measures and questions used to collect the information have changed over time. These factors affect the comparability of available data sources and require careful review and assessment in order to accurately and reliably draw conclusions about trends over time for most countries. For this reason, trend data for this indicator are not included in UNICEF global databases.",,,,,,,RA: Reanalysed,,"EHCVM 2022, UNICEF and ILO calculations",,,,,EOF: End of fieldwork,2022,0: Not Known,
UNICEF:PT(1.0): Child Protection,SLE: Sierra Leone,PT_CHLD_5-17_LBR_ECON: Percentage of children (aged 5-17 years) engaged in child labour (economic activities),_T: Total,Y5T17: 5 to 17 years old,_T: Total,_T: Total,_T: Total,_T: Total,2017,21,,PCNT: %,,"While trend data are available, changes in the indicator definitions, age groups covered, as well as the measures and questions used to collect the information have changed over time. These factors affect the comparability of available data sources and require careful review and assessment in order to accurately and reliably draw conclusions about trends over time for most countries. For this reason, trend data for this indicator are not included in UNICEF global databases.",,,,,x: Data refer to years or periods other than those specified in the column heading. Such data are not included in the calculation of regional and global averages. Estimates from data years prior to 2000 are not displayed.,,RA: Reanalysed,,"MICS 2017, UNICEF and ILO calculations",,,,,EOF: End of fieldwork,2017,0: Not Known,
UNICEF:PT(1.0): Child Protection,SLE: Sierra Leone,PT_CHLD_5-17_LBR_ECON: Percentage of children (aged 5-17 years) engaged in child labour (economic activities),M: Male,Y5T17: 5 to 17 years old,_T: Total,_T: Total,_T: Total,_T: Total,2017,22.5,,PCNT: %,,"While trend data are available, changes in the indicator definitions, age groups covered, as well as the measures and questions used to collect the information have changed over time. These factors affect the comparability of available data sources and require careful review and assessment in order to accurately and reliably draw conclusions about trends over time for most countries. For this reason, trend data for this indicator are not included in UNICEF global databases.",,,,,x: Data refer to years or periods other than those specified in the column heading. Such data are not included in the calculation of regional and global averages. Estimates from data years prior to 2000 are not displayed.,,RA: Reanalysed,,"MICS 2017, UNICEF and ILO calculations",,,,,EOF: End of fieldwork,2017,0: Not Known,
UNICEF:PT(1.0): Child Protection,SLE: Sierra Leone,PT_CHLD_5-17_LBR_ECON: Percentage of children (aged 5-17 years) engaged in child labour (economic activities),F: Female,Y5T17: 5 to 17 years old,_T: Total,_T: Total,_T: Total,_T: Total,2017,19.6,,PCNT: %,,"While trend data are available, changes in the indicator definitions, age groups covered, as well as the measures and questions used to collect the information have changed over time. These factors affect the comparability of available data sources and require careful review and assessment in order to accurately and reliably draw conclusions about trends over time for most countries. For this reason, trend data for this indicator are not included in UNICEF global databases.",,,,,x: Data refer to years or periods other than those specified in the column heading. Such data are not included in the calculation of regional and global averages. Estimates from data years prior to 2000 are not displayed.,,RA: Reanalysed,,"MICS 2017, UNICEF and ILO calculations",,,,,EOF: End of fieldwork,2017,0: Not Known,
UNICEF:PT(1.0): Child Protection,SLV: El Salvador,PT_CHLD_5-17_LBR_ECON: Percentage of children (aged 5-17 years) engaged in child labour (economic activities),_T: Total,Y5T17: 5 to 17 years old,_T: Total,_T: Total,_T: Total,_T: Total,2023,2.9,,PCNT: %,,"While trend data are available, changes in the indicator definitions, age groups covered, as well as the measures and questions used to collect the information have changed over time. These factors affect the comparability of available data sources and require careful review and assessment in order to accurately and reliably draw conclusions about trends over time for most countries. For this reason, trend data for this indicator are not included in UNICEF global databases.",,,,,,,RA: Reanalysed,,"EHPM 2023, UNICEF and ILO calculations",,,,,EOF: End of fieldwork,2023,0: Not Known,These estimates differ from published national estimates of child labour from the same source due to different treatment of economic activities and different hourly thresholds according to the national legislation.
UNICEF:PT(1.0): Child Protection,SLV: El Salvador,PT_CHLD_5-17_LBR_ECON: Percentage of children (aged 5-17 years) engaged in child labour (economic activities),M: Male,Y5T17: 5 to 17 years old,_T: Total,_T: Total,_T: Total,_T: Total,2023,4.1,,PCNT: %,,"While trend data are available, changes in the indicator definitions, age groups covered, as well as the measures and questions used to collect the information have changed over time. These factors affect the comparability of available data sources and require careful review and assessment in order to accurately and reliably draw conclusions about trends over time for most countries. For this reason, trend data for this indicator are not included in UNICEF global databases.",,,,,,,RA: Reanalysed,,"EHPM 2023, UNICEF and ILO calculations",,,,,EOF: End of fieldwork,2023,0: Not Known,These estimates differ from published national estimates of child labour from the same source due to different treatment of economic activities and different hourly thresholds according to the national legislation.
UNICEF:PT(1.0): Child Protection,SLV: El Salvador,PT_CHLD_5-17_LBR_ECON: Percentage of children (aged 5-17 years) engaged in child labour (economic activities),F: Female,Y5T17: 5 to 17 years old,_T: Total,_T: Total,_T: Total,_T: Total,2023,1.6,,PCNT: %,,"While trend data are available, changes in the indicator definitions, age groups covered, as well as the measures and questions used to collect the information have changed over time. These factors affect the comparability of available data sources and require careful review and assessment in order to accurately and reliably draw conclusions about trends over time for most countries. For this reason, trend data for this indicator are not included in UNICEF global databases.",,,,,,,RA: Reanalysed,,"EHPM 2023, UNICEF and ILO calculations",,,,,EOF: End of fieldwork,2023,0: Not Known,These estimates differ from published national estimates of child labour from the same source due to different treatment of economic activities and different hourly thresholds according to the national legislation.
UNICEF:PT(1.0): Child Protection,SRB: Serbia,PT_CHLD_5-17_LBR_ECON: Percentage of children (aged 5-17 years) engaged in child labour (economic activities),_T: Total,Y5T17: 5 to 17 years old,_T: Total,_T: Total,_T: Total,_T: Total,2019,9.1,,PCNT: %,,"While trend data are available, changes in the indicator definitions, age groups covered, as well as the measures and questions used to collect the information have changed over time. These factors affect the comparability of available data sources and require careful review and assessment in order to accurately and reliably draw conclusions about trends over time for most countries. For this reason, trend data for this indicator are not included in UNICEF global databases.",,,,,x: Data refer to years or periods other than those specified in the column heading. Such data are not included in the calculation of regional and global averages. Estimates from data years prior to 2000 are not displayed.,,RA: Reanalysed,,"MICS 2019, UNICEF and ILO calculations",,,,,EOF: End of fieldwork,2019,0: Not Known,
UNICEF:PT(1.0): Child Protection,SRB: Serbia,PT_CHLD_5-17_LBR_ECON: Percentage of children (aged 5-17 years) engaged in child labour (economic activities),M: Male,Y5T17: 5 to 17 years old,_T: Total,_T: Total,_T: Total,_T: Total,2019,11.1,,PCNT: %,,"While trend data are available, changes in the indicator definitions, age groups covered, as well as the measures and questions used to collect the information have changed over time. These factors affect the comparability of available data sources and require careful review and assessment in order to accurately and reliably draw conclusions about trends over time for most countries. For this reason, trend data for this indicator are not included in UNICEF global databases.",,,,,x: Data refer to years or periods other than those specified in the column heading. Such data are not included in the calculation of regional and global averages. Estimates from data years prior to 2000 are not displayed.,,RA: Reanalysed,,"MICS 2019, UNICEF and ILO calculations",,,,,EOF: End of fieldwork,2019,0: Not Known,
UNICEF:PT(1.0): Child Protection,SRB: Serbia,PT_CHLD_5-17_LBR_ECON: Percentage of children (aged 5-17 years) engaged in child labour (economic activities),F: Female,Y5T17: 5 to 17 years old,_T: Total,_T: Total,_T: Total,_T: Total,2019,6.8,,PCNT: %,,"While trend data are available, changes in the indicator definitions, age groups covered, as well as the measures and questions used to collect the information have changed over time. These factors affect the comparability of available data sources and require careful review and assessment in order to accurately and reliably draw conclusions about trends over time for most countries. For this reason, trend data for this indicator are not included in UNICEF global databases.",,,,,x: Data refer to years or periods other than those specified in the column heading. Such data are not included in the calculation of regional and global averages. Estimates from data years prior to 2000 are not displayed.,,RA: Reanalysed,,"MICS 2019, UNICEF and ILO calculations",,,,,EOF: End of fieldwork,2019,0: Not Known,
UNICEF:PT(1.0): Child Protection,STP: Sao Tome and Principe,PT_CHLD_5-17_LBR_ECON: Percentage of children (aged 5-17 years) engaged in child labour (economic activities),_T: Total,Y5T17: 5 to 17 years old,_T: Total,_T: Total,_T: Total,_T: Total,2019,6.7,,PCNT: %,,"While trend data are available, changes in the indicator definitions, age groups covered, as well as the measures and questions used to collect the information have changed over time. These factors affect the comparability of available data sources and require careful review and assessment in order to accurately and reliably draw conclusions about trends over time for most countries. For this reason, trend data for this indicator are not included in UNICEF global databases.",,,,,x: Data refer to years or periods other than those specified in the column heading. Such data are not included in the calculation of regional and global averages. Estimates from data years prior to 2000 are not displayed.,,RP: Reported,,"MICS 2019, UNICEF and ILO calculations",,,,,EOF: End of fieldwork,2019,0: Not Known,
UNICEF:PT(1.0): Child Protection,STP: Sao Tome and Principe,PT_CHLD_5-17_LBR_ECON: Percentage of children (aged 5-17 years) engaged in child labour (economic activities),M: Male,Y5T17: 5 to 17 years old,_T: Total,_T: Total,_T: Total,_T: Total,2019,6.1,,PCNT: %,,"While trend data are available, changes in the indicator definitions, age groups covered, as well as the measures and questions used to collect the information have changed over time. These factors affect the comparability of available data sources and require careful review and assessment in order to accurately and reliably draw conclusions about trends over time for most countries. For this reason, trend data for this indicator are not included in UNICEF global databases.",,,,,x: Data refer to years or periods other than those specified in the column heading. Such data are not included in the calculation of regional and global averages. Estimates from data years prior to 2000 are not displayed.,,RP: Reported,,"MICS 2019, UNICEF and ILO calculations",,,,,EOF: End of fieldwork,2019,0: Not Known,
UNICEF:PT(1.0): Child Protection,STP: Sao Tome and Principe,PT_CHLD_5-17_LBR_ECON: Percentage of children (aged 5-17 years) engaged in child labour (economic activities),F: Female,Y5T17: 5 to 17 years old,_T: Total,_T: Total,_T: Total,_T: Total,2019,7.4,,PCNT: %,,"While trend data are available, changes in the indicator definitions, age groups covered, as well as the measures and questions used to collect the information have changed over time. These factors affect the comparability of available data sources and require careful review and assessment in order to accurately and reliably draw conclusions about trends over time for most countries. For this reason, trend data for this indicator are not included in UNICEF global databases.",,,,,x: Data refer to years or periods other than those specified in the column heading. Such data are not included in the calculation of regional and global averages. Estimates from data years prior to 2000 are not displayed.,,RP: Reported,,"MICS 2019, UNICEF and ILO calculations",,,,,EOF: End of fieldwork,2019,0: Not Known,
UNICEF:PT(1.0): Child Protection,SUR: Suriname,PT_CHLD_5-17_LBR_ECON: Percentage of children (aged 5-17 years) engaged in child labour (economic activities),_T: Total,Y5T17: 5 to 17 years old,_T: Total,_T: Total,_T: Total,_T: Total,2018,3.4,,PCNT: %,,"While trend data are available, changes in the indicator definitions, age groups covered, as well as the measures and questions used to collect the information have changed over time. These factors affect the comparability of available data sources and require careful review and assessment in order to accurately and reliably draw conclusions about trends over time for most countries. For this reason, trend data for this indicator are not included in UNICEF global databases.",,,,,x: Data refer to years or periods other than those specified in the column heading. Such data are not included in the calculation of regional and global averages. Estimates from data years prior to 2000 are not displayed.,,RA: Reanalysed,,"MICS 2018, UNICEF and ILO calculations",,,,,EOF: End of fieldwork,2018,0: Not Known,
UNICEF:PT(1.0): Child Protection,SUR: Suriname,PT_CHLD_5-17_LBR_ECON: Percentage of children (aged 5-17 years) engaged in child labour (economic activities),M: Male,Y5T17: 5 to 17 years old,_T: Total,_T: Total,_T: Total,_T: Total,2018,4.4,,PCNT: %,,"While trend data are available, changes in the indicator definitions, age groups covered, as well as the measures and questions used to collect the information have changed over time. These factors affect the comparability of available data sources and require careful review and assessment in order to accurately and reliably draw conclusions about trends over time for most countries. For this reason, trend data for this indicator are not included in UNICEF global databases.",,,,,x: Data refer to years or periods other than those specified in the column heading. Such data are not included in the calculation of regional and global averages. Estimates from data years prior to 2000 are not displayed.,,RA: Reanalysed,,"MICS 2018, UNICEF and ILO calculations",,,,,EOF: End of fieldwork,2018,0: Not Known,
UNICEF:PT(1.0): Child Protection,SUR: Suriname,PT_CHLD_5-17_LBR_ECON: Percentage of children (aged 5-17 years) engaged in child labour (economic activities),F: Female,Y5T17: 5 to 17 years old,_T: Total,_T: Total,_T: Total,_T: Total,2018,2.4,,PCNT: %,,"While trend data are available, changes in the indicator definitions, age groups covered, as well as the measures and questions used to collect the information have changed over time. These factors affect the comparability of available data sources and require careful review and assessment in order to accurately and reliably draw conclusions about trends over time for most countries. For this reason, trend data for this indicator are not included in UNICEF global databases.",,,,,x: Data refer to years or periods other than those specified in the column heading. Such data are not included in the calculation of regional and global averages. Estimates from data years prior to 2000 are not displayed.,,RA: Reanalysed,,"MICS 2018, UNICEF and ILO calculations",,,,,EOF: End of fieldwork,2018,0: Not Known,
UNICEF:PT(1.0): Child Protection,SWZ: Eswatini,PT_CHLD_5-17_LBR_ECON: Percentage of children (aged 5-17 years) engaged in child labour (economic activities),_T: Total,Y5T17: 5 to 17 years old,_T: Total,_T: Total,_T: Total,_T: Total,2022,11.3,,PCNT: %,,"While trend data are available, changes in the indicator definitions, age groups covered, as well as the measures and questions used to collect the information have changed over time. These factors affect the comparability of available data sources and require careful review and assessment in order to accurately and reliably draw conclusions about trends over time for most countries. For this reason, trend data for this indicator are not included in UNICEF global databases.",,,,,,,RP: Reported,,"MICS 2021-22, UNICEF and ILO calculations",,,,,EOF: End of fieldwork,2021-22,0: Not Known,
UNICEF:PT(1.0): Child Protection,SWZ: Eswatini,PT_CHLD_5-17_LBR_ECON: Percentage of children (aged 5-17 years) engaged in child labour (economic activities),M: Male,Y5T17: 5 to 17 years old,_T: Total,_T: Total,_T: Total,_T: Total,2022,11,,PCNT: %,,"While trend data are available, changes in the indicator definitions, age groups covered, as well as the measures and questions used to collect the information have changed over time. These factors affect the comparability of available data sources and require careful review and assessment in order to accurately and reliably draw conclusions about trends over time for most countries. For this reason, trend data for this indicator are not included in UNICEF global databases.",,,,,,,RP: Reported,,"MICS 2021-22, UNICEF and ILO calculations",,,,,EOF: End of fieldwork,2021-22,0: Not Known,
UNICEF:PT(1.0): Child Protection,SWZ: Eswatini,PT_CHLD_5-17_LBR_ECON: Percentage of children (aged 5-17 years) engaged in child labour (economic activities),F: Female,Y5T17: 5 to 17 years old,_T: Total,_T: Total,_T: Total,_T: Total,2022,11.7,,PCNT: %,,"While trend data are available, changes in the indicator definitions, age groups covered, as well as the measures and questions used to collect the information have changed over time. These factors affect the comparability of available data sources and require careful review and assessment in order to accurately and reliably draw conclusions about trends over time for most countries. For this reason, trend data for this indicator are not included in UNICEF global databases.",,,,,,,RP: Reported,,"MICS 2021-22, UNICEF and ILO calculations",,,,,EOF: End of fieldwork,2021-22,0: Not Known,
UNICEF:PT(1.0): Child Protection,TCA: Turks and Caicos Islands,PT_CHLD_5-17_LBR_ECON: Percentage of children (aged 5-17 years) engaged in child labour (economic activities),_T: Total,Y5T17: 5 to 17 years old,_T: Total,_T: Total,_T: Total,_T: Total,2020,4.1,,PCNT: %,,"While trend data are available, changes in the indicator definitions, age groups covered, as well as the measures and questions used to collect the information have changed over time. These factors affect the comparability of available data sources and require careful review and assessment in order to accurately and reliably draw conclusions about trends over time for most countries. For this reason, trend data for this indicator are not included in UNICEF global databases.",,,,,,,RP: Reported,,"MICS 2019-20, UNICEF and ILO calculations",,,,,EOF: End of fieldwork,2019-20,0: Not Known,
UNICEF:PT(1.0): Child Protection,TCA: Turks and Caicos Islands,PT_CHLD_5-17_LBR_ECON: Percentage of children (aged 5-17 years) engaged in child labour (economic activities),M: Male,Y5T17: 5 to 17 years old,_T: Total,_T: Total,_T: Total,_T: Total,2020,5.7,,PCNT: %,,"While trend data are available, changes in the indicator definitions, age groups covered, as well as the measures and questions used to collect the information have changed over time. These factors affect the comparability of available data sources and require careful review and assessment in order to accurately and reliably draw conclusions about trends over time for most countries. For this reason, trend data for this indicator are not included in UNICEF global databases.",,,,,,,RP: Reported,,"MICS 2019-20, UNICEF and ILO calculations",,,,,EOF: End of fieldwork,2019-20,0: Not Known,
UNICEF:PT(1.0): Child Protection,TCA: Turks and Caicos Islands,PT_CHLD_5-17_LBR_ECON: Percentage of children (aged 5-17 years) engaged in child labour (economic activities),F: Female,Y5T17: 5 to 17 years old,_T: Total,_T: Total,_T: Total,_T: Total,2020,2.2,,PCNT: %,,"While trend data are available, changes in the indicator definitions, age groups covered, as well as the measures and questions used to collect the information have changed over time. These factors affect the comparability of available data sources and require careful review and assessment in order to accurately and reliably draw conclusions about trends over time for most countries. For this reason, trend data for this indicator are not included in UNICEF global databases.",,,,,,,RP: Reported,,"MICS 2019-20, UNICEF and ILO calculations",,,,,EOF: End of fieldwork,2019-20,0: Not Known,
UNICEF:PT(1.0): Child Protection,TCD: Chad,PT_CHLD_5-17_LBR_ECON: Percentage of children (aged 5-17 years) engaged in child labour (economic activities),_T: Total,Y5T17: 5 to 17 years old,_T: Total,_T: Total,_T: Total,_T: Total,2019,30.9,,PCNT: %,,"While trend data are available, changes in the indicator definitions, age groups covered, as well as the measures and questions used to collect the information have changed over time. These factors affect the comparability of available data sources and require careful review and assessment in order to accurately and reliably draw conclusions about trends over time for most countries. For this reason, trend data for this indicator are not included in UNICEF global databases.",,,,,x: Data refer to years or periods other than those specified in the column heading. Such data are not included in the calculation of regional and global averages. Estimates from data years prior to 2000 are not displayed.,,RP: Reported,,"MICS 2019, UNICEF and ILO calculations",,,,,EOF: End of fieldwork,2019,0: Not Known,
UNICEF:PT(1.0): Child Protection,TCD: Chad,PT_CHLD_5-17_LBR_ECON: Percentage of children (aged 5-17 years) engaged in child labour (economic activities),M: Male,Y5T17: 5 to 17 years old,_T: Total,_T: Total,_T: Total,_T: Total,2019,33.8,,PCNT: %,,"While trend data are available, changes in the indicator definitions, age groups covered, as well as the measures and questions used to collect the information have changed over time. These factors affect the comparability of available data sources and require careful review and assessment in order to accurately and reliably draw conclusions about trends over time for most countries. For this reason, trend data for this indicator are not included in UNICEF global databases.",,,,,x: Data refer to years or periods other than those specified in the column heading. Such data are not included in the calculation of regional and global averages. Estimates from data years prior to 2000 are not displayed.,,RP: Reported,,"MICS 2019, UNICEF and ILO calculations",,,,,EOF: End of fieldwork,2019,0: Not Known,
UNICEF:PT(1.0): Child Protection,TCD: Chad,PT_CHLD_5-17_LBR_ECON: Percentage of children (aged 5-17 years) engaged in child labour (economic activities),F: Female,Y5T17: 5 to 17 years old,_T: Total,_T: Total,_T: Total,_T: Total,2019,27.8,,PCNT: %,,"While trend data are available, changes in the indicator definitions, age groups covered, as well as the measures and questions used to collect the information have changed over time. These factors affect the comparability of available data sources and require careful review and assessment in order to accurately and reliably draw conclusions about trends over time for most countries. For this reason, trend data for this indicator are not included in UNICEF global databases.",,,,,x: Data refer to years or periods other than those specified in the column heading. Such data are not included in the calculation of regional and global averages. Estimates from data years prior to 2000 are not displayed.,,RP: Reported,,"MICS 2019, UNICEF and ILO calculations",,,,,EOF: End of fieldwork,2019,0: Not Known,
UNICEF:PT(1.0): Child Protection,TGO: Togo,PT_CHLD_5-17_LBR_ECON: Percentage of children (aged 5-17 years) engaged in child labour (economic activities),_T: Total,Y5T17: 5 to 17 years old,_T: Total,_T: Total,_T: Total,_T: Total,2022,25.7,,PCNT: %,,"While trend data are available, changes in the indicator definitions, age groups covered, as well as the measures and questions used to collect the information have changed over time. These factors affect the comparability of available data sources and require careful review and assessment in order to accurately and reliably draw conclusions about trends over time for most countries. For this reason, trend data for this indicator are not included in UNICEF global databases.",,,,,,,RA: Reanalysed,,"ECVM 2022, UNICEF and ILO calculations",,,,,EOF: End of fieldwork,2022,0: Not Known,
UNICEF:PT(1.0): Child Protection,TGO: Togo,PT_CHLD_5-17_LBR_ECON: Percentage of children (aged 5-17 years) engaged in child labour (economic activities),M: Male,Y5T17: 5 to 17 years old,_T: Total,_T: Total,_T: Total,_T: Total,2022,23.7,,PCNT: %,,"While trend data are available, changes in the indicator definitions, age groups covered, as well as the measures and questions used to collect the information have changed over time. These factors affect the comparability of available data sources and require careful review and assessment in order to accurately and reliably draw conclusions about trends over time for most countries. For this reason, trend data for this indicator are not included in UNICEF global databases.",,,,,,,RA: Reanalysed,,"ECVM 2022, UNICEF and ILO calculations",,,,,EOF: End of fieldwork,2022,0: Not Known,
UNICEF:PT(1.0): Child Protection,TGO: Togo,PT_CHLD_5-17_LBR_ECON: Percentage of children (aged 5-17 years) engaged in child labour (economic activities),F: Female,Y5T17: 5 to 17 years old,_T: Total,_T: Total,_T: Total,_T: Total,2022,27.8,,PCNT: %,,"While trend data are available, changes in the indicator definitions, age groups covered, as well as the measures and questions used to collect the information have changed over time. These factors affect the comparability of available data sources and require careful review and assessment in order to accurately and reliably draw conclusions about trends over time for most countries. For this reason, trend data for this indicator are not included in UNICEF global databases.",,,,,,,RA: Reanalysed,,"ECVM 2022, UNICEF and ILO calculations",,,,,EOF: End of fieldwork,2022,0: Not Known,
UNICEF:PT(1.0): Child Protection,TJK: Tajikistan,PT_CHLD_5-17_LBR_ECON: Percentage of children (aged 5-17 years) engaged in child labour (economic activities),_T: Total,Y12T17: 12 to 17 years old,_T: Total,_T: Total,_T: Total,_T: Total,2016,5,,PCNT: %,,"While trend data are available, changes in the indicator definitions, age groups covered, as well as the measures and questions used to collect the information have changed over time. These factors affect the comparability of available data sources and require careful review and assessment in order to accurately and reliably draw conclusions about trends over time for most countries. For this reason, trend data for this indicator are not included in UNICEF global databases.",,,,,x: Data refer to years or periods other than those specified in the column heading. Such data are not included in the calculation of regional and global averages. Estimates from data years prior to 2000 are not displayed.,"y: Data differ from the standard definition or refer to only part of a country. If they fall within the noted reference period, such data are included in the calculation of regional and global averages.",RA: Reanalysed,,"LFS 2016, UNICEF and ILO calculations (age 12+)",,,,,EOF: End of fieldwork,2016,0: Not Known,Age is 12-17 years
UNICEF:PT(1.0): Child Protection,TJK: Tajikistan,PT_CHLD_5-17_LBR_ECON: Percentage of children (aged 5-17 years) engaged in child labour (economic activities),M: Male,Y12T17: 12 to 17 years old,_T: Total,_T: Total,_T: Total,_T: Total,2016,6.1,,PCNT: %,,"While trend data are available, changes in the indicator definitions, age groups covered, as well as the measures and questions used to collect the information have changed over time. These factors affect the comparability of available data sources and require careful review and assessment in order to accurately and reliably draw conclusions about trends over time for most countries. For this reason, trend data for this indicator are not included in UNICEF global databases.",,,,,x: Data refer to years or periods other than those specified in the column heading. Such data are not included in the calculation of regional and global averages. Estimates from data years prior to 2000 are not displayed.,"y: Data differ from the standard definition or refer to only part of a country. If they fall within the noted reference period, such data are included in the calculation of regional and global averages.",RA: Reanalysed,,"LFS 2016, UNICEF and ILO calculations (age 12+)",,,,,EOF: End of fieldwork,2016,0: Not Known,Age is 12-17 years
UNICEF:PT(1.0): Child Protection,TJK: Tajikistan,PT_CHLD_5-17_LBR_ECON: Percentage of children (aged 5-17 years) engaged in child labour (economic activities),F: Female,Y12T17: 12 to 17 years old,_T: Total,_T: Total,_T: Total,_T: Total,2016,3.8,,PCNT: %,,"While trend data are available, changes in the indicator definitions, age groups covered, as well as the measures and questions used to collect the information have changed over time. These factors affect the comparability of available data sources and require careful review and assessment in order to accurately and reliably draw conclusions about trends over time for most countries. For this reason, trend data for this indicator are not included in UNICEF global databases.",,,,,x: Data refer to years or periods other than those specified in the column heading. Such data are not included in the calculation of regional and global averages. Estimates from data years prior to 2000 are not displayed.,"y: Data differ from the standard definition or refer to only part of a country. If they fall within the noted reference period, such data are included in the calculation of regional and global averages.",RA: Reanalysed,,"LFS 2016, UNICEF and ILO calculations (age 12+)",,,,,EOF: End of fieldwork,2016,0: Not Known,Age is 12-17 years
UNICEF:PT(1.0): Child Protection,TKM: Turkmenistan,PT_CHLD_5-17_LBR_ECON: Percentage of children (aged 5-17 years) engaged in child labour (economic activities),_T: Total,Y5T17: 5 to 17 years old,_T: Total,_T: Total,_T: Total,_T: Total,2016,0.3,,PCNT: %,,"While trend data are available, changes in the indicator definitions, age groups covered, as well as the measures and questions used to collect the information have changed over time. These factors affect the comparability of available data sources and require careful review and assessment in order to accurately and reliably draw conclusions about trends over time for most countries. For this reason, trend data for this indicator are not included in UNICEF global databases.",,,,,x: Data refer to years or periods other than those specified in the column heading. Such data are not included in the calculation of regional and global averages. Estimates from data years prior to 2000 are not displayed.,,RA: Reanalysed,,"MICS 2015-16, UNICEF and ILO calculations",,,,,EOF: End of fieldwork,2015-16,0: Not Known,
UNICEF:PT(1.0): Child Protection,TKM: Turkmenistan,PT_CHLD_5-17_LBR_ECON: Percentage of children (aged 5-17 years) engaged in child labour (economic activities),M: Male,Y5T17: 5 to 17 years old,_T: Total,_T: Total,_T: Total,_T: Total,2016,0.4,,PCNT: %,,"While trend data are available, changes in the indicator definitions, age groups covered, as well as the measures and questions used to collect the information have changed over time. These factors affect the comparability of available data sources and require careful review and assessment in order to accurately and reliably draw conclusions about trends over time for most countries. For this reason, trend data for this indicator are not included in UNICEF global databases.",,,,,x: Data refer to years or periods other than those specified in the column heading. Such data are not included in the calculation of regional and global averages. Estimates from data years prior to 2000 are not displayed.,,RA: Reanalysed,,"MICS 2015-16, UNICEF and ILO calculations",,,,,EOF: End of fieldwork,2015-16,0: Not Known,
UNICEF:PT(1.0): Child Protection,TKM: Turkmenistan,PT_CHLD_5-17_LBR_ECON: Percentage of children (aged 5-17 years) engaged in child labour (economic activities),F: Female,Y5T17: 5 to 17 years old,_T: Total,_T: Total,_T: Total,_T: Total,2016,0.1,,PCNT: %,,"While trend data are available, changes in the indicator definitions, age groups covered, as well as the measures and questions used to collect the information have changed over time. These factors affect the comparability of available data sources and require careful review and assessment in order to accurately and reliably draw conclusions about trends over time for most countries. For this reason, trend data for this indicator are not included in UNICEF global databases.",,,,,x: Data refer to years or periods other than those specified in the column heading. Such data are not included in the calculation of regional and global averages. Estimates from data years prior to 2000 are not displayed.,,RA: Reanalysed,,"MICS 2015-16, UNICEF and ILO calculations",,,,,EOF: End of fieldwork,2015-16,0: Not Known,
UNICEF:PT(1.0): Child Protection,TLS: Timor-Leste,PT_CHLD_5-17_LBR_ECON: Percentage of children (aged 5-17 years) engaged in child labour (economic activities),_T: Total,Y10T17: 10 to 17 years old,_T: Total,_T: Total,_T: Total,_T: Total,2022,3.7,,PCNT: %,,"While trend data are available, changes in the indicator definitions, age groups covered, as well as the measures and questions used to collect the information have changed over time. These factors affect the comparability of available data sources and require careful review and assessment in order to accurately and reliably draw conclusions about trends over time for most countries. For this reason, trend data for this indicator are not included in UNICEF global databases.",,,,,,"y: Data differ from the standard definition or refer to only part of a country. If they fall within the noted reference period, such data are included in the calculation of regional and global averages.",RA: Reanalysed,,"PHC 2022, UNICEF and ILO calculations",,,,,EOF: End of fieldwork,2022,0: Not Known,Age is 10-17 years
UNICEF:PT(1.0): Child Protection,TLS: Timor-Leste,PT_CHLD_5-17_LBR_ECON: Percentage of children (aged 5-17 years) engaged in child labour (economic activities),M: Male,Y10T17: 10 to 17 years old,_T: Total,_T: Total,_T: Total,_T: Total,2022,3.8,,PCNT: %,,"While trend data are available, changes in the indicator definitions, age groups covered, as well as the measures and questions used to collect the information have changed over time. These factors affect the comparability of available data sources and require careful review and assessment in order to accurately and reliably draw conclusions about trends over time for most countries. For this reason, trend data for this indicator are not included in UNICEF global databases.",,,,,,"y: Data differ from the standard definition or refer to only part of a country. If they fall within the noted reference period, such data are included in the calculation of regional and global averages.",RA: Reanalysed,,"PHC 2022, UNICEF and ILO calculations",,,,,EOF: End of fieldwork,2022,0: Not Known,Age is 10-17 years
UNICEF:PT(1.0): Child Protection,TLS: Timor-Leste,PT_CHLD_5-17_LBR_ECON: Percentage of children (aged 5-17 years) engaged in child labour (economic activities),F: Female,Y10T17: 10 to 17 years old,_T: Total,_T: Total,_T: Total,_T: Total,2022,3.5,,PCNT: %,,"While trend data are available, changes in the indicator definitions, age groups covered, as well as the measures and questions used to collect the information have changed over time. These factors affect the comparability of available data sources and require careful review and assessment in order to accurately and reliably draw conclusions about trends over time for most countries. For this reason, trend data for this indicator are not included in UNICEF global databases.",,,,,,"y: Data differ from the standard definition or refer to only part of a country. If they fall within the noted reference period, such data are included in the calculation of regional and global averages.",RA: Reanalysed,,"PHC 2022, UNICEF and ILO calculations",,,,,EOF: End of fieldwork,2022,0: Not Known,Age is 10-17 years
UNICEF:PT(1.0): Child Protection,TON: Tonga,PT_CHLD_5-17_LBR_ECON: Percentage of children (aged 5-17 years) engaged in child labour (economic activities),_T: Total,Y5T17: 5 to 17 years old,_T: Total,_T: Total,_T: Total,_T: Total,2019,25.9,,PCNT: %,,"While trend data are available, changes in the indicator definitions, age groups covered, as well as the measures and questions used to collect the information have changed over time. These factors affect the comparability of available data sources and require careful review and assessment in order to accurately and reliably draw conclusions about trends over time for most countries. For this reason, trend data for this indicator are not included in UNICEF global databases.",,,,,x: Data refer to years or periods other than those specified in the column heading. Such data are not included in the calculation of regional and global averages. Estimates from data years prior to 2000 are not displayed.,,RA: Reanalysed,,"MICS 2019, UNICEF and ILO calculations",,,,,EOF: End of fieldwork,2019,0: Not Known,
UNICEF:PT(1.0): Child Protection,TON: Tonga,PT_CHLD_5-17_LBR_ECON: Percentage of children (aged 5-17 years) engaged in child labour (economic activities),M: Male,Y5T17: 5 to 17 years old,_T: Total,_T: Total,_T: Total,_T: Total,2019,32.9,,PCNT: %,,"While trend data are available, changes in the indicator definitions, age groups covered, as well as the measures and questions used to collect the information have changed over time. These factors affect the comparability of available data sources and require careful review and assessment in order to accurately and reliably draw conclusions about trends over time for most countries. For this reason, trend data for this indicator are not included in UNICEF global databases.",,,,,x: Data refer to years or periods other than those specified in the column heading. Such data are not included in the calculation of regional and global averages. Estimates from data years prior to 2000 are not displayed.,,RA: Reanalysed,,"MICS 2019, UNICEF and ILO calculations",,,,,EOF: End of fieldwork,2019,0: Not Known,
UNICEF:PT(1.0): Child Protection,TON: Tonga,PT_CHLD_5-17_LBR_ECON: Percentage of children (aged 5-17 years) engaged in child labour (economic activities),F: Female,Y5T17: 5 to 17 years old,_T: Total,_T: Total,_T: Total,_T: Total,2019,18.5,,PCNT: %,,"While trend data are available, changes in the indicator definitions, age groups covered, as well as the measures and questions used to collect the information have changed over time. These factors affect the comparability of available data sources and require careful review and assessment in order to accurately and reliably draw conclusions about trends over time for most countries. For this reason, trend data for this indicator are not included in UNICEF global databases.",,,,,x: Data refer to years or periods other than those specified in the column heading. Such data are not included in the calculation of regional and global averages. Estimates from data years prior to 2000 are not displayed.,,RA: Reanalysed,,"MICS 2019, UNICEF and ILO calculations",,,,,EOF: End of fieldwork,2019,0: Not Known,
UNICEF:PT(1.0): Child Protection,TTO: Trinidad and Tobago,PT_CHLD_5-17_LBR_ECON: Percentage of children (aged 5-17 years) engaged in child labour (economic activities),_T: Total,Y5T17: 5 to 17 years old,_T: Total,_T: Total,_T: Total,_T: Total,2022,4.2,,PCNT: %,,"While trend data are available, changes in the indicator definitions, age groups covered, as well as the measures and questions used to collect the information have changed over time. These factors affect the comparability of available data sources and require careful review and assessment in order to accurately and reliably draw conclusions about trends over time for most countries. For this reason, trend data for this indicator are not included in UNICEF global databases.",,,,,,"y: Data differ from the standard definition or refer to only part of a country. If they fall within the noted reference period, such data are included in the calculation of regional and global averages.",RP: Reported,,"MICS 2022, UNICEF and ILO calculations",,,,,EOF: End of fieldwork,2022,0: Not Known,Only one (1) of the selected enumeration districts was not visited because of safety concerns during the fieldwork period
UNICEF:PT(1.0): Child Protection,TTO: Trinidad and Tobago,PT_CHLD_5-17_LBR_ECON: Percentage of children (aged 5-17 years) engaged in child labour (economic activities),M: Male,Y5T17: 5 to 17 years old,_T: Total,_T: Total,_T: Total,_T: Total,2022,5.4,,PCNT: %,,"While trend data are available, changes in the indicator definitions, age groups covered, as well as the measures and questions used to collect the information have changed over time. These factors affect the comparability of available data sources and require careful review and assessment in order to accurately and reliably draw conclusions about trends over time for most countries. For this reason, trend data for this indicator are not included in UNICEF global databases.",,,,,,"y: Data differ from the standard definition or refer to only part of a country. If they fall within the noted reference period, such data are included in the calculation of regional and global averages.",RP: Reported,,"MICS 2022, UNICEF and ILO calculations",,,,,EOF: End of fieldwork,2022,0: Not Known,Only one (1) of the selected enumeration districts was not visited because of safety concerns during the fieldwork period
UNICEF:PT(1.0): Child Protection,TTO: Trinidad and Tobago,PT_CHLD_5-17_LBR_ECON: Percentage of children (aged 5-17 years) engaged in child labour (economic activities),F: Female,Y5T17: 5 to 17 years old,_T: Total,_T: Total,_T: Total,_T: Total,2022,3,,PCNT: %,,"While trend data are available, changes in the indicator definitions, age groups covered, as well as the measures and questions used to collect the information have changed over time. These factors affect the comparability of available data sources and require careful review and assessment in order to accurately and reliably draw conclusions about trends over time for most countries. For this reason, trend data for this indicator are not included in UNICEF global databases.",,,,,,"y: Data differ from the standard definition or refer to only part of a country. If they fall within the noted reference period, such data are included in the calculation of regional and global averages.",RP: Reported,,"MICS 2022, UNICEF and ILO calculations",,,,,EOF: End of fieldwork,2022,0: Not Known,Only one (1) of the selected enumeration districts was not visited because of safety concerns during the fieldwork period
UNICEF:PT(1.0): Child Protection,TUN: Tunisia,PT_CHLD_5-17_LBR_ECON: Percentage of children (aged 5-17 years) engaged in child labour (economic activities),_T: Total,Y5T17: 5 to 17 years old,_T: Total,_T: Total,_T: Total,_T: Total,2023,1.7,,PCNT: %,,"While trend data are available, changes in the indicator definitions, age groups covered, as well as the measures and questions used to collect the information have changed over time. These factors affect the comparability of available data sources and require careful review and assessment in order to accurately and reliably draw conclusions about trends over time for most countries. For this reason, trend data for this indicator are not included in UNICEF global databases.",,,,,,,RP: Reported,,"MICS 2023, UNICEF and ILO calculations",,,,,EOF: End of fieldwork,2023,0: Not Known,
UNICEF:PT(1.0): Child Protection,TUN: Tunisia,PT_CHLD_5-17_LBR_ECON: Percentage of children (aged 5-17 years) engaged in child labour (economic activities),M: Male,Y5T17: 5 to 17 years old,_T: Total,_T: Total,_T: Total,_T: Total,2023,2.3,,PCNT: %,,"While trend data are available, changes in the indicator definitions, age groups covered, as well as the measures and questions used to collect the information have changed over time. These factors affect the comparability of available data sources and require careful review and assessment in order to accurately and reliably draw conclusions about trends over time for most countries. For this reason, trend data for this indicator are not included in UNICEF global databases.",,,,,,,RP: Reported,,"MICS 2023, UNICEF and ILO calculations",,,,,EOF: End of fieldwork,2023,0: Not Known,
UNICEF:PT(1.0): Child Protection,TUN: Tunisia,PT_CHLD_5-17_LBR_ECON: Percentage of children (aged 5-17 years) engaged in child labour (economic activities),F: Female,Y5T17: 5 to 17 years old,_T: Total,_T: Total,_T: Total,_T: Total,2023,1.2,,PCNT: %,,"While trend data are available, changes in the indicator definitions, age groups covered, as well as the measures and questions used to collect the information have changed over time. These factors affect the comparability of available data sources and require careful review and assessment in order to accurately and reliably draw conclusions about trends over time for most countries. For this reason, trend data for this indicator are not included in UNICEF global databases.",,,,,,,RP: Reported,,"MICS 2023, UNICEF and ILO calculations",,,,,EOF: End of fieldwork,2023,0: Not Known,
UNICEF:PT(1.0): Child Protection,TUR: Türkiye,PT_CHLD_5-17_LBR_ECON: Percentage of children (aged 5-17 years) engaged in child labour (economic activities),_T: Total,Y5T17: 5 to 17 years old,_T: Total,_T: Total,_T: Total,_T: Total,2022,5.6,,PCNT: %,,"While trend data are available, changes in the indicator definitions, age groups covered, as well as the measures and questions used to collect the information have changed over time. These factors affect the comparability of available data sources and require careful review and assessment in order to accurately and reliably draw conclusions about trends over time for most countries. For this reason, trend data for this indicator are not included in UNICEF global databases.",,,,,,,RA: Reanalysed,,"Türkiye Child Survey 2022, UNICEF and ILO calculations",,,,,EOF: End of fieldwork,2022,0: Not Known,
UNICEF:PT(1.0): Child Protection,TUR: Türkiye,PT_CHLD_5-17_LBR_ECON: Percentage of children (aged 5-17 years) engaged in child labour (economic activities),M: Male,Y5T17: 5 to 17 years old,_T: Total,_T: Total,_T: Total,_T: Total,2022,6.7,,PCNT: %,,"While trend data are available, changes in the indicator definitions, age groups covered, as well as the measures and questions used to collect the information have changed over time. These factors affect the comparability of available data sources and require careful review and assessment in order to accurately and reliably draw conclusions about trends over time for most countries. For this reason, trend data for this indicator are not included in UNICEF global databases.",,,,,,,RA: Reanalysed,,"Türkiye Child Survey 2022, UNICEF and ILO calculations",,,,,EOF: End of fieldwork,2022,0: Not Known,
UNICEF:PT(1.0): Child Protection,TUR: Türkiye,PT_CHLD_5-17_LBR_ECON: Percentage of children (aged 5-17 years) engaged in child labour (economic activities),F: Female,Y5T17: 5 to 17 years old,_T: Total,_T: Total,_T: Total,_T: Total,2022,4.5,,PCNT: %,,"While trend data are available, changes in the indicator definitions, age groups covered, as well as the measures and questions used to collect the information have changed over time. These factors affect the comparability of available data sources and require careful review and assessment in order to accurately and reliably draw conclusions about trends over time for most countries. For this reason, trend data for this indicator are not included in UNICEF global databases.",,,,,,,RA: Reanalysed,,"Türkiye Child Survey 2022, UNICEF and ILO calculations",,,,,EOF: End of fieldwork,2022,0: Not Known,
UNICEF:PT(1.0): Child Protection,TUV: Tuvalu,PT_CHLD_5-17_LBR_ECON: Percentage of children (aged 5-17 years) engaged in child labour (economic activities),_T: Total,Y5T17: 5 to 17 years old,_T: Total,_T: Total,_T: Total,_T: Total,2020,3.7,,PCNT: %,,"While trend data are available, changes in the indicator definitions, age groups covered, as well as the measures and questions used to collect the information have changed over time. These factors affect the comparability of available data sources and require careful review and assessment in order to accurately and reliably draw conclusions about trends over time for most countries. For this reason, trend data for this indicator are not included in UNICEF global databases.",,,,,,,RP: Reported,,"MICS 2019-20, UNICEF and ILO calculations",,,,,EOF: End of fieldwork,2019-20,0: Not Known,
UNICEF:PT(1.0): Child Protection,TUV: Tuvalu,PT_CHLD_5-17_LBR_ECON: Percentage of children (aged 5-17 years) engaged in child labour (economic activities),M: Male,Y5T17: 5 to 17 years old,_T: Total,_T: Total,_T: Total,_T: Total,2020,3.4,,PCNT: %,,"While trend data are available, changes in the indicator definitions, age groups covered, as well as the measures and questions used to collect the information have changed over time. These factors affect the comparability of available data sources and require careful review and assessment in order to accurately and reliably draw conclusions about trends over time for most countries. For this reason, trend data for this indicator are not included in UNICEF global databases.",,,,,,,RP: Reported,,"MICS 2019-20, UNICEF and ILO calculations",,,,,EOF: End of fieldwork,2019-20,0: Not Known,
UNICEF:PT(1.0): Child Protection,TUV: Tuvalu,PT_CHLD_5-17_LBR_ECON: Percentage of children (aged 5-17 years) engaged in child labour (economic activities),F: Female,Y5T17: 5 to 17 years old,_T: Total,_T: Total,_T: Total,_T: Total,2020,4,,PCNT: %,,"While trend data are available, changes in the indicator definitions, age groups covered, as well as the measures and questions used to collect the information have changed over time. These factors affect the comparability of available data sources and require careful review and assessment in order to accurately and reliably draw conclusions about trends over time for most countries. For this reason, trend data for this indicator are not included in UNICEF global databases.",,,,,,,RP: Reported,,"MICS 2019-20, UNICEF and ILO calculations",,,,,EOF: End of fieldwork,2019-20,0: Not Known,
UNICEF:PT(1.0): Child Protection,TZA: United Republic of Tanzania,PT_CHLD_5-17_LBR_ECON: Percentage of children (aged 5-17 years) engaged in child labour (economic activities),_T: Total,Y5T17: 5 to 17 years old,_T: Total,_T: Total,_T: Total,_T: Total,2021,15,,PCNT: %,,"While trend data are available, changes in the indicator definitions, age groups covered, as well as the measures and questions used to collect the information have changed over time. These factors affect the comparability of available data sources and require careful review and assessment in order to accurately and reliably draw conclusions about trends over time for most countries. For this reason, trend data for this indicator are not included in UNICEF global databases.",,,,,,,RA: Reanalysed,,"ILFS 2020-21, UNICEF and ILO calculations",,,,,EOF: End of fieldwork,2020-21,0: Not Known,These estimates differ from published national estimates of child labour from the same source due to different treatment of economic activities and different hourly thresholds according to the national legislation.
UNICEF:PT(1.0): Child Protection,TZA: United Republic of Tanzania,PT_CHLD_5-17_LBR_ECON: Percentage of children (aged 5-17 years) engaged in child labour (economic activities),M: Male,Y5T17: 5 to 17 years old,_T: Total,_T: Total,_T: Total,_T: Total,2021,16.9,,PCNT: %,,"While trend data are available, changes in the indicator definitions, age groups covered, as well as the measures and questions used to collect the information have changed over time. These factors affect the comparability of available data sources and require careful review and assessment in order to accurately and reliably draw conclusions about trends over time for most countries. For this reason, trend data for this indicator are not included in UNICEF global databases.",,,,,,,RA: Reanalysed,,"ILFS 2020-21, UNICEF and ILO calculations",,,,,EOF: End of fieldwork,2020-21,0: Not Known,These estimates differ from published national estimates of child labour from the same source due to different treatment of economic activities and different hourly thresholds according to the national legislation.
UNICEF:PT(1.0): Child Protection,TZA: United Republic of Tanzania,PT_CHLD_5-17_LBR_ECON: Percentage of children (aged 5-17 years) engaged in child labour (economic activities),F: Female,Y5T17: 5 to 17 years old,_T: Total,_T: Total,_T: Total,_T: Total,2021,13,,PCNT: %,,"While trend data are available, changes in the indicator definitions, age groups covered, as well as the measures and questions used to collect the information have changed over time. These factors affect the comparability of available data sources and require careful review and assessment in order to accurately and reliably draw conclusions about trends over time for most countries. For this reason, trend data for this indicator are not included in UNICEF global databases.",,,,,,,RA: Reanalysed,,"ILFS 2020-21, UNICEF and ILO calculations",,,,,EOF: End of fieldwork,2020-21,0: Not Known,These estimates differ from published national estimates of child labour from the same source due to different treatment of economic activities and different hourly thresholds according to the national legislation.
UNICEF:PT(1.0): Child Protection,UGA: Uganda,PT_CHLD_5-17_LBR_ECON: Percentage of children (aged 5-17 years) engaged in child labour (economic activities),_T: Total,Y5T17: 5 to 17 years old,_T: Total,_T: Total,_T: Total,_T: Total,2021,40.1,,PCNT: %,,"While trend data are available, changes in the indicator definitions, age groups covered, as well as the measures and questions used to collect the information have changed over time. These factors affect the comparability of available data sources and require careful review and assessment in order to accurately and reliably draw conclusions about trends over time for most countries. For this reason, trend data for this indicator are not included in UNICEF global databases.",,,,,,,RA: Reanalysed,,"NLFS 2021, UNICEF and ILO calculations",,,,,EOF: End of fieldwork,2021,0: Not Known,
UNICEF:PT(1.0): Child Protection,UGA: Uganda,PT_CHLD_5-17_LBR_ECON: Percentage of children (aged 5-17 years) engaged in child labour (economic activities),M: Male,Y5T17: 5 to 17 years old,_T: Total,_T: Total,_T: Total,_T: Total,2021,40.6,,PCNT: %,,"While trend data are available, changes in the indicator definitions, age groups covered, as well as the measures and questions used to collect the information have changed over time. These factors affect the comparability of available data sources and require careful review and assessment in order to accurately and reliably draw conclusions about trends over time for most countries. For this reason, trend data for this indicator are not included in UNICEF global databases.",,,,,,,RA: Reanalysed,,"NLFS 2021, UNICEF and ILO calculations",,,,,EOF: End of fieldwork,2021,0: Not Known,
UNICEF:PT(1.0): Child Protection,UGA: Uganda,PT_CHLD_5-17_LBR_ECON: Percentage of children (aged 5-17 years) engaged in child labour (economic activities),F: Female,Y5T17: 5 to 17 years old,_T: Total,_T: Total,_T: Total,_T: Total,2021,39.6,,PCNT: %,,"While trend data are available, changes in the indicator definitions, age groups covered, as well as the measures and questions used to collect the information have changed over time. These factors affect the comparability of available data sources and require careful review and assessment in order to accurately and reliably draw conclusions about trends over time for most countries. For this reason, trend data for this indicator are not included in UNICEF global databases.",,,,,,,RA: Reanalysed,,"NLFS 2021, UNICEF and ILO calculations",,,,,EOF: End of fieldwork,2021,0: Not Known,
UNICEF:PT(1.0): Child Protection,UZB: Uzbekistan,PT_CHLD_5-17_LBR_ECON: Percentage of children (aged 5-17 years) engaged in child labour (economic activities),_T: Total,Y5T17: 5 to 17 years old,_T: Total,_T: Total,_T: Total,_T: Total,2022,17.8,,PCNT: %,,"While trend data are available, changes in the indicator definitions, age groups covered, as well as the measures and questions used to collect the information have changed over time. These factors affect the comparability of available data sources and require careful review and assessment in order to accurately and reliably draw conclusions about trends over time for most countries. For this reason, trend data for this indicator are not included in UNICEF global databases.",,,,,,,RP: Reported,,"MICS 2021-22, UNICEF and ILO calculations",,,,,EOF: End of fieldwork,2021-22,0: Not Known,
UNICEF:PT(1.0): Child Protection,UZB: Uzbekistan,PT_CHLD_5-17_LBR_ECON: Percentage of children (aged 5-17 years) engaged in child labour (economic activities),M: Male,Y5T17: 5 to 17 years old,_T: Total,_T: Total,_T: Total,_T: Total,2022,21.1,,PCNT: %,,"While trend data are available, changes in the indicator definitions, age groups covered, as well as the measures and questions used to collect the information have changed over time. These factors affect the comparability of available data sources and require careful review and assessment in order to accurately and reliably draw conclusions about trends over time for most countries. For this reason, trend data for this indicator are not included in UNICEF global databases.",,,,,,,RP: Reported,,"MICS 2021-22, UNICEF and ILO calculations",,,,,EOF: End of fieldwork,2021-22,0: Not Known,
UNICEF:PT(1.0): Child Protection,UZB: Uzbekistan,PT_CHLD_5-17_LBR_ECON: Percentage of children (aged 5-17 years) engaged in child labour (economic activities),F: Female,Y5T17: 5 to 17 years old,_T: Total,_T: Total,_T: Total,_T: Total,2022,14.5,,PCNT: %,,"While trend data are available, changes in the indicator definitions, age groups covered, as well as the measures and questions used to collect the information have changed over time. These factors affect the comparability of available data sources and require careful review and assessment in order to accurately and reliably draw conclusions about trends over time for most countries. For this reason, trend data for this indicator are not included in UNICEF global databases.",,,,,,,RP: Reported,,"MICS 2021-22, UNICEF and ILO calculations",,,,,EOF: End of fieldwork,2021-22,0: Not Known,
UNICEF:PT(1.0): Child Protection,VNM: Viet Nam,PT_CHLD_5-17_LBR_ECON: Percentage of children (aged 5-17 years) engaged in child labour (economic activities),_T: Total,Y5T17: 5 to 17 years old,_T: Total,_T: Total,_T: Total,_T: Total,2023,1,,PCNT: %,,"While trend data are available, changes in the indicator definitions, age groups covered, as well as the measures and questions used to collect the information have changed over time. These factors affect the comparability of available data sources and require careful review and assessment in order to accurately and reliably draw conclusions about trends over time for most countries. For this reason, trend data for this indicator are not included in UNICEF global databases.",,,,,,,RA: Reanalysed,,LFS 2023,,,,,EOF: End of fieldwork,2023,0: Not Known,
UNICEF:PT(1.0): Child Protection,VNM: Viet Nam,PT_CHLD_5-17_LBR_ECON: Percentage of children (aged 5-17 years) engaged in child labour (economic activities),M: Male,Y5T17: 5 to 17 years old,_T: Total,_T: Total,_T: Total,_T: Total,2023,1,,PCNT: %,,"While trend data are available, changes in the indicator definitions, age groups covered, as well as the measures and questions used to collect the information have changed over time. These factors affect the comparability of available data sources and require careful review and assessment in order to accurately and reliably draw conclusions about trends over time for most countries. For this reason, trend data for this indicator are not included in UNICEF global databases.",,,,,,,RA: Reanalysed,,LFS 2023,,,,,EOF: End of fieldwork,2023,0: Not Known,
UNICEF:PT(1.0): Child Protection,VNM: Viet Nam,PT_CHLD_5-17_LBR_ECON: Percentage of children (aged 5-17 years) engaged in child labour (economic activities),F: Female,Y5T17: 5 to 17 years old,_T: Total,_T: Total,_T: Total,_T: Total,2023,0.9,,PCNT: %,,"While trend data are available, changes in the indicator definitions, age groups covered, as well as the measures and questions used to collect the information have changed over time. These factors affect the comparability of available data sources and require careful review and assessment in order to accurately and reliably draw conclusions about trends over time for most countries. For this reason, trend data for this indicator are not included in UNICEF global databases.",,,,,,,RA: Reanalysed,,LFS 2023,,,,,EOF: End of fieldwork,2023,0: Not Known,
UNICEF:PT(1.0): Child Protection,VUT: Vanuatu,PT_CHLD_5-17_LBR_ECON: Percentage of children (aged 5-17 years) engaged in child labour (economic activities),_T: Total,Y5T17: 5 to 17 years old,_T: Total,_T: Total,_T: Total,_T: Total,2023,26.7,,PCNT: %,,"While trend data are available, changes in the indicator definitions, age groups covered, as well as the measures and questions used to collect the information have changed over time. These factors affect the comparability of available data sources and require careful review and assessment in order to accurately and reliably draw conclusions about trends over time for most countries. For this reason, trend data for this indicator are not included in UNICEF global databases.",,,,,,"y: Data differ from the standard definition or refer to only part of a country. If they fall within the noted reference period, such data are included in the calculation of regional and global averages.",RP: Reported,,"MICS 2023, UNICEF and ILO calculations",,,,,EOF: End of fieldwork,2023,0: Not Known,One out of 238 EAs was not visited due to bad weather
UNICEF:PT(1.0): Child Protection,VUT: Vanuatu,PT_CHLD_5-17_LBR_ECON: Percentage of children (aged 5-17 years) engaged in child labour (economic activities),M: Male,Y5T17: 5 to 17 years old,_T: Total,_T: Total,_T: Total,_T: Total,2023,26,,PCNT: %,,"While trend data are available, changes in the indicator definitions, age groups covered, as well as the measures and questions used to collect the information have changed over time. These factors affect the comparability of available data sources and require careful review and assessment in order to accurately and reliably draw conclusions about trends over time for most countries. For this reason, trend data for this indicator are not included in UNICEF global databases.",,,,,,"y: Data differ from the standard definition or refer to only part of a country. If they fall within the noted reference period, such data are included in the calculation of regional and global averages.",RP: Reported,,"MICS 2023, UNICEF and ILO calculations",,,,,EOF: End of fieldwork,2023,0: Not Known,One out of 238 EAs was not visited due to bad weather
UNICEF:PT(1.0): Child Protection,VUT: Vanuatu,PT_CHLD_5-17_LBR_ECON: Percentage of children (aged 5-17 years) engaged in child labour (economic activities),F: Female,Y5T17: 5 to 17 years old,_T: Total,_T: Total,_T: Total,_T: Total,2023,27.4,,PCNT: %,,"While trend data are available, changes in the indicator definitions, age groups covered, as well as the measures and questions used to collect the information have changed over time. These factors affect the comparability of available data sources and require careful review and assessment in order to accurately and reliably draw conclusions about trends over time for most countries. For this reason, trend data for this indicator are not included in UNICEF global databases.",,,,,,"y: Data differ from the standard definition or refer to only part of a country. If they fall within the noted reference period, such data are included in the calculation of regional and global averages.",RP: Reported,,"MICS 2023, UNICEF and ILO calculations",,,,,EOF: End of fieldwork,2023,0: Not Known,One out of 238 EAs was not visited due to bad weather
UNICEF:PT(1.0): Child Protection,WSM: Samoa,PT_CHLD_5-17_LBR_ECON: Percentage of children (aged 5-17 years) engaged in child labour (economic activities),_T: Total,Y5T17: 5 to 17 years old,_T: Total,_T: Total,_T: Total,_T: Total,2022,6.9,,PCNT: %,,"While trend data are available, changes in the indicator definitions, age groups covered, as well as the measures and questions used to collect the information have changed over time. These factors affect the comparability of available data sources and require careful review and assessment in order to accurately and reliably draw conclusions about trends over time for most countries. For this reason, trend data for this indicator are not included in UNICEF global databases.",,,,,,,RA: Reanalysed,,"LFS 2022, UNICEF and ILO calculations",,,,,EOF: End of fieldwork,2022,0: Not Known,
UNICEF:PT(1.0): Child Protection,WSM: Samoa,PT_CHLD_5-17_LBR_ECON: Percentage of children (aged 5-17 years) engaged in child labour (economic activities),M: Male,Y5T17: 5 to 17 years old,_T: Total,_T: Total,_T: Total,_T: Total,2022,8.7,,PCNT: %,,"While trend data are available, changes in the indicator definitions, age groups covered, as well as the measures and questions used to collect the information have changed over time. These factors affect the comparability of available data sources and require careful review and assessment in order to accurately and reliably draw conclusions about trends over time for most countries. For this reason, trend data for this indicator are not included in UNICEF global databases.",,,,,,,RA: Reanalysed,,"LFS 2022, UNICEF and ILO calculations",,,,,EOF: End of fieldwork,2022,0: Not Known,
UNICEF:PT(1.0): Child Protection,WSM: Samoa,PT_CHLD_5-17_LBR_ECON: Percentage of children (aged 5-17 years) engaged in child labour (economic activities),F: Female,Y5T17: 5 to 17 years old,_T: Total,_T: Total,_T: Total,_T: Total,2022,4.9,,PCNT: %,,"While trend data are available, changes in the indicator definitions, age groups covered, as well as the measures and questions used to collect the information have changed over time. These factors affect the comparability of available data sources and require careful review and assessment in order to accurately and reliably draw conclusions about trends over time for most countries. For this reason, trend data for this indicator are not included in UNICEF global databases.",,,,,,,RA: Reanalysed,,"LFS 2022, UNICEF and ILO calculations",,,,,EOF: End of fieldwork,2022,0: Not Known,
UNICEF:PT(1.0): Child Protection,YEM: Yemen,PT_CHLD_5-17_LBR_ECON: Percentage of children (aged 5-17 years) engaged in child labour (economic activities),_T: Total,Y5T17: 5 to 17 years old,_T: Total,_T: Total,_T: Total,_T: Total,2023,7.7,,PCNT: %,,"While trend data are available, changes in the indicator definitions, age groups covered, as well as the measures and questions used to collect the information have changed over time. These factors affect the comparability of available data sources and require careful review and assessment in order to accurately and reliably draw conclusions about trends over time for most countries. For this reason, trend data for this indicator are not included in UNICEF global databases.",,,,,,"y: Data differ from the standard definition or refer to only part of a country. If they fall within the noted reference period, such data are included in the calculation of regional and global averages.",RP: Reported,,"MICS 2022-23, UNICEF and ILO calculations",,,,,EOF: End of fieldwork,2022-23,0: Not Known,41 out of the 880 selected enumeration areas could not be visited because they were inaccessible due to security and safety reasons during the fieldwork period.
UNICEF:PT(1.0): Child Protection,YEM: Yemen,PT_CHLD_5-17_LBR_ECON: Percentage of children (aged 5-17 years) engaged in child labour (economic activities),M: Male,Y5T17: 5 to 17 years old,_T: Total,_T: Total,_T: Total,_T: Total,2023,10,,PCNT: %,,"While trend data are available, changes in the indicator definitions, age groups covered, as well as the measures and questions used to collect the information have changed over time. These factors affect the comparability of available data sources and require careful review and assessment in order to accurately and reliably draw conclusions about trends over time for most countries. For this reason, trend data for this indicator are not included in UNICEF global databases.",,,,,,"y: Data differ from the standard definition or refer to only part of a country. If they fall within the noted reference period, such data are included in the calculation of regional and global averages.",RP: Reported,,"MICS 2022-23, UNICEF and ILO calculations",,,,,EOF: End of fieldwork,2022-23,0: Not Known,41 out of the 880 selected enumeration areas could not be visited because they were inaccessible due to security and safety reasons during the fieldwork period.
UNICEF:PT(1.0): Child Protection,YEM: Yemen,PT_CHLD_5-17_LBR_ECON: Percentage of children (aged 5-17 years) engaged in child labour (economic activities),F: Female,Y5T17: 5 to 17 years old,_T: Total,_T: Total,_T: Total,_T: Total,2023,5.3,,PCNT: %,,"While trend data are available, changes in the indicator definitions, age groups covered, as well as the measures and questions used to collect the information have changed over time. These factors affect the comparability of available data sources and require careful review and assessment in order to accurately and reliably draw conclusions about trends over time for most countries. For this reason, trend data for this indicator are not included in UNICEF global databases.",,,,,,"y: Data differ from the standard definition or refer to only part of a country. If they fall within the noted reference period, such data are included in the calculation of regional and global averages.",RP: Reported,,"MICS 2022-23, UNICEF and ILO calculations",,,,,EOF: End of fieldwork,2022-23,0: Not Known,41 out of the 880 selected enumeration areas could not be visited because they were inaccessible due to security and safety reasons during the fieldwork period.
UNICEF:PT(1.0): Child Protection,ZAF: South Africa,PT_CHLD_5-17_LBR_ECON: Percentage of children (aged 5-17 years) engaged in child labour (economic activities),_T: Total,Y5T17: 5 to 17 years old,_T: Total,_T: Total,_T: Total,_T: Total,2019,7,,PCNT: %,,"While trend data are available, changes in the indicator definitions, age groups covered, as well as the measures and questions used to collect the information have changed over time. These factors affect the comparability of available data sources and require careful review and assessment in order to accurately and reliably draw conclusions about trends over time for most countries. For this reason, trend data for this indicator are not included in UNICEF global databases.",,,,,x: Data refer to years or periods other than those specified in the column heading. Such data are not included in the calculation of regional and global averages. Estimates from data years prior to 2000 are not displayed.,,RA: Reanalysed,,"Survey of Activities of Young People 2019, UNICEF and ILO calculations",,,,,EOF: End of fieldwork,2019,0: Not Known,
UNICEF:PT(1.0): Child Protection,ZAF: South Africa,PT_CHLD_5-17_LBR_ECON: Percentage of children (aged 5-17 years) engaged in child labour (economic activities),M: Male,Y5T17: 5 to 17 years old,_T: Total,_T: Total,_T: Total,_T: Total,2019,7,,PCNT: %,,"While trend data are available, changes in the indicator definitions, age groups covered, as well as the measures and questions used to collect the information have changed over time. These factors affect the comparability of available data sources and require careful review and assessment in order to accurately and reliably draw conclusions about trends over time for most countries. For this reason, trend data for this indicator are not included in UNICEF global databases.",,,,,x: Data refer to years or periods other than those specified in the column heading. Such data are not included in the calculation of regional and global averages. Estimates from data years prior to 2000 are not displayed.,,RA: Reanalysed,,"Survey of Activities of Young People 2019, UNICEF and ILO calculations",,,,,EOF: End of fieldwork,2019,0: Not Known,
UNICEF:PT(1.0): Child Protection,ZAF: South Africa,PT_CHLD_5-17_LBR_ECON: Percentage of children (aged 5-17 years) engaged in child labour (economic activities),F: Female,Y5T17: 5 to 17 years old,_T: Total,_T: Total,_T: Total,_T: Total,2019,7.1,,PCNT: %,,"While trend data are available, changes in the indicator definitions, age groups covered, as well as the measures and questions used to collect the information have changed over time. These factors affect the comparability of available data sources and require careful review and assessment in order to accurately and reliably draw conclusions about trends over time for most countries. For this reason, trend data for this indicator are not included in UNICEF global databases.",,,,,x: Data refer to years or periods other than those specified in the column heading. Such data are not included in the calculation of regional and global averages. Estimates from data years prior to 2000 are not displayed.,,RA: Reanalysed,,"Survey of Activities of Young People 2019, UNICEF and ILO calculations",,,,,EOF: End of fieldwork,2019,0: Not Known,
UNICEF:PT(1.0): Child Protection,ZMB: Zambia,PT_CHLD_5-17_LBR_ECON: Percentage of children (aged 5-17 years) engaged in child labour (economic activities),_T: Total,Y5T17: 5 to 17 years old,_T: Total,_T: Total,_T: Total,_T: Total,2023,16.7,,PCNT: %,,"While trend data are available, changes in the indicator definitions, age groups covered, as well as the measures and questions used to collect the information have changed over time. These factors affect the comparability of available data sources and require careful review and assessment in order to accurately and reliably draw conclusions about trends over time for most countries. For this reason, trend data for this indicator are not included in UNICEF global databases.",,,,,,,RA: Reanalysed,,"LFS 2023, UNICEF and ILO calculations",,,,,EOF: End of fieldwork,2023,0: Not Known,
UNICEF:PT(1.0): Child Protection,ZMB: Zambia,PT_CHLD_5-17_LBR_ECON: Percentage of children (aged 5-17 years) engaged in child labour (economic activities),M: Male,Y5T17: 5 to 17 years old,_T: Total,_T: Total,_T: Total,_T: Total,2023,15.6,,PCNT: %,,"While trend data are available, changes in the indicator definitions, age groups covered, as well as the measures and questions used to collect the information have changed over time. These factors affect the comparability of available data sources and require careful review and assessment in order to accurately and reliably draw conclusions about trends over time for most countries. For this reason, trend data for this indicator are not included in UNICEF global databases.",,,,,,,RA: Reanalysed,,"LFS 2023, UNICEF and ILO calculations",,,,,EOF: End of fieldwork,2023,0: Not Known,
UNICEF:PT(1.0): Child Protection,ZMB: Zambia,PT_CHLD_5-17_LBR_ECON: Percentage of children (aged 5-17 years) engaged in child labour (economic activities),F: Female,Y5T17: 5 to 17 years old,_T: Total,_T: Total,_T: Total,_T: Total,2023,17.8,,PCNT: %,,"While trend data are available, changes in the indicator definitions, age groups covered, as well as the measures and questions used to collect the information have changed over time. These factors affect the comparability of available data sources and require careful review and assessment in order to accurately and reliably draw conclusions about trends over time for most countries. For this reason, trend data for this indicator are not included in UNICEF global databases.",,,,,,,RA: Reanalysed,,"LFS 2023, UNICEF and ILO calculations",,,,,EOF: End of fieldwork,2023,0: Not Known,
UNICEF:PT(1.0): Child Protection,ZWE: Zimbabwe,PT_CHLD_5-17_LBR_ECON: Percentage of children (aged 5-17 years) engaged in child labour (economic activities),_T: Total,Y5T17: 5 to 17 years old,_T: Total,_T: Total,_T: Total,_T: Total,2019,25.6,,PCNT: %,,"While trend data are available, changes in the indicator definitions, age groups covered, as well as the measures and questions used to collect the information have changed over time. These factors affect the comparability of available data sources and require careful review and assessment in order to accurately and reliably draw conclusions about trends over time for most countries. For this reason, trend data for this indicator are not included in UNICEF global databases.",,,,,x: Data refer to years or periods other than those specified in the column heading. Such data are not included in the calculation of regional and global averages. Estimates from data years prior to 2000 are not displayed.,,RA: Reanalysed,,"MICS 2019, UNICEF and ILO calculations",,,,,EOF: End of fieldwork,2019,0: Not Known,
UNICEF:PT(1.0): Child Protection,ZWE: Zimbabwe,PT_CHLD_5-17_LBR_ECON: Percentage of children (aged 5-17 years) engaged in child labour (economic activities),M: Male,Y5T17: 5 to 17 years old,_T: Total,_T: Total,_T: Total,_T: Total,2019,31.8,,PCNT: %,,"While trend data are available, changes in the indicator definitions, age groups covered, as well as the measures and questions used to collect the information have changed over time. These factors affect the comparability of available data sources and require careful review and assessment in order to accurately and reliably draw conclusions about trends over time for most countries. For this reason, trend data for this indicator are not included in UNICEF global databases.",,,,,x: Data refer to years or periods other than those specified in the column heading. Such data are not included in the calculation of regional and global averages. Estimates from data years prior to 2000 are not displayed.,,RA: Reanalysed,,"MICS 2019, UNICEF and ILO calculations",,,,,EOF: End of fieldwork,2019,0: Not Known,
UNICEF:PT(1.0): Child Protection,ZWE: Zimbabwe,PT_CHLD_5-17_LBR_ECON: Percentage of children (aged 5-17 years) engaged in child labour (economic activities),F: Female,Y5T17: 5 to 17 years old,_T: Total,_T: Total,_T: Total,_T: Total,2019,19,,PCNT: %,,"While trend data are available, changes in the indicator definitions, age groups covered, as well as the measures and questions used to collect the information have changed over time. These factors affect the comparability of available data sources and require careful review and assessment in order to accurately and reliably draw conclusions about trends over time for most countries. For this reason, trend data for this indicator are not included in UNICEF global databases.",,,,,x: Data refer to years or periods other than those specified in the column heading. Such data are not included in the calculation of regional and global averages. Estimates from data years prior to 2000 are not displayed.,,RA: Reanalysed,,"MICS 2019, UNICEF and ILO calculations",,,,,EOF: End of fieldwork,2019,0: Not Known,
