DATAFLOW,REF_AREA:Geographic area,INDICATOR:Indicator,SEX:Sex,AGE:Current age,RESIDENCE:Residence,EDUCATION_LEVEL:Education Level,TIME_PERIOD:Time period,OBS_VALUE:Observation Value,SERIES_FOOTNOTE:Series footnote,UNIT_MULTIPLIER:Unit multiplier,UNIT_MEASURE:Unit of measure,SOWC_FLAG_A:SOWC flag A,OBS_FOOTNOTE:Observation footnote,OBS_STATUS:Observation Status,DATA_SOURCE:Data Source,OBS_CONF:Observation confidentaility,TIME_PERIOD_METHOD:Time period activity related to when the data are collected,FREQ_COLL:Time interval at which the source data are collected
UNICEF:GENDER(1.0): Gender,AFG: Afghanistan,GN_IT_MOB_OWN: Proportion of individuals who own a mobile telephone,_T: Total,_T: Total,_T: Total,_T: Total,2016,47,,,PCNT: %,,,,SDG Portal,,,
UNICEF:GENDER(1.0): Gender,ARE: United Arab Emirates,GN_IT_MOB_OWN: Proportion of individuals who own a mobile telephone,_T: Total,_T: Total,_T: Total,_T: Total,2016,99,,,PCNT: %,,,,SDG Portal,,,
UNICEF:GENDER(1.0): Gender,ARE: United Arab Emirates,GN_IT_MOB_OWN: Proportion of individuals who own a mobile telephone,_T: Total,_T: Total,_T: Total,_T: Total,2017,99,,,PCNT: %,,,,SDG Portal,,,
UNICEF:GENDER(1.0): Gender,ARE: United Arab Emirates,GN_IT_MOB_OWN: Proportion of individuals who own a mobile telephone,_T: Total,_T: Total,_T: Total,_T: Total,2018,100,,,PCNT: %,,,,SDG Portal,,,
UNICEF:GENDER(1.0): Gender,ARE: United Arab Emirates,GN_IT_MOB_OWN: Proportion of individuals who own a mobile telephone,_T: Total,_T: Total,_T: Total,_T: Total,2019,100,,,PCNT: %,,,,SDG Portal,,,
UNICEF:GENDER(1.0): Gender,ARE: United Arab Emirates,GN_IT_MOB_OWN: Proportion of individuals who own a mobile telephone,_T: Total,_T: Total,_T: Total,_T: Total,2020,100,,,PCNT: %,,,,SDG Portal,,,
UNICEF:GENDER(1.0): Gender,ARE: United Arab Emirates,GN_IT_MOB_OWN: Proportion of individuals who own a mobile telephone,_T: Total,_T: Total,_T: Total,_T: Total,2021,100,,,PCNT: %,,,,SDG Portal,,,
UNICEF:GENDER(1.0): Gender,ARE: United Arab Emirates,GN_IT_MOB_OWN: Proportion of individuals who own a mobile telephone,_T: Total,_T: Total,_T: Total,_T: Total,2022,100,,,PCNT: %,,,,SDG Portal,,,
UNICEF:GENDER(1.0): Gender,ARE: United Arab Emirates,GN_IT_MOB_OWN: Proportion of individuals who own a mobile telephone,M: Male,_T: Total,_T: Total,_T: Total,2016,99,,,PCNT: %,,,,SDG Portal,,,
UNICEF:GENDER(1.0): Gender,ARE: United Arab Emirates,GN_IT_MOB_OWN: Proportion of individuals who own a mobile telephone,M: Male,_T: Total,_T: Total,_T: Total,2017,99,,,PCNT: %,,,,SDG Portal,,,
UNICEF:GENDER(1.0): Gender,ARE: United Arab Emirates,GN_IT_MOB_OWN: Proportion of individuals who own a mobile telephone,M: Male,_T: Total,_T: Total,_T: Total,2018,100,,,PCNT: %,,,,SDG Portal,,,
UNICEF:GENDER(1.0): Gender,ARE: United Arab Emirates,GN_IT_MOB_OWN: Proportion of individuals who own a mobile telephone,M: Male,_T: Total,_T: Total,_T: Total,2019,100,,,PCNT: %,,,,SDG Portal,,,
UNICEF:GENDER(1.0): Gender,ARE: United Arab Emirates,GN_IT_MOB_OWN: Proportion of individuals who own a mobile telephone,M: Male,_T: Total,_T: Total,_T: Total,2020,100,,,PCNT: %,,,,SDG Portal,,,
UNICEF:GENDER(1.0): Gender,ARE: United Arab Emirates,GN_IT_MOB_OWN: Proportion of individuals who own a mobile telephone,M: Male,_T: Total,_T: Total,_T: Total,2021,100,,,PCNT: %,,,,SDG Portal,,,
UNICEF:GENDER(1.0): Gender,ARE: United Arab Emirates,GN_IT_MOB_OWN: Proportion of individuals who own a mobile telephone,M: Male,_T: Total,_T: Total,_T: Total,2022,100,,,PCNT: %,,,,SDG Portal,,,
UNICEF:GENDER(1.0): Gender,ARE: United Arab Emirates,GN_IT_MOB_OWN: Proportion of individuals who own a mobile telephone,F: Female,_T: Total,_T: Total,_T: Total,2016,99,,,PCNT: %,,,,SDG Portal,,,
UNICEF:GENDER(1.0): Gender,ARE: United Arab Emirates,GN_IT_MOB_OWN: Proportion of individuals who own a mobile telephone,F: Female,_T: Total,_T: Total,_T: Total,2017,99,,,PCNT: %,,,,SDG Portal,,,
UNICEF:GENDER(1.0): Gender,ARE: United Arab Emirates,GN_IT_MOB_OWN: Proportion of individuals who own a mobile telephone,F: Female,_T: Total,_T: Total,_T: Total,2018,100,,,PCNT: %,,,,SDG Portal,,,
UNICEF:GENDER(1.0): Gender,ARE: United Arab Emirates,GN_IT_MOB_OWN: Proportion of individuals who own a mobile telephone,F: Female,_T: Total,_T: Total,_T: Total,2019,100,,,PCNT: %,,,,SDG Portal,,,
UNICEF:GENDER(1.0): Gender,ARE: United Arab Emirates,GN_IT_MOB_OWN: Proportion of individuals who own a mobile telephone,F: Female,_T: Total,_T: Total,_T: Total,2020,100,,,PCNT: %,,,,SDG Portal,,,
UNICEF:GENDER(1.0): Gender,ARE: United Arab Emirates,GN_IT_MOB_OWN: Proportion of individuals who own a mobile telephone,F: Female,_T: Total,_T: Total,_T: Total,2021,100,,,PCNT: %,,,,SDG Portal,,,
UNICEF:GENDER(1.0): Gender,ARE: United Arab Emirates,GN_IT_MOB_OWN: Proportion of individuals who own a mobile telephone,F: Female,_T: Total,_T: Total,_T: Total,2022,100,,,PCNT: %,,,,SDG Portal,,,
UNICEF:GENDER(1.0): Gender,ARG: Argentina,GN_IT_MOB_OWN: Proportion of individuals who own a mobile telephone,_T: Total,_T: Total,_T: Total,_T: Total,2019,84,,,PCNT: %,,,,SDG Portal,,,
UNICEF:GENDER(1.0): Gender,ARG: Argentina,GN_IT_MOB_OWN: Proportion of individuals who own a mobile telephone,_T: Total,_T: Total,_T: Total,_T: Total,2020,88,,,PCNT: %,,,,SDG Portal,,,
UNICEF:GENDER(1.0): Gender,ARG: Argentina,GN_IT_MOB_OWN: Proportion of individuals who own a mobile telephone,_T: Total,_T: Total,_T: Total,_T: Total,2021,88,,,PCNT: %,,,,SDG Portal,,,
UNICEF:GENDER(1.0): Gender,ARG: Argentina,GN_IT_MOB_OWN: Proportion of individuals who own a mobile telephone,_T: Total,_T: Total,_T: Total,_T: Total,2022,89,,,PCNT: %,,,,SDG Portal,,,
UNICEF:GENDER(1.0): Gender,ARG: Argentina,GN_IT_MOB_OWN: Proportion of individuals who own a mobile telephone,F: Female,_T: Total,_T: Total,_T: Total,2022,89,,,PCNT: %,,,,SDG Portal,,,
UNICEF:GENDER(1.0): Gender,ARG: Argentina,GN_IT_MOB_OWN: Proportion of individuals who own a mobile telephone,M: Male,_T: Total,_T: Total,_T: Total,2022,89,,,PCNT: %,,,,SDG Portal,,,
UNICEF:GENDER(1.0): Gender,ARM: Armenia,GN_IT_MOB_OWN: Proportion of individuals who own a mobile telephone,F: Female,_T: Total,_T: Total,_T: Total,2017,73,,,PCNT: %,,,,SDG Portal,,,
UNICEF:GENDER(1.0): Gender,ARM: Armenia,GN_IT_MOB_OWN: Proportion of individuals who own a mobile telephone,F: Female,_T: Total,_T: Total,_T: Total,2018,77,,,PCNT: %,,,,SDG Portal,,,
UNICEF:GENDER(1.0): Gender,ARM: Armenia,GN_IT_MOB_OWN: Proportion of individuals who own a mobile telephone,_T: Total,_T: Total,_T: Total,_T: Total,2017,73,,,PCNT: %,,,,SDG Portal,,,
UNICEF:GENDER(1.0): Gender,ARM: Armenia,GN_IT_MOB_OWN: Proportion of individuals who own a mobile telephone,_T: Total,_T: Total,_T: Total,_T: Total,2018,76,,,PCNT: %,,,,SDG Portal,,,
UNICEF:GENDER(1.0): Gender,ARM: Armenia,GN_IT_MOB_OWN: Proportion of individuals who own a mobile telephone,M: Male,_T: Total,_T: Total,_T: Total,2017,73,,,PCNT: %,,,,SDG Portal,,,
UNICEF:GENDER(1.0): Gender,ARM: Armenia,GN_IT_MOB_OWN: Proportion of individuals who own a mobile telephone,M: Male,_T: Total,_T: Total,_T: Total,2018,76,,,PCNT: %,,,,SDG Portal,,,
UNICEF:GENDER(1.0): Gender,AU_AFRICA: African Union,GN_IT_MOB_OWN: Proportion of individuals who own a mobile telephone,M: Male,_T: Total,_T: Total,_T: Total,2022,65.5,,,PCNT: %,,,,UNICEF Aggregates,,,
UNICEF:GENDER(1.0): Gender,AU_AFRICA: African Union,GN_IT_MOB_OWN: Proportion of individuals who own a mobile telephone,_T: Total,_T: Total,_T: Total,_T: Total,2022,60.4,,,PCNT: %,,,,UNICEF Aggregates,,,
UNICEF:GENDER(1.0): Gender,AU_AFRICA: African Union,GN_IT_MOB_OWN: Proportion of individuals who own a mobile telephone,F: Female,_T: Total,_T: Total,_T: Total,2022,55.9,,,PCNT: %,,,,UNICEF Aggregates,,,
UNICEF:GENDER(1.0): Gender,AU_EASTERN_AFRICA: Eastern Africa (African Union),GN_IT_MOB_OWN: Proportion of individuals who own a mobile telephone,_T: Total,_T: Total,_T: Total,_T: Total,2022,56.6,,,PCNT: %,,,,UNICEF Aggregates,,,
UNICEF:GENDER(1.0): Gender,AU_NORTHERN_AFRICA: Northern Africa (African Union),GN_IT_MOB_OWN: Proportion of individuals who own a mobile telephone,M: Male,_T: Total,_T: Total,_T: Total,2022,96.6,,,PCNT: %,,,,UNICEF Aggregates,,,
UNICEF:GENDER(1.0): Gender,AU_NORTHERN_AFRICA: Northern Africa (African Union),GN_IT_MOB_OWN: Proportion of individuals who own a mobile telephone,_T: Total,_T: Total,_T: Total,_T: Total,2022,94.1,,,PCNT: %,,,,UNICEF Aggregates,,,
UNICEF:GENDER(1.0): Gender,AU_NORTHERN_AFRICA: Northern Africa (African Union),GN_IT_MOB_OWN: Proportion of individuals who own a mobile telephone,F: Female,_T: Total,_T: Total,_T: Total,2022,92.3,,,PCNT: %,,,,UNICEF Aggregates,,,
UNICEF:GENDER(1.0): Gender,AU_SOUTHERN_AFRICA: Southern Africa (African Union),GN_IT_MOB_OWN: Proportion of individuals who own a mobile telephone,M: Male,_T: Total,_T: Total,_T: Total,2022,62.9,,,PCNT: %,,,,UNICEF Aggregates,,,
UNICEF:GENDER(1.0): Gender,AU_SOUTHERN_AFRICA: Southern Africa (African Union),GN_IT_MOB_OWN: Proportion of individuals who own a mobile telephone,_T: Total,_T: Total,_T: Total,_T: Total,2022,60,,,PCNT: %,,,,UNICEF Aggregates,,,
UNICEF:GENDER(1.0): Gender,AU_SOUTHERN_AFRICA: Southern Africa (African Union),GN_IT_MOB_OWN: Proportion of individuals who own a mobile telephone,F: Female,_T: Total,_T: Total,_T: Total,2022,61.7,,,PCNT: %,,,,UNICEF Aggregates,,,
UNICEF:GENDER(1.0): Gender,AU_WESTERN_AFRICA: Western Africa (African Union),GN_IT_MOB_OWN: Proportion of individuals who own a mobile telephone,M: Male,_T: Total,_T: Total,_T: Total,2022,55,,,PCNT: %,,,,UNICEF Aggregates,,,
UNICEF:GENDER(1.0): Gender,AU_WESTERN_AFRICA: Western Africa (African Union),GN_IT_MOB_OWN: Proportion of individuals who own a mobile telephone,_T: Total,_T: Total,_T: Total,_T: Total,2022,47.1,,,PCNT: %,,,,UNICEF Aggregates,,,
UNICEF:GENDER(1.0): Gender,AU_WESTERN_AFRICA: Western Africa (African Union),GN_IT_MOB_OWN: Proportion of individuals who own a mobile telephone,F: Female,_T: Total,_T: Total,_T: Total,2022,38.9,,,PCNT: %,,,,UNICEF Aggregates,,,
UNICEF:GENDER(1.0): Gender,AUREC_AMU: Arab Maghreb Union (AMU),GN_IT_MOB_OWN: Proportion of individuals who own a mobile telephone,M: Male,_T: Total,_T: Total,_T: Total,2022,93.4,,,PCNT: %,,,,UNICEF Aggregates,,,
UNICEF:GENDER(1.0): Gender,AUREC_AMU: Arab Maghreb Union (AMU),GN_IT_MOB_OWN: Proportion of individuals who own a mobile telephone,_T: Total,_T: Total,_T: Total,_T: Total,2022,90.1,,,PCNT: %,,,,UNICEF Aggregates,,,
UNICEF:GENDER(1.0): Gender,AUREC_AMU: Arab Maghreb Union (AMU),GN_IT_MOB_OWN: Proportion of individuals who own a mobile telephone,F: Female,_T: Total,_T: Total,_T: Total,2022,87.2,,,PCNT: %,,,,UNICEF Aggregates,,,
UNICEF:GENDER(1.0): Gender,AUREC_CEN_SAD: Community of Sahel-Saharan States (CEN-SAD),GN_IT_MOB_OWN: Proportion of individuals who own a mobile telephone,M: Male,_T: Total,_T: Total,_T: Total,2022,66.8,,,PCNT: %,,,,UNICEF Aggregates,,,
UNICEF:GENDER(1.0): Gender,AUREC_CEN_SAD: Community of Sahel-Saharan States (CEN-SAD),GN_IT_MOB_OWN: Proportion of individuals who own a mobile telephone,_T: Total,_T: Total,_T: Total,_T: Total,2022,60.7,,,PCNT: %,,,,UNICEF Aggregates,,,
UNICEF:GENDER(1.0): Gender,AUREC_CEN_SAD: Community of Sahel-Saharan States (CEN-SAD),GN_IT_MOB_OWN: Proportion of individuals who own a mobile telephone,F: Female,_T: Total,_T: Total,_T: Total,2022,54.2,,,PCNT: %,,,,UNICEF Aggregates,,,
UNICEF:GENDER(1.0): Gender,AUREC_COMESA: Common Market for Eastern and Southern Africa (COMESA),GN_IT_MOB_OWN: Proportion of individuals who own a mobile telephone,_T: Total,_T: Total,_T: Total,_T: Total,2022,64.3,,,PCNT: %,,,,UNICEF Aggregates,,,
UNICEF:GENDER(1.0): Gender,AUREC_ECOWAS: Economic Community of West African States (ECOWAS),GN_IT_MOB_OWN: Proportion of individuals who own a mobile telephone,M: Male,_T: Total,_T: Total,_T: Total,2022,55,,,PCNT: %,,,,UNICEF Aggregates,,,
UNICEF:GENDER(1.0): Gender,AUREC_ECOWAS: Economic Community of West African States (ECOWAS),GN_IT_MOB_OWN: Proportion of individuals who own a mobile telephone,_T: Total,_T: Total,_T: Total,_T: Total,2022,47.1,,,PCNT: %,,,,UNICEF Aggregates,,,
UNICEF:GENDER(1.0): Gender,AUREC_ECOWAS: Economic Community of West African States (ECOWAS),GN_IT_MOB_OWN: Proportion of individuals who own a mobile telephone,F: Female,_T: Total,_T: Total,_T: Total,2022,38.9,,,PCNT: %,,,,UNICEF Aggregates,,,
UNICEF:GENDER(1.0): Gender,AUREC_ECOWAS_202502: Economic Community of West African States (ECOWAS 2025),GN_IT_MOB_OWN: Proportion of individuals who own a mobile telephone,M: Male,_T: Total,_T: Total,_T: Total,2022,52.7,,,PCNT: %,,,,UNICEF Aggregates,,,
UNICEF:GENDER(1.0): Gender,AUREC_ECOWAS_202502: Economic Community of West African States (ECOWAS 2025),GN_IT_MOB_OWN: Proportion of individuals who own a mobile telephone,_T: Total,_T: Total,_T: Total,_T: Total,2022,45.3,,,PCNT: %,,,,UNICEF Aggregates,,,
UNICEF:GENDER(1.0): Gender,AUREC_ECOWAS_202502: Economic Community of West African States (ECOWAS 2025),GN_IT_MOB_OWN: Proportion of individuals who own a mobile telephone,F: Female,_T: Total,_T: Total,_T: Total,2022,37.3,,,PCNT: %,,,,UNICEF Aggregates,,,
UNICEF:GENDER(1.0): Gender,AUREC_IGAD: Intergovernmental Authority on Development (IGAD),GN_IT_MOB_OWN: Proportion of individuals who own a mobile telephone,_T: Total,_T: Total,_T: Total,_T: Total,2022,56.6,,,PCNT: %,,,,UNICEF Aggregates,,,
UNICEF:GENDER(1.0): Gender,AZE: Azerbaijan,GN_IT_MOB_OWN: Proportion of individuals who own a mobile telephone,_T: Total,_T: Total,_T: Total,_T: Total,2016,73,,,PCNT: %,,,,SDG Portal,,,
UNICEF:GENDER(1.0): Gender,AZE: Azerbaijan,GN_IT_MOB_OWN: Proportion of individuals who own a mobile telephone,_T: Total,_T: Total,_T: Total,_T: Total,2017,84,,,PCNT: %,,,,SDG Portal,,,
UNICEF:GENDER(1.0): Gender,AZE: Azerbaijan,GN_IT_MOB_OWN: Proportion of individuals who own a mobile telephone,_T: Total,_T: Total,_T: Total,_T: Total,2018,84,,,PCNT: %,,,,SDG Portal,,,
UNICEF:GENDER(1.0): Gender,AZE: Azerbaijan,GN_IT_MOB_OWN: Proportion of individuals who own a mobile telephone,_T: Total,_T: Total,_T: Total,_T: Total,2019,84,,,PCNT: %,,,,SDG Portal,,,
UNICEF:GENDER(1.0): Gender,AZE: Azerbaijan,GN_IT_MOB_OWN: Proportion of individuals who own a mobile telephone,_T: Total,_T: Total,_T: Total,_T: Total,2020,84,,,PCNT: %,,,,SDG Portal,,,
UNICEF:GENDER(1.0): Gender,AZE: Azerbaijan,GN_IT_MOB_OWN: Proportion of individuals who own a mobile telephone,_T: Total,_T: Total,_T: Total,_T: Total,2021,84,,,PCNT: %,,,,SDG Portal,,,
UNICEF:GENDER(1.0): Gender,AZE: Azerbaijan,GN_IT_MOB_OWN: Proportion of individuals who own a mobile telephone,_T: Total,_T: Total,_T: Total,_T: Total,2023,84,,,PCNT: %,,,,SDG Portal,,,
UNICEF:GENDER(1.0): Gender,AZE: Azerbaijan,GN_IT_MOB_OWN: Proportion of individuals who own a mobile telephone,F: Female,_T: Total,_T: Total,_T: Total,2016,70,,,PCNT: %,,,,SDG Portal,,,
UNICEF:GENDER(1.0): Gender,AZE: Azerbaijan,GN_IT_MOB_OWN: Proportion of individuals who own a mobile telephone,F: Female,_T: Total,_T: Total,_T: Total,2017,80,,,PCNT: %,,,,SDG Portal,,,
UNICEF:GENDER(1.0): Gender,AZE: Azerbaijan,GN_IT_MOB_OWN: Proportion of individuals who own a mobile telephone,F: Female,_T: Total,_T: Total,_T: Total,2018,79,,,PCNT: %,,,,SDG Portal,,,
UNICEF:GENDER(1.0): Gender,AZE: Azerbaijan,GN_IT_MOB_OWN: Proportion of individuals who own a mobile telephone,F: Female,_T: Total,_T: Total,_T: Total,2019,79,,,PCNT: %,,,,SDG Portal,,,
UNICEF:GENDER(1.0): Gender,AZE: Azerbaijan,GN_IT_MOB_OWN: Proportion of individuals who own a mobile telephone,F: Female,_T: Total,_T: Total,_T: Total,2020,80,,,PCNT: %,,,,SDG Portal,,,
UNICEF:GENDER(1.0): Gender,AZE: Azerbaijan,GN_IT_MOB_OWN: Proportion of individuals who own a mobile telephone,F: Female,_T: Total,_T: Total,_T: Total,2021,83,,,PCNT: %,,,,SDG Portal,,,
UNICEF:GENDER(1.0): Gender,AZE: Azerbaijan,GN_IT_MOB_OWN: Proportion of individuals who own a mobile telephone,F: Female,_T: Total,_T: Total,_T: Total,2023,83,,,PCNT: %,,,,SDG Portal,,,
UNICEF:GENDER(1.0): Gender,AZE: Azerbaijan,GN_IT_MOB_OWN: Proportion of individuals who own a mobile telephone,M: Male,_T: Total,_T: Total,_T: Total,2016,77,,,PCNT: %,,,,SDG Portal,,,
UNICEF:GENDER(1.0): Gender,AZE: Azerbaijan,GN_IT_MOB_OWN: Proportion of individuals who own a mobile telephone,M: Male,_T: Total,_T: Total,_T: Total,2017,88,,,PCNT: %,,,,SDG Portal,,,
UNICEF:GENDER(1.0): Gender,AZE: Azerbaijan,GN_IT_MOB_OWN: Proportion of individuals who own a mobile telephone,M: Male,_T: Total,_T: Total,_T: Total,2018,88,,,PCNT: %,,,,SDG Portal,,,
UNICEF:GENDER(1.0): Gender,AZE: Azerbaijan,GN_IT_MOB_OWN: Proportion of individuals who own a mobile telephone,M: Male,_T: Total,_T: Total,_T: Total,2019,88,,,PCNT: %,,,,SDG Portal,,,
UNICEF:GENDER(1.0): Gender,AZE: Azerbaijan,GN_IT_MOB_OWN: Proportion of individuals who own a mobile telephone,M: Male,_T: Total,_T: Total,_T: Total,2020,88,,,PCNT: %,,,,SDG Portal,,,
UNICEF:GENDER(1.0): Gender,AZE: Azerbaijan,GN_IT_MOB_OWN: Proportion of individuals who own a mobile telephone,M: Male,_T: Total,_T: Total,_T: Total,2021,85,,,PCNT: %,,,,SDG Portal,,,
UNICEF:GENDER(1.0): Gender,AZE: Azerbaijan,GN_IT_MOB_OWN: Proportion of individuals who own a mobile telephone,M: Male,_T: Total,_T: Total,_T: Total,2023,85,,,PCNT: %,,,,SDG Portal,,,
UNICEF:GENDER(1.0): Gender,BDI: Burundi,GN_IT_MOB_OWN: Proportion of individuals who own a mobile telephone,M: Male,_T: Total,_T: Total,_T: Total,2017,25,,,PCNT: %,,,,SDG Portal,,,
UNICEF:GENDER(1.0): Gender,BDI: Burundi,GN_IT_MOB_OWN: Proportion of individuals who own a mobile telephone,_T: Total,_T: Total,_T: Total,_T: Total,2017,18,,,PCNT: %,,,,SDG Portal,,,
UNICEF:GENDER(1.0): Gender,BDI: Burundi,GN_IT_MOB_OWN: Proportion of individuals who own a mobile telephone,F: Female,_T: Total,_T: Total,_T: Total,2017,12,,,PCNT: %,,,,SDG Portal,,,
UNICEF:GENDER(1.0): Gender,BGD: Bangladesh,GN_IT_MOB_OWN: Proportion of individuals who own a mobile telephone,_T: Total,_T: Total,_T: Total,_T: Total,2021,62,,,PCNT: %,,,,SDG Portal,,,
UNICEF:GENDER(1.0): Gender,BGD: Bangladesh,GN_IT_MOB_OWN: Proportion of individuals who own a mobile telephone,_T: Total,_T: Total,_T: Total,_T: Total,2023,64,,,PCNT: %,,,,SDG Portal,,,
UNICEF:GENDER(1.0): Gender,BGD: Bangladesh,GN_IT_MOB_OWN: Proportion of individuals who own a mobile telephone,F: Female,_T: Total,_T: Total,_T: Total,2021,51,,,PCNT: %,,,,SDG Portal,,,
UNICEF:GENDER(1.0): Gender,BGD: Bangladesh,GN_IT_MOB_OWN: Proportion of individuals who own a mobile telephone,F: Female,_T: Total,_T: Total,_T: Total,2023,55,,,PCNT: %,,,,SDG Portal,,,
UNICEF:GENDER(1.0): Gender,BGD: Bangladesh,GN_IT_MOB_OWN: Proportion of individuals who own a mobile telephone,M: Male,_T: Total,_T: Total,_T: Total,2021,72,,,PCNT: %,,,,SDG Portal,,,
UNICEF:GENDER(1.0): Gender,BGD: Bangladesh,GN_IT_MOB_OWN: Proportion of individuals who own a mobile telephone,M: Male,_T: Total,_T: Total,_T: Total,2023,72,,,PCNT: %,,,,SDG Portal,,,
UNICEF:GENDER(1.0): Gender,BHR: Bahrain,GN_IT_MOB_OWN: Proportion of individuals who own a mobile telephone,M: Male,_T: Total,_T: Total,_T: Total,2016,100,,,PCNT: %,,,,SDG Portal,,,
UNICEF:GENDER(1.0): Gender,BHR: Bahrain,GN_IT_MOB_OWN: Proportion of individuals who own a mobile telephone,M: Male,_T: Total,_T: Total,_T: Total,2017,100,,,PCNT: %,,,,SDG Portal,,,
UNICEF:GENDER(1.0): Gender,BHR: Bahrain,GN_IT_MOB_OWN: Proportion of individuals who own a mobile telephone,M: Male,_T: Total,_T: Total,_T: Total,2018,100,,,PCNT: %,,,,SDG Portal,,,
UNICEF:GENDER(1.0): Gender,BHR: Bahrain,GN_IT_MOB_OWN: Proportion of individuals who own a mobile telephone,M: Male,_T: Total,_T: Total,_T: Total,2019,100,,,PCNT: %,,,,SDG Portal,,,
UNICEF:GENDER(1.0): Gender,BHR: Bahrain,GN_IT_MOB_OWN: Proportion of individuals who own a mobile telephone,M: Male,_T: Total,_T: Total,_T: Total,2020,100,,,PCNT: %,,,,SDG Portal,,,
UNICEF:GENDER(1.0): Gender,BHR: Bahrain,GN_IT_MOB_OWN: Proportion of individuals who own a mobile telephone,M: Male,_T: Total,_T: Total,_T: Total,2021,100,,,PCNT: %,,,,SDG Portal,,,
UNICEF:GENDER(1.0): Gender,BHR: Bahrain,GN_IT_MOB_OWN: Proportion of individuals who own a mobile telephone,M: Male,_T: Total,_T: Total,_T: Total,2022,100,,,PCNT: %,,,,SDG Portal,,,
UNICEF:GENDER(1.0): Gender,BHR: Bahrain,GN_IT_MOB_OWN: Proportion of individuals who own a mobile telephone,_T: Total,_T: Total,_T: Total,_T: Total,2016,100,,,PCNT: %,,,,SDG Portal,,,
UNICEF:GENDER(1.0): Gender,BHR: Bahrain,GN_IT_MOB_OWN: Proportion of individuals who own a mobile telephone,_T: Total,_T: Total,_T: Total,_T: Total,2017,100,,,PCNT: %,,,,SDG Portal,,,
UNICEF:GENDER(1.0): Gender,BHR: Bahrain,GN_IT_MOB_OWN: Proportion of individuals who own a mobile telephone,_T: Total,_T: Total,_T: Total,_T: Total,2018,100,,,PCNT: %,,,,SDG Portal,,,
UNICEF:GENDER(1.0): Gender,BHR: Bahrain,GN_IT_MOB_OWN: Proportion of individuals who own a mobile telephone,_T: Total,_T: Total,_T: Total,_T: Total,2019,100,,,PCNT: %,,,,SDG Portal,,,
UNICEF:GENDER(1.0): Gender,BHR: Bahrain,GN_IT_MOB_OWN: Proportion of individuals who own a mobile telephone,_T: Total,_T: Total,_T: Total,_T: Total,2020,100,,,PCNT: %,,,,SDG Portal,,,
UNICEF:GENDER(1.0): Gender,BHR: Bahrain,GN_IT_MOB_OWN: Proportion of individuals who own a mobile telephone,_T: Total,_T: Total,_T: Total,_T: Total,2021,100,,,PCNT: %,,,,SDG Portal,,,
UNICEF:GENDER(1.0): Gender,BHR: Bahrain,GN_IT_MOB_OWN: Proportion of individuals who own a mobile telephone,_T: Total,_T: Total,_T: Total,_T: Total,2022,100,,,PCNT: %,,,,SDG Portal,,,
UNICEF:GENDER(1.0): Gender,BHR: Bahrain,GN_IT_MOB_OWN: Proportion of individuals who own a mobile telephone,F: Female,_T: Total,_T: Total,_T: Total,2016,100,,,PCNT: %,,,,SDG Portal,,,
UNICEF:GENDER(1.0): Gender,BHR: Bahrain,GN_IT_MOB_OWN: Proportion of individuals who own a mobile telephone,F: Female,_T: Total,_T: Total,_T: Total,2017,100,,,PCNT: %,,,,SDG Portal,,,
UNICEF:GENDER(1.0): Gender,BHR: Bahrain,GN_IT_MOB_OWN: Proportion of individuals who own a mobile telephone,F: Female,_T: Total,_T: Total,_T: Total,2018,100,,,PCNT: %,,,,SDG Portal,,,
UNICEF:GENDER(1.0): Gender,BHR: Bahrain,GN_IT_MOB_OWN: Proportion of individuals who own a mobile telephone,F: Female,_T: Total,_T: Total,_T: Total,2019,100,,,PCNT: %,,,,SDG Portal,,,
UNICEF:GENDER(1.0): Gender,BHR: Bahrain,GN_IT_MOB_OWN: Proportion of individuals who own a mobile telephone,F: Female,_T: Total,_T: Total,_T: Total,2020,100,,,PCNT: %,,,,SDG Portal,,,
UNICEF:GENDER(1.0): Gender,BHR: Bahrain,GN_IT_MOB_OWN: Proportion of individuals who own a mobile telephone,F: Female,_T: Total,_T: Total,_T: Total,2021,100,,,PCNT: %,,,,SDG Portal,,,
UNICEF:GENDER(1.0): Gender,BHR: Bahrain,GN_IT_MOB_OWN: Proportion of individuals who own a mobile telephone,F: Female,_T: Total,_T: Total,_T: Total,2022,100,,,PCNT: %,,,,SDG Portal,,,
UNICEF:GENDER(1.0): Gender,BLR: Belarus,GN_IT_MOB_OWN: Proportion of individuals who own a mobile telephone,F: Female,_T: Total,_T: Total,_T: Total,2017,95,,,PCNT: %,,,,SDG Portal,,,
UNICEF:GENDER(1.0): Gender,BLR: Belarus,GN_IT_MOB_OWN: Proportion of individuals who own a mobile telephone,F: Female,_T: Total,_T: Total,_T: Total,2018,96,,,PCNT: %,,,,SDG Portal,,,
UNICEF:GENDER(1.0): Gender,BLR: Belarus,GN_IT_MOB_OWN: Proportion of individuals who own a mobile telephone,F: Female,_T: Total,_T: Total,_T: Total,2019,96,,,PCNT: %,,,,SDG Portal,,,
UNICEF:GENDER(1.0): Gender,BLR: Belarus,GN_IT_MOB_OWN: Proportion of individuals who own a mobile telephone,F: Female,_T: Total,_T: Total,_T: Total,2020,97,,,PCNT: %,,,,SDG Portal,,,
UNICEF:GENDER(1.0): Gender,BLR: Belarus,GN_IT_MOB_OWN: Proportion of individuals who own a mobile telephone,F: Female,_T: Total,_T: Total,_T: Total,2021,98,,,PCNT: %,,,,SDG Portal,,,
UNICEF:GENDER(1.0): Gender,BLR: Belarus,GN_IT_MOB_OWN: Proportion of individuals who own a mobile telephone,F: Female,_T: Total,_T: Total,_T: Total,2022,98,,,PCNT: %,,,,SDG Portal,,,
UNICEF:GENDER(1.0): Gender,BLR: Belarus,GN_IT_MOB_OWN: Proportion of individuals who own a mobile telephone,_T: Total,_T: Total,_T: Total,_T: Total,2017,93,,,PCNT: %,,,,SDG Portal,,,
UNICEF:GENDER(1.0): Gender,BLR: Belarus,GN_IT_MOB_OWN: Proportion of individuals who own a mobile telephone,_T: Total,_T: Total,_T: Total,_T: Total,2018,95,,,PCNT: %,,,,SDG Portal,,,
UNICEF:GENDER(1.0): Gender,BLR: Belarus,GN_IT_MOB_OWN: Proportion of individuals who own a mobile telephone,_T: Total,_T: Total,_T: Total,_T: Total,2019,95,,,PCNT: %,,,,SDG Portal,,,
UNICEF:GENDER(1.0): Gender,BLR: Belarus,GN_IT_MOB_OWN: Proportion of individuals who own a mobile telephone,_T: Total,_T: Total,_T: Total,_T: Total,2020,96,,,PCNT: %,,,,SDG Portal,,,
UNICEF:GENDER(1.0): Gender,BLR: Belarus,GN_IT_MOB_OWN: Proportion of individuals who own a mobile telephone,_T: Total,_T: Total,_T: Total,_T: Total,2021,97,,,PCNT: %,,,,SDG Portal,,,
UNICEF:GENDER(1.0): Gender,BLR: Belarus,GN_IT_MOB_OWN: Proportion of individuals who own a mobile telephone,_T: Total,_T: Total,_T: Total,_T: Total,2022,97,,,PCNT: %,,,,SDG Portal,,,
UNICEF:GENDER(1.0): Gender,BLR: Belarus,GN_IT_MOB_OWN: Proportion of individuals who own a mobile telephone,M: Male,_T: Total,_T: Total,_T: Total,2017,91,,,PCNT: %,,,,SDG Portal,,,
UNICEF:GENDER(1.0): Gender,BLR: Belarus,GN_IT_MOB_OWN: Proportion of individuals who own a mobile telephone,M: Male,_T: Total,_T: Total,_T: Total,2018,94,,,PCNT: %,,,,SDG Portal,,,
UNICEF:GENDER(1.0): Gender,BLR: Belarus,GN_IT_MOB_OWN: Proportion of individuals who own a mobile telephone,M: Male,_T: Total,_T: Total,_T: Total,2019,94,,,PCNT: %,,,,SDG Portal,,,
UNICEF:GENDER(1.0): Gender,BLR: Belarus,GN_IT_MOB_OWN: Proportion of individuals who own a mobile telephone,M: Male,_T: Total,_T: Total,_T: Total,2020,95,,,PCNT: %,,,,SDG Portal,,,
UNICEF:GENDER(1.0): Gender,BLR: Belarus,GN_IT_MOB_OWN: Proportion of individuals who own a mobile telephone,M: Male,_T: Total,_T: Total,_T: Total,2021,96,,,PCNT: %,,,,SDG Portal,,,
UNICEF:GENDER(1.0): Gender,BLR: Belarus,GN_IT_MOB_OWN: Proportion of individuals who own a mobile telephone,M: Male,_T: Total,_T: Total,_T: Total,2022,96,,,PCNT: %,,,,SDG Portal,,,
UNICEF:GENDER(1.0): Gender,BRA: Brazil,GN_IT_MOB_OWN: Proportion of individuals who own a mobile telephone,M: Male,_T: Total,_T: Total,_T: Total,2016,82,,,PCNT: %,,,,SDG Portal,,,
UNICEF:GENDER(1.0): Gender,BRA: Brazil,GN_IT_MOB_OWN: Proportion of individuals who own a mobile telephone,M: Male,_T: Total,_T: Total,_T: Total,2017,83,,,PCNT: %,,,,SDG Portal,,,
UNICEF:GENDER(1.0): Gender,BRA: Brazil,GN_IT_MOB_OWN: Proportion of individuals who own a mobile telephone,M: Male,_T: Total,_T: Total,_T: Total,2018,82,,,PCNT: %,,,,SDG Portal,,,
UNICEF:GENDER(1.0): Gender,BRA: Brazil,GN_IT_MOB_OWN: Proportion of individuals who own a mobile telephone,M: Male,_T: Total,_T: Total,_T: Total,2019,83,,,PCNT: %,,,,SDG Portal,,,
UNICEF:GENDER(1.0): Gender,BRA: Brazil,GN_IT_MOB_OWN: Proportion of individuals who own a mobile telephone,M: Male,_T: Total,_T: Total,_T: Total,2020,88,,,PCNT: %,,,,SDG Portal,,,
UNICEF:GENDER(1.0): Gender,BRA: Brazil,GN_IT_MOB_OWN: Proportion of individuals who own a mobile telephone,M: Male,_T: Total,_T: Total,_T: Total,2021,88,,,PCNT: %,,,,SDG Portal,,,
UNICEF:GENDER(1.0): Gender,BRA: Brazil,GN_IT_MOB_OWN: Proportion of individuals who own a mobile telephone,M: Male,_T: Total,_T: Total,_T: Total,2022,87,,,PCNT: %,,,,SDG Portal,,,
UNICEF:GENDER(1.0): Gender,BRA: Brazil,GN_IT_MOB_OWN: Proportion of individuals who own a mobile telephone,F: Female,_T: Total,_T: Total,_T: Total,2016,84,,,PCNT: %,,,,SDG Portal,,,
UNICEF:GENDER(1.0): Gender,BRA: Brazil,GN_IT_MOB_OWN: Proportion of individuals who own a mobile telephone,F: Female,_T: Total,_T: Total,_T: Total,2017,84,,,PCNT: %,,,,SDG Portal,,,
UNICEF:GENDER(1.0): Gender,BRA: Brazil,GN_IT_MOB_OWN: Proportion of individuals who own a mobile telephone,F: Female,_T: Total,_T: Total,_T: Total,2018,84,,,PCNT: %,,,,SDG Portal,,,
UNICEF:GENDER(1.0): Gender,BRA: Brazil,GN_IT_MOB_OWN: Proportion of individuals who own a mobile telephone,F: Female,_T: Total,_T: Total,_T: Total,2019,86,,,PCNT: %,,,,SDG Portal,,,
UNICEF:GENDER(1.0): Gender,BRA: Brazil,GN_IT_MOB_OWN: Proportion of individuals who own a mobile telephone,F: Female,_T: Total,_T: Total,_T: Total,2020,90,,,PCNT: %,,,,SDG Portal,,,
UNICEF:GENDER(1.0): Gender,BRA: Brazil,GN_IT_MOB_OWN: Proportion of individuals who own a mobile telephone,F: Female,_T: Total,_T: Total,_T: Total,2021,90,,,PCNT: %,,,,SDG Portal,,,
UNICEF:GENDER(1.0): Gender,BRA: Brazil,GN_IT_MOB_OWN: Proportion of individuals who own a mobile telephone,F: Female,_T: Total,_T: Total,_T: Total,2022,89,,,PCNT: %,,,,SDG Portal,,,
UNICEF:GENDER(1.0): Gender,BRA: Brazil,GN_IT_MOB_OWN: Proportion of individuals who own a mobile telephone,_T: Total,_T: Total,_T: Total,_T: Total,2016,83,,,PCNT: %,,,,SDG Portal,,,
UNICEF:GENDER(1.0): Gender,BRA: Brazil,GN_IT_MOB_OWN: Proportion of individuals who own a mobile telephone,_T: Total,_T: Total,_T: Total,_T: Total,2017,83,,,PCNT: %,,,,SDG Portal,,,
UNICEF:GENDER(1.0): Gender,BRA: Brazil,GN_IT_MOB_OWN: Proportion of individuals who own a mobile telephone,_T: Total,_T: Total,_T: Total,_T: Total,2018,83,,,PCNT: %,,,,SDG Portal,,,
UNICEF:GENDER(1.0): Gender,BRA: Brazil,GN_IT_MOB_OWN: Proportion of individuals who own a mobile telephone,_T: Total,_T: Total,_T: Total,_T: Total,2019,85,,,PCNT: %,,,,SDG Portal,,,
UNICEF:GENDER(1.0): Gender,BRA: Brazil,GN_IT_MOB_OWN: Proportion of individuals who own a mobile telephone,_T: Total,_T: Total,_T: Total,_T: Total,2020,89,,,PCNT: %,,,,SDG Portal,,,
UNICEF:GENDER(1.0): Gender,BRA: Brazil,GN_IT_MOB_OWN: Proportion of individuals who own a mobile telephone,_T: Total,_T: Total,_T: Total,_T: Total,2021,89,,,PCNT: %,,,,SDG Portal,,,
UNICEF:GENDER(1.0): Gender,BRA: Brazil,GN_IT_MOB_OWN: Proportion of individuals who own a mobile telephone,_T: Total,_T: Total,_T: Total,_T: Total,2022,88,,,PCNT: %,,,,SDG Portal,,,
UNICEF:GENDER(1.0): Gender,BRN: Brunei Darussalam,GN_IT_MOB_OWN: Proportion of individuals who own a mobile telephone,F: Female,_T: Total,_T: Total,_T: Total,2016,99,,,PCNT: %,,,,SDG Portal,,,
UNICEF:GENDER(1.0): Gender,BRN: Brunei Darussalam,GN_IT_MOB_OWN: Proportion of individuals who own a mobile telephone,F: Female,_T: Total,_T: Total,_T: Total,2019,99,,,PCNT: %,,,,SDG Portal,,,
UNICEF:GENDER(1.0): Gender,BRN: Brunei Darussalam,GN_IT_MOB_OWN: Proportion of individuals who own a mobile telephone,_T: Total,_T: Total,_T: Total,_T: Total,2016,99,,,PCNT: %,,,,SDG Portal,,,
UNICEF:GENDER(1.0): Gender,BRN: Brunei Darussalam,GN_IT_MOB_OWN: Proportion of individuals who own a mobile telephone,_T: Total,_T: Total,_T: Total,_T: Total,2019,94,,,PCNT: %,,,,SDG Portal,,,
UNICEF:GENDER(1.0): Gender,BRN: Brunei Darussalam,GN_IT_MOB_OWN: Proportion of individuals who own a mobile telephone,M: Male,_T: Total,_T: Total,_T: Total,2016,99,,,PCNT: %,,,,SDG Portal,,,
UNICEF:GENDER(1.0): Gender,BRN: Brunei Darussalam,GN_IT_MOB_OWN: Proportion of individuals who own a mobile telephone,M: Male,_T: Total,_T: Total,_T: Total,2019,91,,,PCNT: %,,,,SDG Portal,,,
UNICEF:GENDER(1.0): Gender,BTN: Bhutan,GN_IT_MOB_OWN: Proportion of individuals who own a mobile telephone,_T: Total,_T: Total,_T: Total,_T: Total,2021,87,,,PCNT: %,,,,SDG Portal,,,
UNICEF:GENDER(1.0): Gender,BTN: Bhutan,GN_IT_MOB_OWN: Proportion of individuals who own a mobile telephone,F: Female,_T: Total,_T: Total,_T: Total,2021,88,,,PCNT: %,,,,SDG Portal,,,
UNICEF:GENDER(1.0): Gender,BTN: Bhutan,GN_IT_MOB_OWN: Proportion of individuals who own a mobile telephone,M: Male,_T: Total,_T: Total,_T: Total,2021,86,,,PCNT: %,,,,SDG Portal,,,
UNICEF:GENDER(1.0): Gender,CHE: Switzerland,GN_IT_MOB_OWN: Proportion of individuals who own a mobile telephone,_T: Total,_T: Total,_T: Total,_T: Total,2019,93,,,PCNT: %,,,,SDG Portal,,,
UNICEF:GENDER(1.0): Gender,CHE: Switzerland,GN_IT_MOB_OWN: Proportion of individuals who own a mobile telephone,_T: Total,_T: Total,_T: Total,_T: Total,2021,98,,,PCNT: %,,,,SDG Portal,,,
UNICEF:GENDER(1.0): Gender,CHE: Switzerland,GN_IT_MOB_OWN: Proportion of individuals who own a mobile telephone,F: Female,_T: Total,_T: Total,_T: Total,2019,92,,,PCNT: %,,,,SDG Portal,,,
UNICEF:GENDER(1.0): Gender,CHE: Switzerland,GN_IT_MOB_OWN: Proportion of individuals who own a mobile telephone,F: Female,_T: Total,_T: Total,_T: Total,2021,98,,,PCNT: %,,,,SDG Portal,,,
UNICEF:GENDER(1.0): Gender,CHE: Switzerland,GN_IT_MOB_OWN: Proportion of individuals who own a mobile telephone,M: Male,_T: Total,_T: Total,_T: Total,2019,94,,,PCNT: %,,,,SDG Portal,,,
UNICEF:GENDER(1.0): Gender,CHE: Switzerland,GN_IT_MOB_OWN: Proportion of individuals who own a mobile telephone,M: Male,_T: Total,_T: Total,_T: Total,2021,98,,,PCNT: %,,,,SDG Portal,,,
UNICEF:GENDER(1.0): Gender,CHL: Chile,GN_IT_MOB_OWN: Proportion of individuals who own a mobile telephone,F: Female,_T: Total,_T: Total,_T: Total,2016,99,,,PCNT: %,,,,SDG Portal,,,
UNICEF:GENDER(1.0): Gender,CHL: Chile,GN_IT_MOB_OWN: Proportion of individuals who own a mobile telephone,F: Female,_T: Total,_T: Total,_T: Total,2017,97,,,PCNT: %,,,,SDG Portal,,,
UNICEF:GENDER(1.0): Gender,CHL: Chile,GN_IT_MOB_OWN: Proportion of individuals who own a mobile telephone,_T: Total,_T: Total,_T: Total,_T: Total,2016,95,,,PCNT: %,,,,SDG Portal,,,
UNICEF:GENDER(1.0): Gender,CHL: Chile,GN_IT_MOB_OWN: Proportion of individuals who own a mobile telephone,_T: Total,_T: Total,_T: Total,_T: Total,2017,92,,,PCNT: %,,,,SDG Portal,,,
UNICEF:GENDER(1.0): Gender,CHL: Chile,GN_IT_MOB_OWN: Proportion of individuals who own a mobile telephone,M: Male,_T: Total,_T: Total,_T: Total,2016,92,,,PCNT: %,,,,SDG Portal,,,
UNICEF:GENDER(1.0): Gender,CHL: Chile,GN_IT_MOB_OWN: Proportion of individuals who own a mobile telephone,M: Male,_T: Total,_T: Total,_T: Total,2017,87,,,PCNT: %,,,,SDG Portal,,,
UNICEF:GENDER(1.0): Gender,CIV: Côte d'Ivoire,GN_IT_MOB_OWN: Proportion of individuals who own a mobile telephone,_T: Total,_T: Total,_T: Total,_T: Total,2016,60,,,PCNT: %,,,,SDG Portal,,,
UNICEF:GENDER(1.0): Gender,CIV: Côte d'Ivoire,GN_IT_MOB_OWN: Proportion of individuals who own a mobile telephone,_T: Total,_T: Total,_T: Total,_T: Total,2017,65,,,PCNT: %,,,,SDG Portal,,,
UNICEF:GENDER(1.0): Gender,CIV: Côte d'Ivoire,GN_IT_MOB_OWN: Proportion of individuals who own a mobile telephone,_T: Total,_T: Total,_T: Total,_T: Total,2018,66,,,PCNT: %,,,,SDG Portal,,,
UNICEF:GENDER(1.0): Gender,CIV: Côte d'Ivoire,GN_IT_MOB_OWN: Proportion of individuals who own a mobile telephone,_T: Total,_T: Total,_T: Total,_T: Total,2019,68,,,PCNT: %,,,,SDG Portal,,,
UNICEF:GENDER(1.0): Gender,CIV: Côte d'Ivoire,GN_IT_MOB_OWN: Proportion of individuals who own a mobile telephone,_T: Total,_T: Total,_T: Total,_T: Total,2022,63,,,PCNT: %,,,,SDG Portal,,,
UNICEF:GENDER(1.0): Gender,CIV: Côte d'Ivoire,GN_IT_MOB_OWN: Proportion of individuals who own a mobile telephone,M: Male,_T: Total,_T: Total,_T: Total,2017,81,,,PCNT: %,,,,SDG Portal,,,
UNICEF:GENDER(1.0): Gender,CIV: Côte d'Ivoire,GN_IT_MOB_OWN: Proportion of individuals who own a mobile telephone,M: Male,_T: Total,_T: Total,_T: Total,2018,75,,,PCNT: %,,,,SDG Portal,,,
UNICEF:GENDER(1.0): Gender,CIV: Côte d'Ivoire,GN_IT_MOB_OWN: Proportion of individuals who own a mobile telephone,M: Male,_T: Total,_T: Total,_T: Total,2019,71,,,PCNT: %,,,,SDG Portal,,,
UNICEF:GENDER(1.0): Gender,CIV: Côte d'Ivoire,GN_IT_MOB_OWN: Proportion of individuals who own a mobile telephone,M: Male,_T: Total,_T: Total,_T: Total,2022,66,,,PCNT: %,,,,SDG Portal,,,
UNICEF:GENDER(1.0): Gender,CIV: Côte d'Ivoire,GN_IT_MOB_OWN: Proportion of individuals who own a mobile telephone,F: Female,_T: Total,_T: Total,_T: Total,2017,47,,,PCNT: %,,,,SDG Portal,,,
UNICEF:GENDER(1.0): Gender,CIV: Côte d'Ivoire,GN_IT_MOB_OWN: Proportion of individuals who own a mobile telephone,F: Female,_T: Total,_T: Total,_T: Total,2018,58,,,PCNT: %,,,,SDG Portal,,,
UNICEF:GENDER(1.0): Gender,CIV: Côte d'Ivoire,GN_IT_MOB_OWN: Proportion of individuals who own a mobile telephone,F: Female,_T: Total,_T: Total,_T: Total,2019,64,,,PCNT: %,,,,SDG Portal,,,
UNICEF:GENDER(1.0): Gender,CIV: Côte d'Ivoire,GN_IT_MOB_OWN: Proportion of individuals who own a mobile telephone,F: Female,_T: Total,_T: Total,_T: Total,2022,61,,,PCNT: %,,,,SDG Portal,,,
UNICEF:GENDER(1.0): Gender,COL: Colombia,GN_IT_MOB_OWN: Proportion of individuals who own a mobile telephone,F: Female,_T: Total,_T: Total,_T: Total,2016,73,,,PCNT: %,,,,SDG Portal,,,
UNICEF:GENDER(1.0): Gender,COL: Colombia,GN_IT_MOB_OWN: Proportion of individuals who own a mobile telephone,F: Female,_T: Total,_T: Total,_T: Total,2017,74,,,PCNT: %,,,,SDG Portal,,,
UNICEF:GENDER(1.0): Gender,COL: Colombia,GN_IT_MOB_OWN: Proportion of individuals who own a mobile telephone,F: Female,_T: Total,_T: Total,_T: Total,2018,73,,,PCNT: %,,,,SDG Portal,,,
UNICEF:GENDER(1.0): Gender,COL: Colombia,GN_IT_MOB_OWN: Proportion of individuals who own a mobile telephone,F: Female,_T: Total,_T: Total,_T: Total,2019,74,,,PCNT: %,,,,SDG Portal,,,
UNICEF:GENDER(1.0): Gender,COL: Colombia,GN_IT_MOB_OWN: Proportion of individuals who own a mobile telephone,F: Female,_T: Total,_T: Total,_T: Total,2020,76,,,PCNT: %,,,,SDG Portal,,,
UNICEF:GENDER(1.0): Gender,COL: Colombia,GN_IT_MOB_OWN: Proportion of individuals who own a mobile telephone,F: Female,_T: Total,_T: Total,_T: Total,2021,77,,,PCNT: %,,,,SDG Portal,,,
UNICEF:GENDER(1.0): Gender,COL: Colombia,GN_IT_MOB_OWN: Proportion of individuals who own a mobile telephone,F: Female,_T: Total,_T: Total,_T: Total,2022,77,,,PCNT: %,,,,SDG Portal,,,
UNICEF:GENDER(1.0): Gender,COL: Colombia,GN_IT_MOB_OWN: Proportion of individuals who own a mobile telephone,_T: Total,_T: Total,_T: Total,_T: Total,2016,72,,,PCNT: %,,,,SDG Portal,,,
UNICEF:GENDER(1.0): Gender,COL: Colombia,GN_IT_MOB_OWN: Proportion of individuals who own a mobile telephone,_T: Total,_T: Total,_T: Total,_T: Total,2017,73,,,PCNT: %,,,,SDG Portal,,,
UNICEF:GENDER(1.0): Gender,COL: Colombia,GN_IT_MOB_OWN: Proportion of individuals who own a mobile telephone,_T: Total,_T: Total,_T: Total,_T: Total,2018,72,,,PCNT: %,,,,SDG Portal,,,
UNICEF:GENDER(1.0): Gender,COL: Colombia,GN_IT_MOB_OWN: Proportion of individuals who own a mobile telephone,_T: Total,_T: Total,_T: Total,_T: Total,2019,73,,,PCNT: %,,,,SDG Portal,,,
UNICEF:GENDER(1.0): Gender,COL: Colombia,GN_IT_MOB_OWN: Proportion of individuals who own a mobile telephone,_T: Total,_T: Total,_T: Total,_T: Total,2020,75,,,PCNT: %,,,,SDG Portal,,,
UNICEF:GENDER(1.0): Gender,COL: Colombia,GN_IT_MOB_OWN: Proportion of individuals who own a mobile telephone,_T: Total,_T: Total,_T: Total,_T: Total,2021,76,,,PCNT: %,,,,SDG Portal,,,
UNICEF:GENDER(1.0): Gender,COL: Colombia,GN_IT_MOB_OWN: Proportion of individuals who own a mobile telephone,_T: Total,_T: Total,_T: Total,_T: Total,2022,76,,,PCNT: %,,,,SDG Portal,,,
UNICEF:GENDER(1.0): Gender,COL: Colombia,GN_IT_MOB_OWN: Proportion of individuals who own a mobile telephone,M: Male,_T: Total,_T: Total,_T: Total,2016,71,,,PCNT: %,,,,SDG Portal,,,
UNICEF:GENDER(1.0): Gender,COL: Colombia,GN_IT_MOB_OWN: Proportion of individuals who own a mobile telephone,M: Male,_T: Total,_T: Total,_T: Total,2017,72,,,PCNT: %,,,,SDG Portal,,,
UNICEF:GENDER(1.0): Gender,COL: Colombia,GN_IT_MOB_OWN: Proportion of individuals who own a mobile telephone,M: Male,_T: Total,_T: Total,_T: Total,2018,71,,,PCNT: %,,,,SDG Portal,,,
UNICEF:GENDER(1.0): Gender,COL: Colombia,GN_IT_MOB_OWN: Proportion of individuals who own a mobile telephone,M: Male,_T: Total,_T: Total,_T: Total,2019,72,,,PCNT: %,,,,SDG Portal,,,
UNICEF:GENDER(1.0): Gender,COL: Colombia,GN_IT_MOB_OWN: Proportion of individuals who own a mobile telephone,M: Male,_T: Total,_T: Total,_T: Total,2020,74,,,PCNT: %,,,,SDG Portal,,,
UNICEF:GENDER(1.0): Gender,COL: Colombia,GN_IT_MOB_OWN: Proportion of individuals who own a mobile telephone,M: Male,_T: Total,_T: Total,_T: Total,2021,75,,,PCNT: %,,,,SDG Portal,,,
UNICEF:GENDER(1.0): Gender,COL: Colombia,GN_IT_MOB_OWN: Proportion of individuals who own a mobile telephone,M: Male,_T: Total,_T: Total,_T: Total,2022,75,,,PCNT: %,,,,SDG Portal,,,
UNICEF:GENDER(1.0): Gender,CPV: Cabo Verde,GN_IT_MOB_OWN: Proportion of individuals who own a mobile telephone,F: Female,_T: Total,_T: Total,_T: Total,2016,71,,,PCNT: %,,,,SDG Portal,,,
UNICEF:GENDER(1.0): Gender,CPV: Cabo Verde,GN_IT_MOB_OWN: Proportion of individuals who own a mobile telephone,F: Female,_T: Total,_T: Total,_T: Total,2017,74,,,PCNT: %,,,,SDG Portal,,,
UNICEF:GENDER(1.0): Gender,CPV: Cabo Verde,GN_IT_MOB_OWN: Proportion of individuals who own a mobile telephone,F: Female,_T: Total,_T: Total,_T: Total,2019,71,,,PCNT: %,,,,SDG Portal,,,
UNICEF:GENDER(1.0): Gender,CPV: Cabo Verde,GN_IT_MOB_OWN: Proportion of individuals who own a mobile telephone,_T: Total,_T: Total,_T: Total,_T: Total,2016,72,,,PCNT: %,,,,SDG Portal,,,
UNICEF:GENDER(1.0): Gender,CPV: Cabo Verde,GN_IT_MOB_OWN: Proportion of individuals who own a mobile telephone,_T: Total,_T: Total,_T: Total,_T: Total,2017,74,,,PCNT: %,,,,SDG Portal,,,
UNICEF:GENDER(1.0): Gender,CPV: Cabo Verde,GN_IT_MOB_OWN: Proportion of individuals who own a mobile telephone,_T: Total,_T: Total,_T: Total,_T: Total,2019,72,,,PCNT: %,,,,SDG Portal,,,
UNICEF:GENDER(1.0): Gender,CPV: Cabo Verde,GN_IT_MOB_OWN: Proportion of individuals who own a mobile telephone,M: Male,_T: Total,_T: Total,_T: Total,2016,74,,,PCNT: %,,,,SDG Portal,,,
UNICEF:GENDER(1.0): Gender,CPV: Cabo Verde,GN_IT_MOB_OWN: Proportion of individuals who own a mobile telephone,M: Male,_T: Total,_T: Total,_T: Total,2017,75,,,PCNT: %,,,,SDG Portal,,,
UNICEF:GENDER(1.0): Gender,CPV: Cabo Verde,GN_IT_MOB_OWN: Proportion of individuals who own a mobile telephone,M: Male,_T: Total,_T: Total,_T: Total,2019,73,,,PCNT: %,,,,SDG Portal,,,
UNICEF:GENDER(1.0): Gender,CUB: Cuba,GN_IT_MOB_OWN: Proportion of individuals who own a mobile telephone,_T: Total,_T: Total,_T: Total,_T: Total,2016,38,,,PCNT: %,,,,SDG Portal,,,
UNICEF:GENDER(1.0): Gender,CUB: Cuba,GN_IT_MOB_OWN: Proportion of individuals who own a mobile telephone,_T: Total,_T: Total,_T: Total,_T: Total,2018,51,,,PCNT: %,,,,SDG Portal,,,
UNICEF:GENDER(1.0): Gender,CUB: Cuba,GN_IT_MOB_OWN: Proportion of individuals who own a mobile telephone,_T: Total,_T: Total,_T: Total,_T: Total,2019,55,,,PCNT: %,,,,SDG Portal,,,
UNICEF:GENDER(1.0): Gender,CUB: Cuba,GN_IT_MOB_OWN: Proportion of individuals who own a mobile telephone,_T: Total,_T: Total,_T: Total,_T: Total,2020,63,,,PCNT: %,,,,SDG Portal,,,
UNICEF:GENDER(1.0): Gender,CUB: Cuba,GN_IT_MOB_OWN: Proportion of individuals who own a mobile telephone,_T: Total,_T: Total,_T: Total,_T: Total,2021,63,,,PCNT: %,,,,SDG Portal,,,
UNICEF:GENDER(1.0): Gender,CUW: Curaçao,GN_IT_MOB_OWN: Proportion of individuals who own a mobile telephone,M: Male,_T: Total,_T: Total,_T: Total,2017,86,,,PCNT: %,,,,SDG Portal,,,
UNICEF:GENDER(1.0): Gender,CUW: Curaçao,GN_IT_MOB_OWN: Proportion of individuals who own a mobile telephone,F: Female,_T: Total,_T: Total,_T: Total,2017,88,,,PCNT: %,,,,SDG Portal,,,
UNICEF:GENDER(1.0): Gender,CUW: Curaçao,GN_IT_MOB_OWN: Proportion of individuals who own a mobile telephone,_T: Total,_T: Total,_T: Total,_T: Total,2017,87,,,PCNT: %,,,,SDG Portal,,,
UNICEF:GENDER(1.0): Gender,CYP: Cyprus,GN_IT_MOB_OWN: Proportion of individuals who own a mobile telephone,M: Male,_T: Total,_T: Total,_T: Total,2016,97,,,PCNT: %,,,,SDG Portal,,,
UNICEF:GENDER(1.0): Gender,CYP: Cyprus,GN_IT_MOB_OWN: Proportion of individuals who own a mobile telephone,M: Male,_T: Total,_T: Total,_T: Total,2018,99,,,PCNT: %,,,,SDG Portal,,,
UNICEF:GENDER(1.0): Gender,CYP: Cyprus,GN_IT_MOB_OWN: Proportion of individuals who own a mobile telephone,_T: Total,_T: Total,_T: Total,_T: Total,2016,95,,,PCNT: %,,,,SDG Portal,,,
UNICEF:GENDER(1.0): Gender,CYP: Cyprus,GN_IT_MOB_OWN: Proportion of individuals who own a mobile telephone,_T: Total,_T: Total,_T: Total,_T: Total,2017,99,,,PCNT: %,,,,SDG Portal,,,
UNICEF:GENDER(1.0): Gender,CYP: Cyprus,GN_IT_MOB_OWN: Proportion of individuals who own a mobile telephone,_T: Total,_T: Total,_T: Total,_T: Total,2018,99,,,PCNT: %,,,,SDG Portal,,,
UNICEF:GENDER(1.0): Gender,CYP: Cyprus,GN_IT_MOB_OWN: Proportion of individuals who own a mobile telephone,F: Female,_T: Total,_T: Total,_T: Total,2016,93,,,PCNT: %,,,,SDG Portal,,,
UNICEF:GENDER(1.0): Gender,CYP: Cyprus,GN_IT_MOB_OWN: Proportion of individuals who own a mobile telephone,F: Female,_T: Total,_T: Total,_T: Total,2017,99,,,PCNT: %,,,,SDG Portal,,,
UNICEF:GENDER(1.0): Gender,CYP: Cyprus,GN_IT_MOB_OWN: Proportion of individuals who own a mobile telephone,F: Female,_T: Total,_T: Total,_T: Total,2018,98,,,PCNT: %,,,,SDG Portal,,,
UNICEF:GENDER(1.0): Gender,CZE: Czechia,GN_IT_MOB_OWN: Proportion of individuals who own a mobile telephone,F: Female,_T: Total,_T: Total,_T: Total,2020,99,,,PCNT: %,,,,SDG Portal,,,
UNICEF:GENDER(1.0): Gender,CZE: Czechia,GN_IT_MOB_OWN: Proportion of individuals who own a mobile telephone,F: Female,_T: Total,_T: Total,_T: Total,2021,99,,,PCNT: %,,,,SDG Portal,,,
UNICEF:GENDER(1.0): Gender,CZE: Czechia,GN_IT_MOB_OWN: Proportion of individuals who own a mobile telephone,F: Female,_T: Total,_T: Total,_T: Total,2022,99,,,PCNT: %,,,,SDG Portal,,,
UNICEF:GENDER(1.0): Gender,CZE: Czechia,GN_IT_MOB_OWN: Proportion of individuals who own a mobile telephone,M: Male,_T: Total,_T: Total,_T: Total,2020,99,,,PCNT: %,,,,SDG Portal,,,
UNICEF:GENDER(1.0): Gender,CZE: Czechia,GN_IT_MOB_OWN: Proportion of individuals who own a mobile telephone,M: Male,_T: Total,_T: Total,_T: Total,2021,99,,,PCNT: %,,,,SDG Portal,,,
UNICEF:GENDER(1.0): Gender,CZE: Czechia,GN_IT_MOB_OWN: Proportion of individuals who own a mobile telephone,M: Male,_T: Total,_T: Total,_T: Total,2022,99,,,PCNT: %,,,,SDG Portal,,,
UNICEF:GENDER(1.0): Gender,CZE: Czechia,GN_IT_MOB_OWN: Proportion of individuals who own a mobile telephone,_T: Total,_T: Total,_T: Total,_T: Total,2020,99,,,PCNT: %,,,,SDG Portal,,,
UNICEF:GENDER(1.0): Gender,CZE: Czechia,GN_IT_MOB_OWN: Proportion of individuals who own a mobile telephone,_T: Total,_T: Total,_T: Total,_T: Total,2021,99,,,PCNT: %,,,,SDG Portal,,,
UNICEF:GENDER(1.0): Gender,CZE: Czechia,GN_IT_MOB_OWN: Proportion of individuals who own a mobile telephone,_T: Total,_T: Total,_T: Total,_T: Total,2022,99,,,PCNT: %,,,,SDG Portal,,,
UNICEF:GENDER(1.0): Gender,DJI: Djibouti,GN_IT_MOB_OWN: Proportion of individuals who own a mobile telephone,M: Male,_T: Total,_T: Total,_T: Total,2017,61,,,PCNT: %,,,,SDG Portal,,,
UNICEF:GENDER(1.0): Gender,DJI: Djibouti,GN_IT_MOB_OWN: Proportion of individuals who own a mobile telephone,F: Female,_T: Total,_T: Total,_T: Total,2017,52,,,PCNT: %,,,,SDG Portal,,,
UNICEF:GENDER(1.0): Gender,DJI: Djibouti,GN_IT_MOB_OWN: Proportion of individuals who own a mobile telephone,_T: Total,_T: Total,_T: Total,_T: Total,2017,56,,,PCNT: %,,,,SDG Portal,,,
UNICEF:GENDER(1.0): Gender,DNK: Denmark,GN_IT_MOB_OWN: Proportion of individuals who own a mobile telephone,F: Female,_T: Total,_T: Total,_T: Total,2016,83,,,PCNT: %,,,,SDG Portal,,,
UNICEF:GENDER(1.0): Gender,DNK: Denmark,GN_IT_MOB_OWN: Proportion of individuals who own a mobile telephone,_T: Total,_T: Total,_T: Total,_T: Total,2016,83,,,PCNT: %,,,,SDG Portal,,,
UNICEF:GENDER(1.0): Gender,DNK: Denmark,GN_IT_MOB_OWN: Proportion of individuals who own a mobile telephone,M: Male,_T: Total,_T: Total,_T: Total,2016,82,,,PCNT: %,,,,SDG Portal,,,
UNICEF:GENDER(1.0): Gender,DOM: Dominican Republic,GN_IT_MOB_OWN: Proportion of individuals who own a mobile telephone,_T: Total,_T: Total,_T: Total,_T: Total,2016,84,,,PCNT: %,,,,SDG Portal,,,
UNICEF:GENDER(1.0): Gender,DOM: Dominican Republic,GN_IT_MOB_OWN: Proportion of individuals who own a mobile telephone,_T: Total,_T: Total,_T: Total,_T: Total,2017,69,,,PCNT: %,,,,SDG Portal,,,
UNICEF:GENDER(1.0): Gender,DOM: Dominican Republic,GN_IT_MOB_OWN: Proportion of individuals who own a mobile telephone,_T: Total,_T: Total,_T: Total,_T: Total,2018,71,,,PCNT: %,,,,SDG Portal,,,
UNICEF:GENDER(1.0): Gender,DOM: Dominican Republic,GN_IT_MOB_OWN: Proportion of individuals who own a mobile telephone,_T: Total,_T: Total,_T: Total,_T: Total,2021,74,,,PCNT: %,,,,SDG Portal,,,
UNICEF:GENDER(1.0): Gender,DOM: Dominican Republic,GN_IT_MOB_OWN: Proportion of individuals who own a mobile telephone,M: Male,_T: Total,_T: Total,_T: Total,2016,84,,,PCNT: %,,,,SDG Portal,,,
UNICEF:GENDER(1.0): Gender,DOM: Dominican Republic,GN_IT_MOB_OWN: Proportion of individuals who own a mobile telephone,M: Male,_T: Total,_T: Total,_T: Total,2017,70,,,PCNT: %,,,,SDG Portal,,,
UNICEF:GENDER(1.0): Gender,DOM: Dominican Republic,GN_IT_MOB_OWN: Proportion of individuals who own a mobile telephone,M: Male,_T: Total,_T: Total,_T: Total,2018,71,,,PCNT: %,,,,SDG Portal,,,
UNICEF:GENDER(1.0): Gender,DOM: Dominican Republic,GN_IT_MOB_OWN: Proportion of individuals who own a mobile telephone,M: Male,_T: Total,_T: Total,_T: Total,2021,74,,,PCNT: %,,,,SDG Portal,,,
UNICEF:GENDER(1.0): Gender,DOM: Dominican Republic,GN_IT_MOB_OWN: Proportion of individuals who own a mobile telephone,F: Female,_T: Total,_T: Total,_T: Total,2016,84,,,PCNT: %,,,,SDG Portal,,,
UNICEF:GENDER(1.0): Gender,DOM: Dominican Republic,GN_IT_MOB_OWN: Proportion of individuals who own a mobile telephone,F: Female,_T: Total,_T: Total,_T: Total,2017,69,,,PCNT: %,,,,SDG Portal,,,
UNICEF:GENDER(1.0): Gender,DOM: Dominican Republic,GN_IT_MOB_OWN: Proportion of individuals who own a mobile telephone,F: Female,_T: Total,_T: Total,_T: Total,2018,70,,,PCNT: %,,,,SDG Portal,,,
UNICEF:GENDER(1.0): Gender,DOM: Dominican Republic,GN_IT_MOB_OWN: Proportion of individuals who own a mobile telephone,F: Female,_T: Total,_T: Total,_T: Total,2021,75,,,PCNT: %,,,,SDG Portal,,,
UNICEF:GENDER(1.0): Gender,DZA: Algeria,GN_IT_MOB_OWN: Proportion of individuals who own a mobile telephone,M: Male,_T: Total,_T: Total,_T: Total,2018,93,,,PCNT: %,,,,SDG Portal,,,
UNICEF:GENDER(1.0): Gender,DZA: Algeria,GN_IT_MOB_OWN: Proportion of individuals who own a mobile telephone,_T: Total,_T: Total,_T: Total,_T: Total,2018,88,,,PCNT: %,,,,SDG Portal,,,
UNICEF:GENDER(1.0): Gender,DZA: Algeria,GN_IT_MOB_OWN: Proportion of individuals who own a mobile telephone,F: Female,_T: Total,_T: Total,_T: Total,2018,83,,,PCNT: %,,,,SDG Portal,,,
UNICEF:GENDER(1.0): Gender,ECU: Ecuador,GN_IT_MOB_OWN: Proportion of individuals who own a mobile telephone,_T: Total,_T: Total,_T: Total,_T: Total,2016,56,,,PCNT: %,,,,SDG Portal,,,
UNICEF:GENDER(1.0): Gender,ECU: Ecuador,GN_IT_MOB_OWN: Proportion of individuals who own a mobile telephone,_T: Total,_T: Total,_T: Total,_T: Total,2017,59,,,PCNT: %,,,,SDG Portal,,,
UNICEF:GENDER(1.0): Gender,ECU: Ecuador,GN_IT_MOB_OWN: Proportion of individuals who own a mobile telephone,_T: Total,_T: Total,_T: Total,_T: Total,2018,59,,,PCNT: %,,,,SDG Portal,,,
UNICEF:GENDER(1.0): Gender,ECU: Ecuador,GN_IT_MOB_OWN: Proportion of individuals who own a mobile telephone,_T: Total,_T: Total,_T: Total,_T: Total,2019,60,,,PCNT: %,,,,SDG Portal,,,
UNICEF:GENDER(1.0): Gender,ECU: Ecuador,GN_IT_MOB_OWN: Proportion of individuals who own a mobile telephone,_T: Total,_T: Total,_T: Total,_T: Total,2020,63,,,PCNT: %,,,,SDG Portal,,,
UNICEF:GENDER(1.0): Gender,ECU: Ecuador,GN_IT_MOB_OWN: Proportion of individuals who own a mobile telephone,_T: Total,_T: Total,_T: Total,_T: Total,2022,59,,,PCNT: %,,,,SDG Portal,,,
UNICEF:GENDER(1.0): Gender,ECU: Ecuador,GN_IT_MOB_OWN: Proportion of individuals who own a mobile telephone,_T: Total,_T: Total,_T: Total,_T: Total,2023,60,,,PCNT: %,,,,SDG Portal,,,
UNICEF:GENDER(1.0): Gender,ECU: Ecuador,GN_IT_MOB_OWN: Proportion of individuals who own a mobile telephone,F: Female,_T: Total,_T: Total,_T: Total,2016,55,,,PCNT: %,,,,SDG Portal,,,
UNICEF:GENDER(1.0): Gender,ECU: Ecuador,GN_IT_MOB_OWN: Proportion of individuals who own a mobile telephone,F: Female,_T: Total,_T: Total,_T: Total,2017,58,,,PCNT: %,,,,SDG Portal,,,
UNICEF:GENDER(1.0): Gender,ECU: Ecuador,GN_IT_MOB_OWN: Proportion of individuals who own a mobile telephone,F: Female,_T: Total,_T: Total,_T: Total,2018,58,,,PCNT: %,,,,SDG Portal,,,
UNICEF:GENDER(1.0): Gender,ECU: Ecuador,GN_IT_MOB_OWN: Proportion of individuals who own a mobile telephone,F: Female,_T: Total,_T: Total,_T: Total,2019,58,,,PCNT: %,,,,SDG Portal,,,
UNICEF:GENDER(1.0): Gender,ECU: Ecuador,GN_IT_MOB_OWN: Proportion of individuals who own a mobile telephone,F: Female,_T: Total,_T: Total,_T: Total,2022,58,,,PCNT: %,,,,SDG Portal,,,
UNICEF:GENDER(1.0): Gender,ECU: Ecuador,GN_IT_MOB_OWN: Proportion of individuals who own a mobile telephone,F: Female,_T: Total,_T: Total,_T: Total,2023,60,,,PCNT: %,,,,SDG Portal,,,
UNICEF:GENDER(1.0): Gender,ECU: Ecuador,GN_IT_MOB_OWN: Proportion of individuals who own a mobile telephone,M: Male,_T: Total,_T: Total,_T: Total,2016,57,,,PCNT: %,,,,SDG Portal,,,
UNICEF:GENDER(1.0): Gender,ECU: Ecuador,GN_IT_MOB_OWN: Proportion of individuals who own a mobile telephone,M: Male,_T: Total,_T: Total,_T: Total,2017,59,,,PCNT: %,,,,SDG Portal,,,
UNICEF:GENDER(1.0): Gender,ECU: Ecuador,GN_IT_MOB_OWN: Proportion of individuals who own a mobile telephone,M: Male,_T: Total,_T: Total,_T: Total,2018,60,,,PCNT: %,,,,SDG Portal,,,
UNICEF:GENDER(1.0): Gender,ECU: Ecuador,GN_IT_MOB_OWN: Proportion of individuals who own a mobile telephone,M: Male,_T: Total,_T: Total,_T: Total,2019,62,,,PCNT: %,,,,SDG Portal,,,
UNICEF:GENDER(1.0): Gender,ECU: Ecuador,GN_IT_MOB_OWN: Proportion of individuals who own a mobile telephone,M: Male,_T: Total,_T: Total,_T: Total,2022,59,,,PCNT: %,,,,SDG Portal,,,
UNICEF:GENDER(1.0): Gender,ECU: Ecuador,GN_IT_MOB_OWN: Proportion of individuals who own a mobile telephone,M: Male,_T: Total,_T: Total,_T: Total,2023,60,,,PCNT: %,,,,SDG Portal,,,
UNICEF:GENDER(1.0): Gender,EGY: Egypt,GN_IT_MOB_OWN: Proportion of individuals who own a mobile telephone,M: Male,_T: Total,_T: Total,_T: Total,2016,91,,,PCNT: %,,,,SDG Portal,,,
UNICEF:GENDER(1.0): Gender,EGY: Egypt,GN_IT_MOB_OWN: Proportion of individuals who own a mobile telephone,M: Male,_T: Total,_T: Total,_T: Total,2017,99,,,PCNT: %,,,,SDG Portal,,,
UNICEF:GENDER(1.0): Gender,EGY: Egypt,GN_IT_MOB_OWN: Proportion of individuals who own a mobile telephone,M: Male,_T: Total,_T: Total,_T: Total,2018,99,,,PCNT: %,,,,SDG Portal,,,
UNICEF:GENDER(1.0): Gender,EGY: Egypt,GN_IT_MOB_OWN: Proportion of individuals who own a mobile telephone,M: Male,_T: Total,_T: Total,_T: Total,2019,100,,,PCNT: %,,,,SDG Portal,,,
UNICEF:GENDER(1.0): Gender,EGY: Egypt,GN_IT_MOB_OWN: Proportion of individuals who own a mobile telephone,M: Male,_T: Total,_T: Total,_T: Total,2020,99,,,PCNT: %,,,,SDG Portal,,,
UNICEF:GENDER(1.0): Gender,EGY: Egypt,GN_IT_MOB_OWN: Proportion of individuals who own a mobile telephone,M: Male,_T: Total,_T: Total,_T: Total,2022,99,,,PCNT: %,,,,SDG Portal,,,
UNICEF:GENDER(1.0): Gender,EGY: Egypt,GN_IT_MOB_OWN: Proportion of individuals who own a mobile telephone,_T: Total,_T: Total,_T: Total,_T: Total,2016,87,,,PCNT: %,,,,SDG Portal,,,
UNICEF:GENDER(1.0): Gender,EGY: Egypt,GN_IT_MOB_OWN: Proportion of individuals who own a mobile telephone,_T: Total,_T: Total,_T: Total,_T: Total,2017,98,,,PCNT: %,,,,SDG Portal,,,
UNICEF:GENDER(1.0): Gender,EGY: Egypt,GN_IT_MOB_OWN: Proportion of individuals who own a mobile telephone,_T: Total,_T: Total,_T: Total,_T: Total,2018,98,,,PCNT: %,,,,SDG Portal,,,
UNICEF:GENDER(1.0): Gender,EGY: Egypt,GN_IT_MOB_OWN: Proportion of individuals who own a mobile telephone,_T: Total,_T: Total,_T: Total,_T: Total,2019,99,,,PCNT: %,,,,SDG Portal,,,
UNICEF:GENDER(1.0): Gender,EGY: Egypt,GN_IT_MOB_OWN: Proportion of individuals who own a mobile telephone,_T: Total,_T: Total,_T: Total,_T: Total,2020,99,,,PCNT: %,,,,SDG Portal,,,
UNICEF:GENDER(1.0): Gender,EGY: Egypt,GN_IT_MOB_OWN: Proportion of individuals who own a mobile telephone,_T: Total,_T: Total,_T: Total,_T: Total,2022,97,,,PCNT: %,,,,SDG Portal,,,
UNICEF:GENDER(1.0): Gender,EGY: Egypt,GN_IT_MOB_OWN: Proportion of individuals who own a mobile telephone,F: Female,_T: Total,_T: Total,_T: Total,2016,84,,,PCNT: %,,,,SDG Portal,,,
UNICEF:GENDER(1.0): Gender,EGY: Egypt,GN_IT_MOB_OWN: Proportion of individuals who own a mobile telephone,F: Female,_T: Total,_T: Total,_T: Total,2017,97,,,PCNT: %,,,,SDG Portal,,,
UNICEF:GENDER(1.0): Gender,EGY: Egypt,GN_IT_MOB_OWN: Proportion of individuals who own a mobile telephone,F: Female,_T: Total,_T: Total,_T: Total,2018,97,,,PCNT: %,,,,SDG Portal,,,
UNICEF:GENDER(1.0): Gender,EGY: Egypt,GN_IT_MOB_OWN: Proportion of individuals who own a mobile telephone,F: Female,_T: Total,_T: Total,_T: Total,2019,98,,,PCNT: %,,,,SDG Portal,,,
UNICEF:GENDER(1.0): Gender,EGY: Egypt,GN_IT_MOB_OWN: Proportion of individuals who own a mobile telephone,F: Female,_T: Total,_T: Total,_T: Total,2020,100,,,PCNT: %,,,,SDG Portal,,,
UNICEF:GENDER(1.0): Gender,EGY: Egypt,GN_IT_MOB_OWN: Proportion of individuals who own a mobile telephone,F: Female,_T: Total,_T: Total,_T: Total,2022,96,,,PCNT: %,,,,SDG Portal,,,
UNICEF:GENDER(1.0): Gender,ESP: Spain,GN_IT_MOB_OWN: Proportion of individuals who own a mobile telephone,M: Male,_T: Total,_T: Total,_T: Total,2017,96,,,PCNT: %,,,,SDG Portal,,,
UNICEF:GENDER(1.0): Gender,ESP: Spain,GN_IT_MOB_OWN: Proportion of individuals who own a mobile telephone,M: Male,_T: Total,_T: Total,_T: Total,2019,97,,,PCNT: %,,,,SDG Portal,,,
UNICEF:GENDER(1.0): Gender,ESP: Spain,GN_IT_MOB_OWN: Proportion of individuals who own a mobile telephone,_T: Total,_T: Total,_T: Total,_T: Total,2017,96,,,PCNT: %,,,,SDG Portal,,,
UNICEF:GENDER(1.0): Gender,ESP: Spain,GN_IT_MOB_OWN: Proportion of individuals who own a mobile telephone,_T: Total,_T: Total,_T: Total,_T: Total,2019,97,,,PCNT: %,,,,SDG Portal,,,
UNICEF:GENDER(1.0): Gender,ESP: Spain,GN_IT_MOB_OWN: Proportion of individuals who own a mobile telephone,F: Female,_T: Total,_T: Total,_T: Total,2017,96,,,PCNT: %,,,,SDG Portal,,,
UNICEF:GENDER(1.0): Gender,ESP: Spain,GN_IT_MOB_OWN: Proportion of individuals who own a mobile telephone,F: Female,_T: Total,_T: Total,_T: Total,2019,97,,,PCNT: %,,,,SDG Portal,,,
UNICEF:GENDER(1.0): Gender,ETH: Ethiopia,GN_IT_MOB_OWN: Proportion of individuals who own a mobile telephone,_T: Total,_T: Total,_T: Total,_T: Total,2016,58,,,PCNT: %,,,,SDG Portal,,,
UNICEF:GENDER(1.0): Gender,FIN: Finland,GN_IT_MOB_OWN: Proportion of individuals who own a mobile telephone,M: Male,_T: Total,_T: Total,_T: Total,2016,99,,,PCNT: %,,,,SDG Portal,,,
UNICEF:GENDER(1.0): Gender,FIN: Finland,GN_IT_MOB_OWN: Proportion of individuals who own a mobile telephone,M: Male,_T: Total,_T: Total,_T: Total,2017,99,,,PCNT: %,,,,SDG Portal,,,
UNICEF:GENDER(1.0): Gender,FIN: Finland,GN_IT_MOB_OWN: Proportion of individuals who own a mobile telephone,M: Male,_T: Total,_T: Total,_T: Total,2018,99,,,PCNT: %,,,,SDG Portal,,,
UNICEF:GENDER(1.0): Gender,FIN: Finland,GN_IT_MOB_OWN: Proportion of individuals who own a mobile telephone,_T: Total,_T: Total,_T: Total,_T: Total,2016,98,,,PCNT: %,,,,SDG Portal,,,
UNICEF:GENDER(1.0): Gender,FIN: Finland,GN_IT_MOB_OWN: Proportion of individuals who own a mobile telephone,_T: Total,_T: Total,_T: Total,_T: Total,2017,99,,,PCNT: %,,,,SDG Portal,,,
UNICEF:GENDER(1.0): Gender,FIN: Finland,GN_IT_MOB_OWN: Proportion of individuals who own a mobile telephone,_T: Total,_T: Total,_T: Total,_T: Total,2018,98,,,PCNT: %,,,,SDG Portal,,,
UNICEF:GENDER(1.0): Gender,FIN: Finland,GN_IT_MOB_OWN: Proportion of individuals who own a mobile telephone,F: Female,_T: Total,_T: Total,_T: Total,2016,98,,,PCNT: %,,,,SDG Portal,,,
UNICEF:GENDER(1.0): Gender,FIN: Finland,GN_IT_MOB_OWN: Proportion of individuals who own a mobile telephone,F: Female,_T: Total,_T: Total,_T: Total,2017,99,,,PCNT: %,,,,SDG Portal,,,
UNICEF:GENDER(1.0): Gender,FIN: Finland,GN_IT_MOB_OWN: Proportion of individuals who own a mobile telephone,F: Female,_T: Total,_T: Total,_T: Total,2018,98,,,PCNT: %,,,,SDG Portal,,,
UNICEF:GENDER(1.0): Gender,FRA: France,GN_IT_MOB_OWN: Proportion of individuals who own a mobile telephone,F: Female,_T: Total,_T: Total,_T: Total,2018,78,,,PCNT: %,,,,SDG Portal,,,
UNICEF:GENDER(1.0): Gender,FRA: France,GN_IT_MOB_OWN: Proportion of individuals who own a mobile telephone,F: Female,_T: Total,_T: Total,_T: Total,2021,95,,,PCNT: %,,,,SDG Portal,,,
UNICEF:GENDER(1.0): Gender,FRA: France,GN_IT_MOB_OWN: Proportion of individuals who own a mobile telephone,F: Female,_T: Total,_T: Total,_T: Total,2022,94,,,PCNT: %,,,,SDG Portal,,,
UNICEF:GENDER(1.0): Gender,FRA: France,GN_IT_MOB_OWN: Proportion of individuals who own a mobile telephone,_T: Total,_T: Total,_T: Total,_T: Total,2018,79,,,PCNT: %,,,,SDG Portal,,,
UNICEF:GENDER(1.0): Gender,FRA: France,GN_IT_MOB_OWN: Proportion of individuals who own a mobile telephone,_T: Total,_T: Total,_T: Total,_T: Total,2021,96,,,PCNT: %,,,,SDG Portal,,,
UNICEF:GENDER(1.0): Gender,FRA: France,GN_IT_MOB_OWN: Proportion of individuals who own a mobile telephone,_T: Total,_T: Total,_T: Total,_T: Total,2022,95,,,PCNT: %,,,,SDG Portal,,,
UNICEF:GENDER(1.0): Gender,FRA: France,GN_IT_MOB_OWN: Proportion of individuals who own a mobile telephone,M: Male,_T: Total,_T: Total,_T: Total,2018,80,,,PCNT: %,,,,SDG Portal,,,
UNICEF:GENDER(1.0): Gender,FRA: France,GN_IT_MOB_OWN: Proportion of individuals who own a mobile telephone,M: Male,_T: Total,_T: Total,_T: Total,2021,96,,,PCNT: %,,,,SDG Portal,,,
UNICEF:GENDER(1.0): Gender,FRA: France,GN_IT_MOB_OWN: Proportion of individuals who own a mobile telephone,M: Male,_T: Total,_T: Total,_T: Total,2022,96,,,PCNT: %,,,,SDG Portal,,,
UNICEF:GENDER(1.0): Gender,GEO: Georgia,GN_IT_MOB_OWN: Proportion of individuals who own a mobile telephone,_T: Total,_T: Total,_T: Total,_T: Total,2016,78,,,PCNT: %,,,,SDG Portal,,,
UNICEF:GENDER(1.0): Gender,GEO: Georgia,GN_IT_MOB_OWN: Proportion of individuals who own a mobile telephone,_T: Total,_T: Total,_T: Total,_T: Total,2017,80,,,PCNT: %,,,,SDG Portal,,,
UNICEF:GENDER(1.0): Gender,GEO: Georgia,GN_IT_MOB_OWN: Proportion of individuals who own a mobile telephone,_T: Total,_T: Total,_T: Total,_T: Total,2018,87,,,PCNT: %,,,,SDG Portal,,,
UNICEF:GENDER(1.0): Gender,GEO: Georgia,GN_IT_MOB_OWN: Proportion of individuals who own a mobile telephone,_T: Total,_T: Total,_T: Total,_T: Total,2019,90,,,PCNT: %,,,,SDG Portal,,,
UNICEF:GENDER(1.0): Gender,GEO: Georgia,GN_IT_MOB_OWN: Proportion of individuals who own a mobile telephone,_T: Total,_T: Total,_T: Total,_T: Total,2020,91,,,PCNT: %,,,,SDG Portal,,,
UNICEF:GENDER(1.0): Gender,GEO: Georgia,GN_IT_MOB_OWN: Proportion of individuals who own a mobile telephone,_T: Total,_T: Total,_T: Total,_T: Total,2021,91,,,PCNT: %,,,,SDG Portal,,,
UNICEF:GENDER(1.0): Gender,GEO: Georgia,GN_IT_MOB_OWN: Proportion of individuals who own a mobile telephone,_T: Total,_T: Total,_T: Total,_T: Total,2022,92,,,PCNT: %,,,,SDG Portal,,,
UNICEF:GENDER(1.0): Gender,GEO: Georgia,GN_IT_MOB_OWN: Proportion of individuals who own a mobile telephone,M: Male,_T: Total,_T: Total,_T: Total,2016,81,,,PCNT: %,,,,SDG Portal,,,
UNICEF:GENDER(1.0): Gender,GEO: Georgia,GN_IT_MOB_OWN: Proportion of individuals who own a mobile telephone,M: Male,_T: Total,_T: Total,_T: Total,2017,83,,,PCNT: %,,,,SDG Portal,,,
UNICEF:GENDER(1.0): Gender,GEO: Georgia,GN_IT_MOB_OWN: Proportion of individuals who own a mobile telephone,M: Male,_T: Total,_T: Total,_T: Total,2018,91,,,PCNT: %,,,,SDG Portal,,,
UNICEF:GENDER(1.0): Gender,GEO: Georgia,GN_IT_MOB_OWN: Proportion of individuals who own a mobile telephone,M: Male,_T: Total,_T: Total,_T: Total,2019,92,,,PCNT: %,,,,SDG Portal,,,
UNICEF:GENDER(1.0): Gender,GEO: Georgia,GN_IT_MOB_OWN: Proportion of individuals who own a mobile telephone,M: Male,_T: Total,_T: Total,_T: Total,2020,93,,,PCNT: %,,,,SDG Portal,,,
UNICEF:GENDER(1.0): Gender,GEO: Georgia,GN_IT_MOB_OWN: Proportion of individuals who own a mobile telephone,M: Male,_T: Total,_T: Total,_T: Total,2021,93,,,PCNT: %,,,,SDG Portal,,,
UNICEF:GENDER(1.0): Gender,GEO: Georgia,GN_IT_MOB_OWN: Proportion of individuals who own a mobile telephone,M: Male,_T: Total,_T: Total,_T: Total,2022,93,,,PCNT: %,,,,SDG Portal,,,
UNICEF:GENDER(1.0): Gender,GEO: Georgia,GN_IT_MOB_OWN: Proportion of individuals who own a mobile telephone,F: Female,_T: Total,_T: Total,_T: Total,2016,76,,,PCNT: %,,,,SDG Portal,,,
UNICEF:GENDER(1.0): Gender,GEO: Georgia,GN_IT_MOB_OWN: Proportion of individuals who own a mobile telephone,F: Female,_T: Total,_T: Total,_T: Total,2017,78,,,PCNT: %,,,,SDG Portal,,,
UNICEF:GENDER(1.0): Gender,GEO: Georgia,GN_IT_MOB_OWN: Proportion of individuals who own a mobile telephone,F: Female,_T: Total,_T: Total,_T: Total,2018,84,,,PCNT: %,,,,SDG Portal,,,
UNICEF:GENDER(1.0): Gender,GEO: Georgia,GN_IT_MOB_OWN: Proportion of individuals who own a mobile telephone,F: Female,_T: Total,_T: Total,_T: Total,2019,88,,,PCNT: %,,,,SDG Portal,,,
UNICEF:GENDER(1.0): Gender,GEO: Georgia,GN_IT_MOB_OWN: Proportion of individuals who own a mobile telephone,F: Female,_T: Total,_T: Total,_T: Total,2020,90,,,PCNT: %,,,,SDG Portal,,,
UNICEF:GENDER(1.0): Gender,GEO: Georgia,GN_IT_MOB_OWN: Proportion of individuals who own a mobile telephone,F: Female,_T: Total,_T: Total,_T: Total,2021,90,,,PCNT: %,,,,SDG Portal,,,
UNICEF:GENDER(1.0): Gender,GEO: Georgia,GN_IT_MOB_OWN: Proportion of individuals who own a mobile telephone,F: Female,_T: Total,_T: Total,_T: Total,2022,91,,,PCNT: %,,,,SDG Portal,,,
UNICEF:GENDER(1.0): Gender,GIN: Guinea,GN_IT_MOB_OWN: Proportion of individuals who own a mobile telephone,F: Female,_T: Total,_T: Total,_T: Total,2018,69,,,PCNT: %,,,,SDG Portal,,,
UNICEF:GENDER(1.0): Gender,GIN: Guinea,GN_IT_MOB_OWN: Proportion of individuals who own a mobile telephone,_T: Total,_T: Total,_T: Total,_T: Total,2018,77,,,PCNT: %,,,,SDG Portal,,,
UNICEF:GENDER(1.0): Gender,GIN: Guinea,GN_IT_MOB_OWN: Proportion of individuals who own a mobile telephone,M: Male,_T: Total,_T: Total,_T: Total,2018,86,,,PCNT: %,,,,SDG Portal,,,
UNICEF:GENDER(1.0): Gender,GRD: Grenada,GN_IT_MOB_OWN: Proportion of individuals who own a mobile telephone,M: Male,_T: Total,_T: Total,_T: Total,2016,89,,,PCNT: %,,,,SDG Portal,,,
UNICEF:GENDER(1.0): Gender,GRD: Grenada,GN_IT_MOB_OWN: Proportion of individuals who own a mobile telephone,M: Male,_T: Total,_T: Total,_T: Total,2017,90,,,PCNT: %,,,,SDG Portal,,,
UNICEF:GENDER(1.0): Gender,GRD: Grenada,GN_IT_MOB_OWN: Proportion of individuals who own a mobile telephone,_T: Total,_T: Total,_T: Total,_T: Total,2016,90,,,PCNT: %,,,,SDG Portal,,,
UNICEF:GENDER(1.0): Gender,GRD: Grenada,GN_IT_MOB_OWN: Proportion of individuals who own a mobile telephone,_T: Total,_T: Total,_T: Total,_T: Total,2017,92,,,PCNT: %,,,,SDG Portal,,,
UNICEF:GENDER(1.0): Gender,GRD: Grenada,GN_IT_MOB_OWN: Proportion of individuals who own a mobile telephone,F: Female,_T: Total,_T: Total,_T: Total,2016,91,,,PCNT: %,,,,SDG Portal,,,
UNICEF:GENDER(1.0): Gender,GRD: Grenada,GN_IT_MOB_OWN: Proportion of individuals who own a mobile telephone,F: Female,_T: Total,_T: Total,_T: Total,2017,95,,,PCNT: %,,,,SDG Portal,,,
UNICEF:GENDER(1.0): Gender,GTM: Guatemala,GN_IT_MOB_OWN: Proportion of individuals who own a mobile telephone,F: Female,_T: Total,_T: Total,_T: Total,2019,57,,,PCNT: %,,,,SDG Portal,,,
UNICEF:GENDER(1.0): Gender,GTM: Guatemala,GN_IT_MOB_OWN: Proportion of individuals who own a mobile telephone,F: Female,_T: Total,_T: Total,_T: Total,2021,60,,,PCNT: %,,,,SDG Portal,,,
UNICEF:GENDER(1.0): Gender,GTM: Guatemala,GN_IT_MOB_OWN: Proportion of individuals who own a mobile telephone,_T: Total,_T: Total,_T: Total,_T: Total,2019,60,,,PCNT: %,,,,SDG Portal,,,
UNICEF:GENDER(1.0): Gender,GTM: Guatemala,GN_IT_MOB_OWN: Proportion of individuals who own a mobile telephone,_T: Total,_T: Total,_T: Total,_T: Total,2021,64,,,PCNT: %,,,,SDG Portal,,,
UNICEF:GENDER(1.0): Gender,GTM: Guatemala,GN_IT_MOB_OWN: Proportion of individuals who own a mobile telephone,M: Male,_T: Total,_T: Total,_T: Total,2019,64,,,PCNT: %,,,,SDG Portal,,,
UNICEF:GENDER(1.0): Gender,GTM: Guatemala,GN_IT_MOB_OWN: Proportion of individuals who own a mobile telephone,M: Male,_T: Total,_T: Total,_T: Total,2021,67,,,PCNT: %,,,,SDG Portal,,,
UNICEF:GENDER(1.0): Gender,"HKG: China, Hong Kong Special Administrative Region",GN_IT_MOB_OWN: Proportion of individuals who own a mobile telephone,_T: Total,_T: Total,_T: Total,_T: Total,2016,96,,,PCNT: %,,,,SDG Portal,,,
UNICEF:GENDER(1.0): Gender,"HKG: China, Hong Kong Special Administrative Region",GN_IT_MOB_OWN: Proportion of individuals who own a mobile telephone,_T: Total,_T: Total,_T: Total,_T: Total,2017,97,,,PCNT: %,,,,SDG Portal,,,
UNICEF:GENDER(1.0): Gender,"HKG: China, Hong Kong Special Administrative Region",GN_IT_MOB_OWN: Proportion of individuals who own a mobile telephone,_T: Total,_T: Total,_T: Total,_T: Total,2018,97,,,PCNT: %,,,,SDG Portal,,,
UNICEF:GENDER(1.0): Gender,"HKG: China, Hong Kong Special Administrative Region",GN_IT_MOB_OWN: Proportion of individuals who own a mobile telephone,_T: Total,_T: Total,_T: Total,_T: Total,2019,97,,,PCNT: %,,,,SDG Portal,,,
UNICEF:GENDER(1.0): Gender,"HKG: China, Hong Kong Special Administrative Region",GN_IT_MOB_OWN: Proportion of individuals who own a mobile telephone,_T: Total,_T: Total,_T: Total,_T: Total,2020,97,,,PCNT: %,,,,SDG Portal,,,
UNICEF:GENDER(1.0): Gender,"HKG: China, Hong Kong Special Administrative Region",GN_IT_MOB_OWN: Proportion of individuals who own a mobile telephone,M: Male,_T: Total,_T: Total,_T: Total,2016,97,,,PCNT: %,,,,SDG Portal,,,
UNICEF:GENDER(1.0): Gender,"HKG: China, Hong Kong Special Administrative Region",GN_IT_MOB_OWN: Proportion of individuals who own a mobile telephone,M: Male,_T: Total,_T: Total,_T: Total,2017,97,,,PCNT: %,,,,SDG Portal,,,
UNICEF:GENDER(1.0): Gender,"HKG: China, Hong Kong Special Administrative Region",GN_IT_MOB_OWN: Proportion of individuals who own a mobile telephone,M: Male,_T: Total,_T: Total,_T: Total,2018,97,,,PCNT: %,,,,SDG Portal,,,
UNICEF:GENDER(1.0): Gender,"HKG: China, Hong Kong Special Administrative Region",GN_IT_MOB_OWN: Proportion of individuals who own a mobile telephone,M: Male,_T: Total,_T: Total,_T: Total,2019,98,,,PCNT: %,,,,SDG Portal,,,
UNICEF:GENDER(1.0): Gender,"HKG: China, Hong Kong Special Administrative Region",GN_IT_MOB_OWN: Proportion of individuals who own a mobile telephone,M: Male,_T: Total,_T: Total,_T: Total,2020,97,,,PCNT: %,,,,SDG Portal,,,
UNICEF:GENDER(1.0): Gender,HTI: Haiti,GN_IT_MOB_OWN: Proportion of individuals who own a mobile telephone,_T: Total,_T: Total,_T: Total,_T: Total,2018,59,,,PCNT: %,,,,SDG Portal,,,
UNICEF:GENDER(1.0): Gender,IDN: Indonesia,GN_IT_MOB_OWN: Proportion of individuals who own a mobile telephone,_T: Total,_T: Total,_T: Total,_T: Total,2016,58,,,PCNT: %,,,,SDG Portal,,,
UNICEF:GENDER(1.0): Gender,IDN: Indonesia,GN_IT_MOB_OWN: Proportion of individuals who own a mobile telephone,_T: Total,_T: Total,_T: Total,_T: Total,2017,60,,,PCNT: %,,,,SDG Portal,,,
UNICEF:GENDER(1.0): Gender,IDN: Indonesia,GN_IT_MOB_OWN: Proportion of individuals who own a mobile telephone,_T: Total,_T: Total,_T: Total,_T: Total,2018,62,,,PCNT: %,,,,SDG Portal,,,
UNICEF:GENDER(1.0): Gender,IDN: Indonesia,GN_IT_MOB_OWN: Proportion of individuals who own a mobile telephone,_T: Total,_T: Total,_T: Total,_T: Total,2019,64,,,PCNT: %,,,,SDG Portal,,,
UNICEF:GENDER(1.0): Gender,IDN: Indonesia,GN_IT_MOB_OWN: Proportion of individuals who own a mobile telephone,_T: Total,_T: Total,_T: Total,_T: Total,2020,63,,,PCNT: %,,,,SDG Portal,,,
UNICEF:GENDER(1.0): Gender,IDN: Indonesia,GN_IT_MOB_OWN: Proportion of individuals who own a mobile telephone,_T: Total,_T: Total,_T: Total,_T: Total,2021,66,,,PCNT: %,,,,SDG Portal,,,
UNICEF:GENDER(1.0): Gender,IDN: Indonesia,GN_IT_MOB_OWN: Proportion of individuals who own a mobile telephone,_T: Total,_T: Total,_T: Total,_T: Total,2022,68,,,PCNT: %,,,,SDG Portal,,,
UNICEF:GENDER(1.0): Gender,IDN: Indonesia,GN_IT_MOB_OWN: Proportion of individuals who own a mobile telephone,M: Male,_T: Total,_T: Total,_T: Total,2016,65,,,PCNT: %,,,,SDG Portal,,,
UNICEF:GENDER(1.0): Gender,IDN: Indonesia,GN_IT_MOB_OWN: Proportion of individuals who own a mobile telephone,M: Male,_T: Total,_T: Total,_T: Total,2017,65,,,PCNT: %,,,,SDG Portal,,,
UNICEF:GENDER(1.0): Gender,IDN: Indonesia,GN_IT_MOB_OWN: Proportion of individuals who own a mobile telephone,M: Male,_T: Total,_T: Total,_T: Total,2018,68,,,PCNT: %,,,,SDG Portal,,,
UNICEF:GENDER(1.0): Gender,IDN: Indonesia,GN_IT_MOB_OWN: Proportion of individuals who own a mobile telephone,M: Male,_T: Total,_T: Total,_T: Total,2019,69,,,PCNT: %,,,,SDG Portal,,,
UNICEF:GENDER(1.0): Gender,IDN: Indonesia,GN_IT_MOB_OWN: Proportion of individuals who own a mobile telephone,M: Male,_T: Total,_T: Total,_T: Total,2020,68,,,PCNT: %,,,,SDG Portal,,,
UNICEF:GENDER(1.0): Gender,IDN: Indonesia,GN_IT_MOB_OWN: Proportion of individuals who own a mobile telephone,M: Male,_T: Total,_T: Total,_T: Total,2021,71,,,PCNT: %,,,,SDG Portal,,,
UNICEF:GENDER(1.0): Gender,IDN: Indonesia,GN_IT_MOB_OWN: Proportion of individuals who own a mobile telephone,M: Male,_T: Total,_T: Total,_T: Total,2022,73,,,PCNT: %,,,,SDG Portal,,,
UNICEF:GENDER(1.0): Gender,IDN: Indonesia,GN_IT_MOB_OWN: Proportion of individuals who own a mobile telephone,F: Female,_T: Total,_T: Total,_T: Total,2016,52,,,PCNT: %,,,,SDG Portal,,,
UNICEF:GENDER(1.0): Gender,IDN: Indonesia,GN_IT_MOB_OWN: Proportion of individuals who own a mobile telephone,F: Female,_T: Total,_T: Total,_T: Total,2017,54,,,PCNT: %,,,,SDG Portal,,,
UNICEF:GENDER(1.0): Gender,IDN: Indonesia,GN_IT_MOB_OWN: Proportion of individuals who own a mobile telephone,F: Female,_T: Total,_T: Total,_T: Total,2018,57,,,PCNT: %,,,,SDG Portal,,,
UNICEF:GENDER(1.0): Gender,IDN: Indonesia,GN_IT_MOB_OWN: Proportion of individuals who own a mobile telephone,F: Female,_T: Total,_T: Total,_T: Total,2019,58,,,PCNT: %,,,,SDG Portal,,,
UNICEF:GENDER(1.0): Gender,IDN: Indonesia,GN_IT_MOB_OWN: Proportion of individuals who own a mobile telephone,F: Female,_T: Total,_T: Total,_T: Total,2020,58,,,PCNT: %,,,,SDG Portal,,,
UNICEF:GENDER(1.0): Gender,IDN: Indonesia,GN_IT_MOB_OWN: Proportion of individuals who own a mobile telephone,F: Female,_T: Total,_T: Total,_T: Total,2021,61,,,PCNT: %,,,,SDG Portal,,,
UNICEF:GENDER(1.0): Gender,IDN: Indonesia,GN_IT_MOB_OWN: Proportion of individuals who own a mobile telephone,F: Female,_T: Total,_T: Total,_T: Total,2022,63,,,PCNT: %,,,,SDG Portal,,,
UNICEF:GENDER(1.0): Gender,IRL: Ireland,GN_IT_MOB_OWN: Proportion of individuals who own a mobile telephone,M: Male,_T: Total,_T: Total,_T: Total,2017,83,,,PCNT: %,,,,SDG Portal,,,
UNICEF:GENDER(1.0): Gender,IRL: Ireland,GN_IT_MOB_OWN: Proportion of individuals who own a mobile telephone,M: Male,_T: Total,_T: Total,_T: Total,2018,87,,,PCNT: %,,,,SDG Portal,,,
UNICEF:GENDER(1.0): Gender,IRL: Ireland,GN_IT_MOB_OWN: Proportion of individuals who own a mobile telephone,_T: Total,_T: Total,_T: Total,_T: Total,2017,83,,,PCNT: %,,,,SDG Portal,,,
UNICEF:GENDER(1.0): Gender,IRL: Ireland,GN_IT_MOB_OWN: Proportion of individuals who own a mobile telephone,_T: Total,_T: Total,_T: Total,_T: Total,2018,87,,,PCNT: %,,,,SDG Portal,,,
UNICEF:GENDER(1.0): Gender,IRL: Ireland,GN_IT_MOB_OWN: Proportion of individuals who own a mobile telephone,F: Female,_T: Total,_T: Total,_T: Total,2017,83,,,PCNT: %,,,,SDG Portal,,,
UNICEF:GENDER(1.0): Gender,IRL: Ireland,GN_IT_MOB_OWN: Proportion of individuals who own a mobile telephone,F: Female,_T: Total,_T: Total,_T: Total,2018,88,,,PCNT: %,,,,SDG Portal,,,
UNICEF:GENDER(1.0): Gender,IRN: Iran (Islamic Republic of),GN_IT_MOB_OWN: Proportion of individuals who own a mobile telephone,M: Male,_T: Total,_T: Total,_T: Total,2016,75,,,PCNT: %,,,,SDG Portal,,,
UNICEF:GENDER(1.0): Gender,IRN: Iran (Islamic Republic of),GN_IT_MOB_OWN: Proportion of individuals who own a mobile telephone,M: Male,_T: Total,_T: Total,_T: Total,2017,77,,,PCNT: %,,,,SDG Portal,,,
UNICEF:GENDER(1.0): Gender,IRN: Iran (Islamic Republic of),GN_IT_MOB_OWN: Proportion of individuals who own a mobile telephone,M: Male,_T: Total,_T: Total,_T: Total,2018,80,,,PCNT: %,,,,SDG Portal,,,
UNICEF:GENDER(1.0): Gender,IRN: Iran (Islamic Republic of),GN_IT_MOB_OWN: Proportion of individuals who own a mobile telephone,M: Male,_T: Total,_T: Total,_T: Total,2019,77,,,PCNT: %,,,,SDG Portal,,,
UNICEF:GENDER(1.0): Gender,IRN: Iran (Islamic Republic of),GN_IT_MOB_OWN: Proportion of individuals who own a mobile telephone,M: Male,_T: Total,_T: Total,_T: Total,2020,76,,,PCNT: %,,,,SDG Portal,,,
UNICEF:GENDER(1.0): Gender,IRN: Iran (Islamic Republic of),GN_IT_MOB_OWN: Proportion of individuals who own a mobile telephone,M: Male,_T: Total,_T: Total,_T: Total,2021,76,,,PCNT: %,,,,SDG Portal,,,
UNICEF:GENDER(1.0): Gender,IRN: Iran (Islamic Republic of),GN_IT_MOB_OWN: Proportion of individuals who own a mobile telephone,F: Female,_T: Total,_T: Total,_T: Total,2016,53,,,PCNT: %,,,,SDG Portal,,,
UNICEF:GENDER(1.0): Gender,IRN: Iran (Islamic Republic of),GN_IT_MOB_OWN: Proportion of individuals who own a mobile telephone,F: Female,_T: Total,_T: Total,_T: Total,2017,55,,,PCNT: %,,,,SDG Portal,,,
UNICEF:GENDER(1.0): Gender,IRN: Iran (Islamic Republic of),GN_IT_MOB_OWN: Proportion of individuals who own a mobile telephone,F: Female,_T: Total,_T: Total,_T: Total,2018,56,,,PCNT: %,,,,SDG Portal,,,
UNICEF:GENDER(1.0): Gender,IRN: Iran (Islamic Republic of),GN_IT_MOB_OWN: Proportion of individuals who own a mobile telephone,F: Female,_T: Total,_T: Total,_T: Total,2019,65,,,PCNT: %,,,,SDG Portal,,,
UNICEF:GENDER(1.0): Gender,IRN: Iran (Islamic Republic of),GN_IT_MOB_OWN: Proportion of individuals who own a mobile telephone,F: Female,_T: Total,_T: Total,_T: Total,2020,67,,,PCNT: %,,,,SDG Portal,,,
UNICEF:GENDER(1.0): Gender,IRN: Iran (Islamic Republic of),GN_IT_MOB_OWN: Proportion of individuals who own a mobile telephone,F: Female,_T: Total,_T: Total,_T: Total,2021,68,,,PCNT: %,,,,SDG Portal,,,
UNICEF:GENDER(1.0): Gender,IRN: Iran (Islamic Republic of),GN_IT_MOB_OWN: Proportion of individuals who own a mobile telephone,_T: Total,_T: Total,_T: Total,_T: Total,2016,64,,,PCNT: %,,,,SDG Portal,,,
UNICEF:GENDER(1.0): Gender,IRN: Iran (Islamic Republic of),GN_IT_MOB_OWN: Proportion of individuals who own a mobile telephone,_T: Total,_T: Total,_T: Total,_T: Total,2017,66,,,PCNT: %,,,,SDG Portal,,,
UNICEF:GENDER(1.0): Gender,IRN: Iran (Islamic Republic of),GN_IT_MOB_OWN: Proportion of individuals who own a mobile telephone,_T: Total,_T: Total,_T: Total,_T: Total,2018,68,,,PCNT: %,,,,SDG Portal,,,
UNICEF:GENDER(1.0): Gender,IRN: Iran (Islamic Republic of),GN_IT_MOB_OWN: Proportion of individuals who own a mobile telephone,_T: Total,_T: Total,_T: Total,_T: Total,2019,71,,,PCNT: %,,,,SDG Portal,,,
UNICEF:GENDER(1.0): Gender,IRN: Iran (Islamic Republic of),GN_IT_MOB_OWN: Proportion of individuals who own a mobile telephone,_T: Total,_T: Total,_T: Total,_T: Total,2020,72,,,PCNT: %,,,,SDG Portal,,,
UNICEF:GENDER(1.0): Gender,IRN: Iran (Islamic Republic of),GN_IT_MOB_OWN: Proportion of individuals who own a mobile telephone,_T: Total,_T: Total,_T: Total,_T: Total,2021,72,,,PCNT: %,,,,SDG Portal,,,
UNICEF:GENDER(1.0): Gender,IRQ: Iraq,GN_IT_MOB_OWN: Proportion of individuals who own a mobile telephone,M: Male,_T: Total,_T: Total,_T: Total,2019,68,,,PCNT: %,,,,SDG Portal,,,
UNICEF:GENDER(1.0): Gender,IRQ: Iraq,GN_IT_MOB_OWN: Proportion of individuals who own a mobile telephone,M: Male,_T: Total,_T: Total,_T: Total,2022,73,,,PCNT: %,,,,SDG Portal,,,
UNICEF:GENDER(1.0): Gender,IRQ: Iraq,GN_IT_MOB_OWN: Proportion of individuals who own a mobile telephone,F: Female,_T: Total,_T: Total,_T: Total,2019,47,,,PCNT: %,,,,SDG Portal,,,
UNICEF:GENDER(1.0): Gender,IRQ: Iraq,GN_IT_MOB_OWN: Proportion of individuals who own a mobile telephone,F: Female,_T: Total,_T: Total,_T: Total,2022,58,,,PCNT: %,,,,SDG Portal,,,
UNICEF:GENDER(1.0): Gender,IRQ: Iraq,GN_IT_MOB_OWN: Proportion of individuals who own a mobile telephone,_T: Total,_T: Total,_T: Total,_T: Total,2019,58,,,PCNT: %,,,,SDG Portal,,,
UNICEF:GENDER(1.0): Gender,IRQ: Iraq,GN_IT_MOB_OWN: Proportion of individuals who own a mobile telephone,_T: Total,_T: Total,_T: Total,_T: Total,2022,66,,,PCNT: %,,,,SDG Portal,,,
UNICEF:GENDER(1.0): Gender,ISR: Israel,GN_IT_MOB_OWN: Proportion of individuals who own a mobile telephone,F: Female,_T: Total,_T: Total,_T: Total,2017,91,,,PCNT: %,,,,SDG Portal,,,
UNICEF:GENDER(1.0): Gender,ISR: Israel,GN_IT_MOB_OWN: Proportion of individuals who own a mobile telephone,F: Female,_T: Total,_T: Total,_T: Total,2018,94,,,PCNT: %,,,,SDG Portal,,,
UNICEF:GENDER(1.0): Gender,ISR: Israel,GN_IT_MOB_OWN: Proportion of individuals who own a mobile telephone,_T: Total,_T: Total,_T: Total,_T: Total,2017,92,,,PCNT: %,,,,SDG Portal,,,
UNICEF:GENDER(1.0): Gender,ISR: Israel,GN_IT_MOB_OWN: Proportion of individuals who own a mobile telephone,_T: Total,_T: Total,_T: Total,_T: Total,2018,94,,,PCNT: %,,,,SDG Portal,,,
UNICEF:GENDER(1.0): Gender,ISR: Israel,GN_IT_MOB_OWN: Proportion of individuals who own a mobile telephone,M: Male,_T: Total,_T: Total,_T: Total,2017,93,,,PCNT: %,,,,SDG Portal,,,
UNICEF:GENDER(1.0): Gender,ISR: Israel,GN_IT_MOB_OWN: Proportion of individuals who own a mobile telephone,M: Male,_T: Total,_T: Total,_T: Total,2018,95,,,PCNT: %,,,,SDG Portal,,,
UNICEF:GENDER(1.0): Gender,ITA: Italy,GN_IT_MOB_OWN: Proportion of individuals who own a mobile telephone,M: Male,_T: Total,_T: Total,_T: Total,2016,93,,,PCNT: %,,,,SDG Portal,,,
UNICEF:GENDER(1.0): Gender,ITA: Italy,GN_IT_MOB_OWN: Proportion of individuals who own a mobile telephone,_T: Total,_T: Total,_T: Total,_T: Total,2016,92,,,PCNT: %,,,,SDG Portal,,,
UNICEF:GENDER(1.0): Gender,ITA: Italy,GN_IT_MOB_OWN: Proportion of individuals who own a mobile telephone,F: Female,_T: Total,_T: Total,_T: Total,2016,90,,,PCNT: %,,,,SDG Portal,,,
UNICEF:GENDER(1.0): Gender,JAM: Jamaica,GN_IT_MOB_OWN: Proportion of individuals who own a mobile telephone,M: Male,_T: Total,_T: Total,_T: Total,2016,96,,,PCNT: %,,,,SDG Portal,,,
UNICEF:GENDER(1.0): Gender,JAM: Jamaica,GN_IT_MOB_OWN: Proportion of individuals who own a mobile telephone,_T: Total,_T: Total,_T: Total,_T: Total,2016,96,,,PCNT: %,,,,SDG Portal,,,
UNICEF:GENDER(1.0): Gender,JAM: Jamaica,GN_IT_MOB_OWN: Proportion of individuals who own a mobile telephone,F: Female,_T: Total,_T: Total,_T: Total,2016,97,,,PCNT: %,,,,SDG Portal,,,
UNICEF:GENDER(1.0): Gender,JPN: Japan,GN_IT_MOB_OWN: Proportion of individuals who own a mobile telephone,F: Female,_T: Total,_T: Total,_T: Total,2016,82,,,PCNT: %,,,,SDG Portal,,,
UNICEF:GENDER(1.0): Gender,JPN: Japan,GN_IT_MOB_OWN: Proportion of individuals who own a mobile telephone,F: Female,_T: Total,_T: Total,_T: Total,2017,87,,,PCNT: %,,,,SDG Portal,,,
UNICEF:GENDER(1.0): Gender,JPN: Japan,GN_IT_MOB_OWN: Proportion of individuals who own a mobile telephone,F: Female,_T: Total,_T: Total,_T: Total,2018,88,,,PCNT: %,,,,SDG Portal,,,
UNICEF:GENDER(1.0): Gender,JPN: Japan,GN_IT_MOB_OWN: Proportion of individuals who own a mobile telephone,F: Female,_T: Total,_T: Total,_T: Total,2019,91,,,PCNT: %,,,,SDG Portal,,,
UNICEF:GENDER(1.0): Gender,JPN: Japan,GN_IT_MOB_OWN: Proportion of individuals who own a mobile telephone,F: Female,_T: Total,_T: Total,_T: Total,2020,92,,,PCNT: %,,,,SDG Portal,,,
UNICEF:GENDER(1.0): Gender,JPN: Japan,GN_IT_MOB_OWN: Proportion of individuals who own a mobile telephone,F: Female,_T: Total,_T: Total,_T: Total,2021,92,,,PCNT: %,,,,SDG Portal,,,
UNICEF:GENDER(1.0): Gender,JPN: Japan,GN_IT_MOB_OWN: Proportion of individuals who own a mobile telephone,F: Female,_T: Total,_T: Total,_T: Total,2022,93,,,PCNT: %,,,,SDG Portal,,,
UNICEF:GENDER(1.0): Gender,JPN: Japan,GN_IT_MOB_OWN: Proportion of individuals who own a mobile telephone,_T: Total,_T: Total,_T: Total,_T: Total,2016,84,,,PCNT: %,,,,SDG Portal,,,
UNICEF:GENDER(1.0): Gender,JPN: Japan,GN_IT_MOB_OWN: Proportion of individuals who own a mobile telephone,_T: Total,_T: Total,_T: Total,_T: Total,2017,88,,,PCNT: %,,,,SDG Portal,,,
UNICEF:GENDER(1.0): Gender,JPN: Japan,GN_IT_MOB_OWN: Proportion of individuals who own a mobile telephone,_T: Total,_T: Total,_T: Total,_T: Total,2018,89,,,PCNT: %,,,,SDG Portal,,,
UNICEF:GENDER(1.0): Gender,JPN: Japan,GN_IT_MOB_OWN: Proportion of individuals who own a mobile telephone,_T: Total,_T: Total,_T: Total,_T: Total,2019,92,,,PCNT: %,,,,SDG Portal,,,
UNICEF:GENDER(1.0): Gender,JPN: Japan,GN_IT_MOB_OWN: Proportion of individuals who own a mobile telephone,_T: Total,_T: Total,_T: Total,_T: Total,2020,93,,,PCNT: %,,,,SDG Portal,,,
UNICEF:GENDER(1.0): Gender,JPN: Japan,GN_IT_MOB_OWN: Proportion of individuals who own a mobile telephone,_T: Total,_T: Total,_T: Total,_T: Total,2021,93,,,PCNT: %,,,,SDG Portal,,,
UNICEF:GENDER(1.0): Gender,JPN: Japan,GN_IT_MOB_OWN: Proportion of individuals who own a mobile telephone,_T: Total,_T: Total,_T: Total,_T: Total,2022,94,,,PCNT: %,,,,SDG Portal,,,
UNICEF:GENDER(1.0): Gender,JPN: Japan,GN_IT_MOB_OWN: Proportion of individuals who own a mobile telephone,M: Male,_T: Total,_T: Total,_T: Total,2016,85,,,PCNT: %,,,,SDG Portal,,,
UNICEF:GENDER(1.0): Gender,JPN: Japan,GN_IT_MOB_OWN: Proportion of individuals who own a mobile telephone,M: Male,_T: Total,_T: Total,_T: Total,2017,90,,,PCNT: %,,,,SDG Portal,,,
UNICEF:GENDER(1.0): Gender,JPN: Japan,GN_IT_MOB_OWN: Proportion of individuals who own a mobile telephone,M: Male,_T: Total,_T: Total,_T: Total,2018,90,,,PCNT: %,,,,SDG Portal,,,
UNICEF:GENDER(1.0): Gender,JPN: Japan,GN_IT_MOB_OWN: Proportion of individuals who own a mobile telephone,M: Male,_T: Total,_T: Total,_T: Total,2019,93,,,PCNT: %,,,,SDG Portal,,,
UNICEF:GENDER(1.0): Gender,JPN: Japan,GN_IT_MOB_OWN: Proportion of individuals who own a mobile telephone,M: Male,_T: Total,_T: Total,_T: Total,2020,94,,,PCNT: %,,,,SDG Portal,,,
UNICEF:GENDER(1.0): Gender,JPN: Japan,GN_IT_MOB_OWN: Proportion of individuals who own a mobile telephone,M: Male,_T: Total,_T: Total,_T: Total,2021,94,,,PCNT: %,,,,SDG Portal,,,
UNICEF:GENDER(1.0): Gender,JPN: Japan,GN_IT_MOB_OWN: Proportion of individuals who own a mobile telephone,M: Male,_T: Total,_T: Total,_T: Total,2022,94,,,PCNT: %,,,,SDG Portal,,,
UNICEF:GENDER(1.0): Gender,KAZ: Kazakhstan,GN_IT_MOB_OWN: Proportion of individuals who own a mobile telephone,_T: Total,_T: Total,_T: Total,_T: Total,2016,85,,,PCNT: %,,,,SDG Portal,,,
UNICEF:GENDER(1.0): Gender,KAZ: Kazakhstan,GN_IT_MOB_OWN: Proportion of individuals who own a mobile telephone,_T: Total,_T: Total,_T: Total,_T: Total,2017,87,,,PCNT: %,,,,SDG Portal,,,
UNICEF:GENDER(1.0): Gender,KAZ: Kazakhstan,GN_IT_MOB_OWN: Proportion of individuals who own a mobile telephone,_T: Total,_T: Total,_T: Total,_T: Total,2018,88,,,PCNT: %,,,,SDG Portal,,,
UNICEF:GENDER(1.0): Gender,KAZ: Kazakhstan,GN_IT_MOB_OWN: Proportion of individuals who own a mobile telephone,_T: Total,_T: Total,_T: Total,_T: Total,2019,88,,,PCNT: %,,,,SDG Portal,,,
UNICEF:GENDER(1.0): Gender,KAZ: Kazakhstan,GN_IT_MOB_OWN: Proportion of individuals who own a mobile telephone,_T: Total,_T: Total,_T: Total,_T: Total,2020,91,,,PCNT: %,,,,SDG Portal,,,
UNICEF:GENDER(1.0): Gender,KAZ: Kazakhstan,GN_IT_MOB_OWN: Proportion of individuals who own a mobile telephone,_T: Total,_T: Total,_T: Total,_T: Total,2021,93,,,PCNT: %,,,,SDG Portal,,,
UNICEF:GENDER(1.0): Gender,KAZ: Kazakhstan,GN_IT_MOB_OWN: Proportion of individuals who own a mobile telephone,_T: Total,_T: Total,_T: Total,_T: Total,2022,93,,,PCNT: %,,,,SDG Portal,,,
UNICEF:GENDER(1.0): Gender,KAZ: Kazakhstan,GN_IT_MOB_OWN: Proportion of individuals who own a mobile telephone,M: Male,_T: Total,_T: Total,_T: Total,2016,86,,,PCNT: %,,,,SDG Portal,,,
UNICEF:GENDER(1.0): Gender,KAZ: Kazakhstan,GN_IT_MOB_OWN: Proportion of individuals who own a mobile telephone,M: Male,_T: Total,_T: Total,_T: Total,2017,87,,,PCNT: %,,,,SDG Portal,,,
UNICEF:GENDER(1.0): Gender,KAZ: Kazakhstan,GN_IT_MOB_OWN: Proportion of individuals who own a mobile telephone,M: Male,_T: Total,_T: Total,_T: Total,2018,89,,,PCNT: %,,,,SDG Portal,,,
UNICEF:GENDER(1.0): Gender,KAZ: Kazakhstan,GN_IT_MOB_OWN: Proportion of individuals who own a mobile telephone,M: Male,_T: Total,_T: Total,_T: Total,2019,89,,,PCNT: %,,,,SDG Portal,,,
UNICEF:GENDER(1.0): Gender,KAZ: Kazakhstan,GN_IT_MOB_OWN: Proportion of individuals who own a mobile telephone,M: Male,_T: Total,_T: Total,_T: Total,2020,91,,,PCNT: %,,,,SDG Portal,,,
UNICEF:GENDER(1.0): Gender,KAZ: Kazakhstan,GN_IT_MOB_OWN: Proportion of individuals who own a mobile telephone,M: Male,_T: Total,_T: Total,_T: Total,2021,93,,,PCNT: %,,,,SDG Portal,,,
UNICEF:GENDER(1.0): Gender,KAZ: Kazakhstan,GN_IT_MOB_OWN: Proportion of individuals who own a mobile telephone,M: Male,_T: Total,_T: Total,_T: Total,2022,90,,,PCNT: %,,,,SDG Portal,,,
UNICEF:GENDER(1.0): Gender,KAZ: Kazakhstan,GN_IT_MOB_OWN: Proportion of individuals who own a mobile telephone,F: Female,_T: Total,_T: Total,_T: Total,2016,85,,,PCNT: %,,,,SDG Portal,,,
UNICEF:GENDER(1.0): Gender,KAZ: Kazakhstan,GN_IT_MOB_OWN: Proportion of individuals who own a mobile telephone,F: Female,_T: Total,_T: Total,_T: Total,2017,86,,,PCNT: %,,,,SDG Portal,,,
UNICEF:GENDER(1.0): Gender,KAZ: Kazakhstan,GN_IT_MOB_OWN: Proportion of individuals who own a mobile telephone,F: Female,_T: Total,_T: Total,_T: Total,2018,87,,,PCNT: %,,,,SDG Portal,,,
UNICEF:GENDER(1.0): Gender,KAZ: Kazakhstan,GN_IT_MOB_OWN: Proportion of individuals who own a mobile telephone,F: Female,_T: Total,_T: Total,_T: Total,2019,88,,,PCNT: %,,,,SDG Portal,,,
UNICEF:GENDER(1.0): Gender,KAZ: Kazakhstan,GN_IT_MOB_OWN: Proportion of individuals who own a mobile telephone,F: Female,_T: Total,_T: Total,_T: Total,2020,90,,,PCNT: %,,,,SDG Portal,,,
UNICEF:GENDER(1.0): Gender,KEN: Kenya,GN_IT_MOB_OWN: Proportion of individuals who own a mobile telephone,F: Female,_T: Total,_T: Total,_T: Total,2019,47,,,PCNT: %,,,,SDG Portal,,,
UNICEF:GENDER(1.0): Gender,KEN: Kenya,GN_IT_MOB_OWN: Proportion of individuals who own a mobile telephone,_T: Total,_T: Total,_T: Total,_T: Total,2016,45,,,PCNT: %,,,,SDG Portal,,,
UNICEF:GENDER(1.0): Gender,KEN: Kenya,GN_IT_MOB_OWN: Proportion of individuals who own a mobile telephone,_T: Total,_T: Total,_T: Total,_T: Total,2019,47,,,PCNT: %,,,,SDG Portal,,,
UNICEF:GENDER(1.0): Gender,KEN: Kenya,GN_IT_MOB_OWN: Proportion of individuals who own a mobile telephone,M: Male,_T: Total,_T: Total,_T: Total,2019,48,,,PCNT: %,,,,SDG Portal,,,
UNICEF:GENDER(1.0): Gender,KHM: Cambodia,GN_IT_MOB_OWN: Proportion of individuals who own a mobile telephone,F: Female,_T: Total,_T: Total,_T: Total,2017,27,,,PCNT: %,,,,SDG Portal,,,
UNICEF:GENDER(1.0): Gender,KHM: Cambodia,GN_IT_MOB_OWN: Proportion of individuals who own a mobile telephone,F: Female,_T: Total,_T: Total,_T: Total,2019,71,,,PCNT: %,,,,SDG Portal,,,
UNICEF:GENDER(1.0): Gender,KHM: Cambodia,GN_IT_MOB_OWN: Proportion of individuals who own a mobile telephone,_T: Total,_T: Total,_T: Total,_T: Total,2017,26,,,PCNT: %,,,,SDG Portal,,,
UNICEF:GENDER(1.0): Gender,KHM: Cambodia,GN_IT_MOB_OWN: Proportion of individuals who own a mobile telephone,_T: Total,_T: Total,_T: Total,_T: Total,2018,62,,,PCNT: %,,,,SDG Portal,,,
UNICEF:GENDER(1.0): Gender,KHM: Cambodia,GN_IT_MOB_OWN: Proportion of individuals who own a mobile telephone,M: Male,_T: Total,_T: Total,_T: Total,2017,26,,,PCNT: %,,,,SDG Portal,,,
UNICEF:GENDER(1.0): Gender,KHM: Cambodia,GN_IT_MOB_OWN: Proportion of individuals who own a mobile telephone,M: Male,_T: Total,_T: Total,_T: Total,2019,72,,,PCNT: %,,,,SDG Portal,,,
UNICEF:GENDER(1.0): Gender,KOR: Republic of Korea,GN_IT_MOB_OWN: Proportion of individuals who own a mobile telephone,F: Female,_T: Total,_T: Total,_T: Total,2016,88,,,PCNT: %,,,,SDG Portal,,,
UNICEF:GENDER(1.0): Gender,KOR: Republic of Korea,GN_IT_MOB_OWN: Proportion of individuals who own a mobile telephone,F: Female,_T: Total,_T: Total,_T: Total,2017,93,,,PCNT: %,,,,SDG Portal,,,
UNICEF:GENDER(1.0): Gender,KOR: Republic of Korea,GN_IT_MOB_OWN: Proportion of individuals who own a mobile telephone,F: Female,_T: Total,_T: Total,_T: Total,2018,95,,,PCNT: %,,,,SDG Portal,,,
UNICEF:GENDER(1.0): Gender,KOR: Republic of Korea,GN_IT_MOB_OWN: Proportion of individuals who own a mobile telephone,F: Female,_T: Total,_T: Total,_T: Total,2019,95,,,PCNT: %,,,,SDG Portal,,,
UNICEF:GENDER(1.0): Gender,KOR: Republic of Korea,GN_IT_MOB_OWN: Proportion of individuals who own a mobile telephone,F: Female,_T: Total,_T: Total,_T: Total,2020,95,,,PCNT: %,,,,SDG Portal,,,
UNICEF:GENDER(1.0): Gender,KOR: Republic of Korea,GN_IT_MOB_OWN: Proportion of individuals who own a mobile telephone,F: Female,_T: Total,_T: Total,_T: Total,2021,97,,,PCNT: %,,,,SDG Portal,,,
UNICEF:GENDER(1.0): Gender,KOR: Republic of Korea,GN_IT_MOB_OWN: Proportion of individuals who own a mobile telephone,F: Female,_T: Total,_T: Total,_T: Total,2022,97,,,PCNT: %,,,,SDG Portal,,,
UNICEF:GENDER(1.0): Gender,KOR: Republic of Korea,GN_IT_MOB_OWN: Proportion of individuals who own a mobile telephone,_T: Total,_T: Total,_T: Total,_T: Total,2016,90,,,PCNT: %,,,,SDG Portal,,,
UNICEF:GENDER(1.0): Gender,KOR: Republic of Korea,GN_IT_MOB_OWN: Proportion of individuals who own a mobile telephone,_T: Total,_T: Total,_T: Total,_T: Total,2017,94,,,PCNT: %,,,,SDG Portal,,,
UNICEF:GENDER(1.0): Gender,KOR: Republic of Korea,GN_IT_MOB_OWN: Proportion of individuals who own a mobile telephone,_T: Total,_T: Total,_T: Total,_T: Total,2018,96,,,PCNT: %,,,,SDG Portal,,,
UNICEF:GENDER(1.0): Gender,KOR: Republic of Korea,GN_IT_MOB_OWN: Proportion of individuals who own a mobile telephone,_T: Total,_T: Total,_T: Total,_T: Total,2019,96,,,PCNT: %,,,,SDG Portal,,,
UNICEF:GENDER(1.0): Gender,KOR: Republic of Korea,GN_IT_MOB_OWN: Proportion of individuals who own a mobile telephone,_T: Total,_T: Total,_T: Total,_T: Total,2020,96,,,PCNT: %,,,,SDG Portal,,,
UNICEF:GENDER(1.0): Gender,KOR: Republic of Korea,GN_IT_MOB_OWN: Proportion of individuals who own a mobile telephone,_T: Total,_T: Total,_T: Total,_T: Total,2021,98,,,PCNT: %,,,,SDG Portal,,,
UNICEF:GENDER(1.0): Gender,KOR: Republic of Korea,GN_IT_MOB_OWN: Proportion of individuals who own a mobile telephone,_T: Total,_T: Total,_T: Total,_T: Total,2022,97,,,PCNT: %,,,,SDG Portal,,,
UNICEF:GENDER(1.0): Gender,KOR: Republic of Korea,GN_IT_MOB_OWN: Proportion of individuals who own a mobile telephone,M: Male,_T: Total,_T: Total,_T: Total,2016,92,,,PCNT: %,,,,SDG Portal,,,
UNICEF:GENDER(1.0): Gender,KOR: Republic of Korea,GN_IT_MOB_OWN: Proportion of individuals who own a mobile telephone,M: Male,_T: Total,_T: Total,_T: Total,2017,96,,,PCNT: %,,,,SDG Portal,,,
UNICEF:GENDER(1.0): Gender,KOR: Republic of Korea,GN_IT_MOB_OWN: Proportion of individuals who own a mobile telephone,M: Male,_T: Total,_T: Total,_T: Total,2018,97,,,PCNT: %,,,,SDG Portal,,,
UNICEF:GENDER(1.0): Gender,KOR: Republic of Korea,GN_IT_MOB_OWN: Proportion of individuals who own a mobile telephone,M: Male,_T: Total,_T: Total,_T: Total,2019,97,,,PCNT: %,,,,SDG Portal,,,
UNICEF:GENDER(1.0): Gender,KOR: Republic of Korea,GN_IT_MOB_OWN: Proportion of individuals who own a mobile telephone,M: Male,_T: Total,_T: Total,_T: Total,2020,97,,,PCNT: %,,,,SDG Portal,,,
UNICEF:GENDER(1.0): Gender,KOR: Republic of Korea,GN_IT_MOB_OWN: Proportion of individuals who own a mobile telephone,M: Male,_T: Total,_T: Total,_T: Total,2021,98,,,PCNT: %,,,,SDG Portal,,,
UNICEF:GENDER(1.0): Gender,KOR: Republic of Korea,GN_IT_MOB_OWN: Proportion of individuals who own a mobile telephone,M: Male,_T: Total,_T: Total,_T: Total,2022,98,,,PCNT: %,,,,SDG Portal,,,
UNICEF:GENDER(1.0): Gender,KWT: Kuwait,GN_IT_MOB_OWN: Proportion of individuals who own a mobile telephone,M: Male,_T: Total,_T: Total,_T: Total,2017,100,,,PCNT: %,,,,SDG Portal,,,
UNICEF:GENDER(1.0): Gender,KWT: Kuwait,GN_IT_MOB_OWN: Proportion of individuals who own a mobile telephone,M: Male,_T: Total,_T: Total,_T: Total,2018,99,,,PCNT: %,,,,SDG Portal,,,
UNICEF:GENDER(1.0): Gender,KWT: Kuwait,GN_IT_MOB_OWN: Proportion of individuals who own a mobile telephone,M: Male,_T: Total,_T: Total,_T: Total,2019,99,,,PCNT: %,,,,SDG Portal,,,
UNICEF:GENDER(1.0): Gender,KWT: Kuwait,GN_IT_MOB_OWN: Proportion of individuals who own a mobile telephone,M: Male,_T: Total,_T: Total,_T: Total,2020,99,,,PCNT: %,,,,SDG Portal,,,
UNICEF:GENDER(1.0): Gender,KWT: Kuwait,GN_IT_MOB_OWN: Proportion of individuals who own a mobile telephone,M: Male,_T: Total,_T: Total,_T: Total,2021,99,,,PCNT: %,,,,SDG Portal,,,
UNICEF:GENDER(1.0): Gender,KWT: Kuwait,GN_IT_MOB_OWN: Proportion of individuals who own a mobile telephone,M: Male,_T: Total,_T: Total,_T: Total,2023,99,,,PCNT: %,,,,SDG Portal,,,
UNICEF:GENDER(1.0): Gender,KWT: Kuwait,GN_IT_MOB_OWN: Proportion of individuals who own a mobile telephone,_T: Total,_T: Total,_T: Total,_T: Total,2017,100,,,PCNT: %,,,,SDG Portal,,,
UNICEF:GENDER(1.0): Gender,KWT: Kuwait,GN_IT_MOB_OWN: Proportion of individuals who own a mobile telephone,_T: Total,_T: Total,_T: Total,_T: Total,2018,99,,,PCNT: %,,,,SDG Portal,,,
UNICEF:GENDER(1.0): Gender,KWT: Kuwait,GN_IT_MOB_OWN: Proportion of individuals who own a mobile telephone,_T: Total,_T: Total,_T: Total,_T: Total,2019,99,,,PCNT: %,,,,SDG Portal,,,
UNICEF:GENDER(1.0): Gender,KWT: Kuwait,GN_IT_MOB_OWN: Proportion of individuals who own a mobile telephone,_T: Total,_T: Total,_T: Total,_T: Total,2020,99,,,PCNT: %,,,,SDG Portal,,,
UNICEF:GENDER(1.0): Gender,KWT: Kuwait,GN_IT_MOB_OWN: Proportion of individuals who own a mobile telephone,_T: Total,_T: Total,_T: Total,_T: Total,2021,99,,,PCNT: %,,,,SDG Portal,,,
UNICEF:GENDER(1.0): Gender,KWT: Kuwait,GN_IT_MOB_OWN: Proportion of individuals who own a mobile telephone,_T: Total,_T: Total,_T: Total,_T: Total,2023,98,,,PCNT: %,,,,SDG Portal,,,
UNICEF:GENDER(1.0): Gender,KWT: Kuwait,GN_IT_MOB_OWN: Proportion of individuals who own a mobile telephone,F: Female,_T: Total,_T: Total,_T: Total,2017,100,,,PCNT: %,,,,SDG Portal,,,
UNICEF:GENDER(1.0): Gender,KWT: Kuwait,GN_IT_MOB_OWN: Proportion of individuals who own a mobile telephone,F: Female,_T: Total,_T: Total,_T: Total,2018,99,,,PCNT: %,,,,SDG Portal,,,
UNICEF:GENDER(1.0): Gender,KWT: Kuwait,GN_IT_MOB_OWN: Proportion of individuals who own a mobile telephone,F: Female,_T: Total,_T: Total,_T: Total,2019,99,,,PCNT: %,,,,SDG Portal,,,
UNICEF:GENDER(1.0): Gender,KWT: Kuwait,GN_IT_MOB_OWN: Proportion of individuals who own a mobile telephone,F: Female,_T: Total,_T: Total,_T: Total,2020,100,,,PCNT: %,,,,SDG Portal,,,
UNICEF:GENDER(1.0): Gender,KWT: Kuwait,GN_IT_MOB_OWN: Proportion of individuals who own a mobile telephone,F: Female,_T: Total,_T: Total,_T: Total,2021,100,,,PCNT: %,,,,SDG Portal,,,
UNICEF:GENDER(1.0): Gender,KWT: Kuwait,GN_IT_MOB_OWN: Proportion of individuals who own a mobile telephone,F: Female,_T: Total,_T: Total,_T: Total,2023,98,,,PCNT: %,,,,SDG Portal,,,
UNICEF:GENDER(1.0): Gender,LSO: Lesotho,GN_IT_MOB_OWN: Proportion of individuals who own a mobile telephone,_T: Total,_T: Total,_T: Total,_T: Total,2016,79,,,PCNT: %,,,,SDG Portal,,,
UNICEF:GENDER(1.0): Gender,LSO: Lesotho,GN_IT_MOB_OWN: Proportion of individuals who own a mobile telephone,_T: Total,_T: Total,_T: Total,_T: Total,2019,82,,,PCNT: %,,,,SDG Portal,,,
UNICEF:GENDER(1.0): Gender,LSO: Lesotho,GN_IT_MOB_OWN: Proportion of individuals who own a mobile telephone,M: Male,_T: Total,_T: Total,_T: Total,2019,80,,,PCNT: %,,,,SDG Portal,,,
UNICEF:GENDER(1.0): Gender,LSO: Lesotho,GN_IT_MOB_OWN: Proportion of individuals who own a mobile telephone,F: Female,_T: Total,_T: Total,_T: Total,2019,83,,,PCNT: %,,,,SDG Portal,,,
UNICEF:GENDER(1.0): Gender,LTU: Lithuania,GN_IT_MOB_OWN: Proportion of individuals who own a mobile telephone,M: Male,_T: Total,_T: Total,_T: Total,2016,96,,,PCNT: %,,,,SDG Portal,,,
UNICEF:GENDER(1.0): Gender,LTU: Lithuania,GN_IT_MOB_OWN: Proportion of individuals who own a mobile telephone,M: Male,_T: Total,_T: Total,_T: Total,2017,96,,,PCNT: %,,,,SDG Portal,,,
UNICEF:GENDER(1.0): Gender,LTU: Lithuania,GN_IT_MOB_OWN: Proportion of individuals who own a mobile telephone,M: Male,_T: Total,_T: Total,_T: Total,2018,96,,,PCNT: %,,,,SDG Portal,,,
UNICEF:GENDER(1.0): Gender,LTU: Lithuania,GN_IT_MOB_OWN: Proportion of individuals who own a mobile telephone,M: Male,_T: Total,_T: Total,_T: Total,2019,96,,,PCNT: %,,,,SDG Portal,,,
UNICEF:GENDER(1.0): Gender,LTU: Lithuania,GN_IT_MOB_OWN: Proportion of individuals who own a mobile telephone,_T: Total,_T: Total,_T: Total,_T: Total,2016,96,,,PCNT: %,,,,SDG Portal,,,
UNICEF:GENDER(1.0): Gender,LTU: Lithuania,GN_IT_MOB_OWN: Proportion of individuals who own a mobile telephone,_T: Total,_T: Total,_T: Total,_T: Total,2017,96,,,PCNT: %,,,,SDG Portal,,,
UNICEF:GENDER(1.0): Gender,LTU: Lithuania,GN_IT_MOB_OWN: Proportion of individuals who own a mobile telephone,_T: Total,_T: Total,_T: Total,_T: Total,2018,96,,,PCNT: %,,,,SDG Portal,,,
UNICEF:GENDER(1.0): Gender,LTU: Lithuania,GN_IT_MOB_OWN: Proportion of individuals who own a mobile telephone,_T: Total,_T: Total,_T: Total,_T: Total,2019,96,,,PCNT: %,,,,SDG Portal,,,
UNICEF:GENDER(1.0): Gender,LTU: Lithuania,GN_IT_MOB_OWN: Proportion of individuals who own a mobile telephone,F: Female,_T: Total,_T: Total,_T: Total,2016,96,,,PCNT: %,,,,SDG Portal,,,
UNICEF:GENDER(1.0): Gender,LTU: Lithuania,GN_IT_MOB_OWN: Proportion of individuals who own a mobile telephone,F: Female,_T: Total,_T: Total,_T: Total,2017,96,,,PCNT: %,,,,SDG Portal,,,
UNICEF:GENDER(1.0): Gender,LTU: Lithuania,GN_IT_MOB_OWN: Proportion of individuals who own a mobile telephone,F: Female,_T: Total,_T: Total,_T: Total,2018,96,,,PCNT: %,,,,SDG Portal,,,
UNICEF:GENDER(1.0): Gender,LTU: Lithuania,GN_IT_MOB_OWN: Proportion of individuals who own a mobile telephone,F: Female,_T: Total,_T: Total,_T: Total,2019,96,,,PCNT: %,,,,SDG Portal,,,
UNICEF:GENDER(1.0): Gender,"MAC: China, Macao Special Administrative Region",GN_IT_MOB_OWN: Proportion of individuals who own a mobile telephone,M: Male,_T: Total,_T: Total,_T: Total,2016,92,,,PCNT: %,,,,SDG Portal,,,
UNICEF:GENDER(1.0): Gender,"MAC: China, Macao Special Administrative Region",GN_IT_MOB_OWN: Proportion of individuals who own a mobile telephone,M: Male,_T: Total,_T: Total,_T: Total,2018,89,,,PCNT: %,,,,SDG Portal,,,
UNICEF:GENDER(1.0): Gender,"MAC: China, Macao Special Administrative Region",GN_IT_MOB_OWN: Proportion of individuals who own a mobile telephone,M: Male,_T: Total,_T: Total,_T: Total,2019,89,,,PCNT: %,,,,SDG Portal,,,
UNICEF:GENDER(1.0): Gender,"MAC: China, Macao Special Administrative Region",GN_IT_MOB_OWN: Proportion of individuals who own a mobile telephone,F: Female,_T: Total,_T: Total,_T: Total,2016,92,,,PCNT: %,,,,SDG Portal,,,
UNICEF:GENDER(1.0): Gender,"MAC: China, Macao Special Administrative Region",GN_IT_MOB_OWN: Proportion of individuals who own a mobile telephone,F: Female,_T: Total,_T: Total,_T: Total,2018,90,,,PCNT: %,,,,SDG Portal,,,
UNICEF:GENDER(1.0): Gender,"MAC: China, Macao Special Administrative Region",GN_IT_MOB_OWN: Proportion of individuals who own a mobile telephone,F: Female,_T: Total,_T: Total,_T: Total,2019,91,,,PCNT: %,,,,SDG Portal,,,
UNICEF:GENDER(1.0): Gender,"MAC: China, Macao Special Administrative Region",GN_IT_MOB_OWN: Proportion of individuals who own a mobile telephone,_T: Total,_T: Total,_T: Total,_T: Total,2016,92,,,PCNT: %,,,,SDG Portal,,,
UNICEF:GENDER(1.0): Gender,"MAC: China, Macao Special Administrative Region",GN_IT_MOB_OWN: Proportion of individuals who own a mobile telephone,_T: Total,_T: Total,_T: Total,_T: Total,2018,90,,,PCNT: %,,,,SDG Portal,,,
UNICEF:GENDER(1.0): Gender,"MAC: China, Macao Special Administrative Region",GN_IT_MOB_OWN: Proportion of individuals who own a mobile telephone,_T: Total,_T: Total,_T: Total,_T: Total,2019,90,,,PCNT: %,,,,SDG Portal,,,
UNICEF:GENDER(1.0): Gender,MAR: Morocco,GN_IT_MOB_OWN: Proportion of individuals who own a mobile telephone,F: Female,_T: Total,_T: Total,_T: Total,2016,87,,,PCNT: %,,,,SDG Portal,,,
UNICEF:GENDER(1.0): Gender,MAR: Morocco,GN_IT_MOB_OWN: Proportion of individuals who own a mobile telephone,F: Female,_T: Total,_T: Total,_T: Total,2017,92,,,PCNT: %,,,,SDG Portal,,,
UNICEF:GENDER(1.0): Gender,MAR: Morocco,GN_IT_MOB_OWN: Proportion of individuals who own a mobile telephone,F: Female,_T: Total,_T: Total,_T: Total,2018,93,,,PCNT: %,,,,SDG Portal,,,
UNICEF:GENDER(1.0): Gender,MAR: Morocco,GN_IT_MOB_OWN: Proportion of individuals who own a mobile telephone,F: Female,_T: Total,_T: Total,_T: Total,2019,94,,,PCNT: %,,,,SDG Portal,,,
UNICEF:GENDER(1.0): Gender,MAR: Morocco,GN_IT_MOB_OWN: Proportion of individuals who own a mobile telephone,F: Female,_T: Total,_T: Total,_T: Total,2020,95,,,PCNT: %,,,,SDG Portal,,,
UNICEF:GENDER(1.0): Gender,MAR: Morocco,GN_IT_MOB_OWN: Proportion of individuals who own a mobile telephone,F: Female,_T: Total,_T: Total,_T: Total,2021,96,,,PCNT: %,,,,SDG Portal,,,
UNICEF:GENDER(1.0): Gender,MAR: Morocco,GN_IT_MOB_OWN: Proportion of individuals who own a mobile telephone,_T: Total,_T: Total,_T: Total,_T: Total,2016,89,,,PCNT: %,,,,SDG Portal,,,
UNICEF:GENDER(1.0): Gender,MAR: Morocco,GN_IT_MOB_OWN: Proportion of individuals who own a mobile telephone,_T: Total,_T: Total,_T: Total,_T: Total,2017,92,,,PCNT: %,,,,SDG Portal,,,
UNICEF:GENDER(1.0): Gender,MAR: Morocco,GN_IT_MOB_OWN: Proportion of individuals who own a mobile telephone,_T: Total,_T: Total,_T: Total,_T: Total,2018,92,,,PCNT: %,,,,SDG Portal,,,
UNICEF:GENDER(1.0): Gender,MAR: Morocco,GN_IT_MOB_OWN: Proportion of individuals who own a mobile telephone,_T: Total,_T: Total,_T: Total,_T: Total,2019,94,,,PCNT: %,,,,SDG Portal,,,
UNICEF:GENDER(1.0): Gender,MAR: Morocco,GN_IT_MOB_OWN: Proportion of individuals who own a mobile telephone,_T: Total,_T: Total,_T: Total,_T: Total,2020,96,,,PCNT: %,,,,SDG Portal,,,
UNICEF:GENDER(1.0): Gender,MAR: Morocco,GN_IT_MOB_OWN: Proportion of individuals who own a mobile telephone,_T: Total,_T: Total,_T: Total,_T: Total,2021,96,,,PCNT: %,,,,SDG Portal,,,
UNICEF:GENDER(1.0): Gender,MAR: Morocco,GN_IT_MOB_OWN: Proportion of individuals who own a mobile telephone,M: Male,_T: Total,_T: Total,_T: Total,2016,91,,,PCNT: %,,,,SDG Portal,,,
UNICEF:GENDER(1.0): Gender,MAR: Morocco,GN_IT_MOB_OWN: Proportion of individuals who own a mobile telephone,M: Male,_T: Total,_T: Total,_T: Total,2017,92,,,PCNT: %,,,,SDG Portal,,,
UNICEF:GENDER(1.0): Gender,MAR: Morocco,GN_IT_MOB_OWN: Proportion of individuals who own a mobile telephone,M: Male,_T: Total,_T: Total,_T: Total,2018,92,,,PCNT: %,,,,SDG Portal,,,
UNICEF:GENDER(1.0): Gender,MAR: Morocco,GN_IT_MOB_OWN: Proportion of individuals who own a mobile telephone,M: Male,_T: Total,_T: Total,_T: Total,2019,95,,,PCNT: %,,,,SDG Portal,,,
UNICEF:GENDER(1.0): Gender,MAR: Morocco,GN_IT_MOB_OWN: Proportion of individuals who own a mobile telephone,M: Male,_T: Total,_T: Total,_T: Total,2020,96,,,PCNT: %,,,,SDG Portal,,,
UNICEF:GENDER(1.0): Gender,MAR: Morocco,GN_IT_MOB_OWN: Proportion of individuals who own a mobile telephone,M: Male,_T: Total,_T: Total,_T: Total,2021,97,,,PCNT: %,,,,SDG Portal,,,
UNICEF:GENDER(1.0): Gender,MMR: Myanmar,GN_IT_MOB_OWN: Proportion of individuals who own a mobile telephone,F: Female,_T: Total,_T: Total,_T: Total,2017,57,,,PCNT: %,,,,SDG Portal,,,
UNICEF:GENDER(1.0): Gender,MMR: Myanmar,GN_IT_MOB_OWN: Proportion of individuals who own a mobile telephone,_T: Total,_T: Total,_T: Total,_T: Total,2017,62,,,PCNT: %,,,,SDG Portal,,,
UNICEF:GENDER(1.0): Gender,MMR: Myanmar,GN_IT_MOB_OWN: Proportion of individuals who own a mobile telephone,M: Male,_T: Total,_T: Total,_T: Total,2017,68,,,PCNT: %,,,,SDG Portal,,,
UNICEF:GENDER(1.0): Gender,MNG: Mongolia,GN_IT_MOB_OWN: Proportion of individuals who own a mobile telephone,F: Female,_T: Total,_T: Total,_T: Total,2018,94,,,PCNT: %,,,,SDG Portal,,,
UNICEF:GENDER(1.0): Gender,MNG: Mongolia,GN_IT_MOB_OWN: Proportion of individuals who own a mobile telephone,F: Female,_T: Total,_T: Total,_T: Total,2019,95,,,PCNT: %,,,,SDG Portal,,,
UNICEF:GENDER(1.0): Gender,MNG: Mongolia,GN_IT_MOB_OWN: Proportion of individuals who own a mobile telephone,_T: Total,_T: Total,_T: Total,_T: Total,2018,94,,,PCNT: %,,,,SDG Portal,,,
UNICEF:GENDER(1.0): Gender,MNG: Mongolia,GN_IT_MOB_OWN: Proportion of individuals who own a mobile telephone,_T: Total,_T: Total,_T: Total,_T: Total,2019,94,,,PCNT: %,,,,SDG Portal,,,
UNICEF:GENDER(1.0): Gender,MNG: Mongolia,GN_IT_MOB_OWN: Proportion of individuals who own a mobile telephone,_T: Total,_T: Total,_T: Total,_T: Total,2021,91,,,PCNT: %,,,,SDG Portal,,,
UNICEF:GENDER(1.0): Gender,MNG: Mongolia,GN_IT_MOB_OWN: Proportion of individuals who own a mobile telephone,M: Male,_T: Total,_T: Total,_T: Total,2018,95,,,PCNT: %,,,,SDG Portal,,,
UNICEF:GENDER(1.0): Gender,MNG: Mongolia,GN_IT_MOB_OWN: Proportion of individuals who own a mobile telephone,M: Male,_T: Total,_T: Total,_T: Total,2019,94,,,PCNT: %,,,,SDG Portal,,,
UNICEF:GENDER(1.0): Gender,MOZ: Mozambique,GN_IT_MOB_OWN: Proportion of individuals who own a mobile telephone,M: Male,_T: Total,_T: Total,_T: Total,2017,37,,,PCNT: %,,,,SDG Portal,,,
UNICEF:GENDER(1.0): Gender,MOZ: Mozambique,GN_IT_MOB_OWN: Proportion of individuals who own a mobile telephone,F: Female,_T: Total,_T: Total,_T: Total,2017,26,,,PCNT: %,,,,SDG Portal,,,
UNICEF:GENDER(1.0): Gender,MOZ: Mozambique,GN_IT_MOB_OWN: Proportion of individuals who own a mobile telephone,_T: Total,_T: Total,_T: Total,_T: Total,2017,31,,,PCNT: %,,,,SDG Portal,,,
UNICEF:GENDER(1.0): Gender,MUS: Mauritius,GN_IT_MOB_OWN: Proportion of individuals who own a mobile telephone,F: Female,_T: Total,_T: Total,_T: Total,2017,73,,,PCNT: %,,,,SDG Portal,,,
UNICEF:GENDER(1.0): Gender,MUS: Mauritius,GN_IT_MOB_OWN: Proportion of individuals who own a mobile telephone,F: Female,_T: Total,_T: Total,_T: Total,2018,75,,,PCNT: %,,,,SDG Portal,,,
UNICEF:GENDER(1.0): Gender,MUS: Mauritius,GN_IT_MOB_OWN: Proportion of individuals who own a mobile telephone,F: Female,_T: Total,_T: Total,_T: Total,2019,76,,,PCNT: %,,,,SDG Portal,,,
UNICEF:GENDER(1.0): Gender,MUS: Mauritius,GN_IT_MOB_OWN: Proportion of individuals who own a mobile telephone,F: Female,_T: Total,_T: Total,_T: Total,2020,81,,,PCNT: %,,,,SDG Portal,,,
UNICEF:GENDER(1.0): Gender,MUS: Mauritius,GN_IT_MOB_OWN: Proportion of individuals who own a mobile telephone,_T: Total,_T: Total,_T: Total,_T: Total,2017,76,,,PCNT: %,,,,SDG Portal,,,
UNICEF:GENDER(1.0): Gender,MUS: Mauritius,GN_IT_MOB_OWN: Proportion of individuals who own a mobile telephone,_T: Total,_T: Total,_T: Total,_T: Total,2018,77,,,PCNT: %,,,,SDG Portal,,,
UNICEF:GENDER(1.0): Gender,MUS: Mauritius,GN_IT_MOB_OWN: Proportion of individuals who own a mobile telephone,_T: Total,_T: Total,_T: Total,_T: Total,2019,78,,,PCNT: %,,,,SDG Portal,,,
UNICEF:GENDER(1.0): Gender,MUS: Mauritius,GN_IT_MOB_OWN: Proportion of individuals who own a mobile telephone,_T: Total,_T: Total,_T: Total,_T: Total,2020,83,,,PCNT: %,,,,SDG Portal,,,
UNICEF:GENDER(1.0): Gender,MUS: Mauritius,GN_IT_MOB_OWN: Proportion of individuals who own a mobile telephone,M: Male,_T: Total,_T: Total,_T: Total,2017,79,,,PCNT: %,,,,SDG Portal,,,
UNICEF:GENDER(1.0): Gender,MUS: Mauritius,GN_IT_MOB_OWN: Proportion of individuals who own a mobile telephone,M: Male,_T: Total,_T: Total,_T: Total,2018,79,,,PCNT: %,,,,SDG Portal,,,
UNICEF:GENDER(1.0): Gender,MUS: Mauritius,GN_IT_MOB_OWN: Proportion of individuals who own a mobile telephone,M: Male,_T: Total,_T: Total,_T: Total,2019,80,,,PCNT: %,,,,SDG Portal,,,
UNICEF:GENDER(1.0): Gender,MUS: Mauritius,GN_IT_MOB_OWN: Proportion of individuals who own a mobile telephone,M: Male,_T: Total,_T: Total,_T: Total,2020,85,,,PCNT: %,,,,SDG Portal,,,
UNICEF:GENDER(1.0): Gender,MYS: Malaysia,GN_IT_MOB_OWN: Proportion of individuals who own a mobile telephone,F: Female,_T: Total,_T: Total,_T: Total,2017,94,,,PCNT: %,,,,SDG Portal,,,
UNICEF:GENDER(1.0): Gender,MYS: Malaysia,GN_IT_MOB_OWN: Proportion of individuals who own a mobile telephone,F: Female,_T: Total,_T: Total,_T: Total,2018,95,,,PCNT: %,,,,SDG Portal,,,
UNICEF:GENDER(1.0): Gender,MYS: Malaysia,GN_IT_MOB_OWN: Proportion of individuals who own a mobile telephone,F: Female,_T: Total,_T: Total,_T: Total,2019,94,,,PCNT: %,,,,SDG Portal,,,
UNICEF:GENDER(1.0): Gender,MYS: Malaysia,GN_IT_MOB_OWN: Proportion of individuals who own a mobile telephone,F: Female,_T: Total,_T: Total,_T: Total,2020,95,,,PCNT: %,,,,SDG Portal,,,
UNICEF:GENDER(1.0): Gender,MYS: Malaysia,GN_IT_MOB_OWN: Proportion of individuals who own a mobile telephone,F: Female,_T: Total,_T: Total,_T: Total,2021,97,,,PCNT: %,,,,SDG Portal,,,
UNICEF:GENDER(1.0): Gender,MYS: Malaysia,GN_IT_MOB_OWN: Proportion of individuals who own a mobile telephone,F: Female,_T: Total,_T: Total,_T: Total,2022,97,,,PCNT: %,,,,SDG Portal,,,
UNICEF:GENDER(1.0): Gender,MYS: Malaysia,GN_IT_MOB_OWN: Proportion of individuals who own a mobile telephone,_T: Total,_T: Total,_T: Total,_T: Total,2017,96,,,PCNT: %,,,,SDG Portal,,,
UNICEF:GENDER(1.0): Gender,MYS: Malaysia,GN_IT_MOB_OWN: Proportion of individuals who own a mobile telephone,_T: Total,_T: Total,_T: Total,_T: Total,2018,96,,,PCNT: %,,,,SDG Portal,,,
UNICEF:GENDER(1.0): Gender,MYS: Malaysia,GN_IT_MOB_OWN: Proportion of individuals who own a mobile telephone,_T: Total,_T: Total,_T: Total,_T: Total,2019,96,,,PCNT: %,,,,SDG Portal,,,
UNICEF:GENDER(1.0): Gender,MYS: Malaysia,GN_IT_MOB_OWN: Proportion of individuals who own a mobile telephone,_T: Total,_T: Total,_T: Total,_T: Total,2020,96,,,PCNT: %,,,,SDG Portal,,,
UNICEF:GENDER(1.0): Gender,MYS: Malaysia,GN_IT_MOB_OWN: Proportion of individuals who own a mobile telephone,_T: Total,_T: Total,_T: Total,_T: Total,2021,97,,,PCNT: %,,,,SDG Portal,,,
UNICEF:GENDER(1.0): Gender,MYS: Malaysia,GN_IT_MOB_OWN: Proportion of individuals who own a mobile telephone,_T: Total,_T: Total,_T: Total,_T: Total,2022,98,,,PCNT: %,,,,SDG Portal,,,
UNICEF:GENDER(1.0): Gender,MYS: Malaysia,GN_IT_MOB_OWN: Proportion of individuals who own a mobile telephone,M: Male,_T: Total,_T: Total,_T: Total,2017,97,,,PCNT: %,,,,SDG Portal,,,
UNICEF:GENDER(1.0): Gender,MYS: Malaysia,GN_IT_MOB_OWN: Proportion of individuals who own a mobile telephone,M: Male,_T: Total,_T: Total,_T: Total,2018,97,,,PCNT: %,,,,SDG Portal,,,
UNICEF:GENDER(1.0): Gender,MYS: Malaysia,GN_IT_MOB_OWN: Proportion of individuals who own a mobile telephone,M: Male,_T: Total,_T: Total,_T: Total,2019,97,,,PCNT: %,,,,SDG Portal,,,
UNICEF:GENDER(1.0): Gender,MYS: Malaysia,GN_IT_MOB_OWN: Proportion of individuals who own a mobile telephone,M: Male,_T: Total,_T: Total,_T: Total,2020,98,,,PCNT: %,,,,SDG Portal,,,
UNICEF:GENDER(1.0): Gender,MYS: Malaysia,GN_IT_MOB_OWN: Proportion of individuals who own a mobile telephone,M: Male,_T: Total,_T: Total,_T: Total,2021,98,,,PCNT: %,,,,SDG Portal,,,
UNICEF:GENDER(1.0): Gender,MYS: Malaysia,GN_IT_MOB_OWN: Proportion of individuals who own a mobile telephone,M: Male,_T: Total,_T: Total,_T: Total,2022,99,,,PCNT: %,,,,SDG Portal,,,
UNICEF:GENDER(1.0): Gender,NER: Niger,GN_IT_MOB_OWN: Proportion of individuals who own a mobile telephone,F: Female,_T: Total,_T: Total,_T: Total,2017,55,,,PCNT: %,,,,SDG Portal,,,
UNICEF:GENDER(1.0): Gender,NER: Niger,GN_IT_MOB_OWN: Proportion of individuals who own a mobile telephone,_T: Total,_T: Total,_T: Total,_T: Total,2017,65,,,PCNT: %,,,,SDG Portal,,,
UNICEF:GENDER(1.0): Gender,NER: Niger,GN_IT_MOB_OWN: Proportion of individuals who own a mobile telephone,M: Male,_T: Total,_T: Total,_T: Total,2017,77,,,PCNT: %,,,,SDG Portal,,,
UNICEF:GENDER(1.0): Gender,NGA: Nigeria,GN_IT_MOB_OWN: Proportion of individuals who own a mobile telephone,F: Female,_T: Total,_T: Total,_T: Total,2017,32,,,PCNT: %,,,,SDG Portal,,,
UNICEF:GENDER(1.0): Gender,NGA: Nigeria,GN_IT_MOB_OWN: Proportion of individuals who own a mobile telephone,_T: Total,_T: Total,_T: Total,_T: Total,2017,41,,,PCNT: %,,,,SDG Portal,,,
UNICEF:GENDER(1.0): Gender,NGA: Nigeria,GN_IT_MOB_OWN: Proportion of individuals who own a mobile telephone,M: Male,_T: Total,_T: Total,_T: Total,2017,49,,,PCNT: %,,,,SDG Portal,,,
UNICEF:GENDER(1.0): Gender,NLD: Netherlands (Kingdom of the),GN_IT_MOB_OWN: Proportion of individuals who own a mobile telephone,F: Female,_T: Total,_T: Total,_T: Total,2016,82,,,PCNT: %,,,,SDG Portal,,,
UNICEF:GENDER(1.0): Gender,NLD: Netherlands (Kingdom of the),GN_IT_MOB_OWN: Proportion of individuals who own a mobile telephone,_T: Total,_T: Total,_T: Total,_T: Total,2016,84,,,PCNT: %,,,,SDG Portal,,,
UNICEF:GENDER(1.0): Gender,NLD: Netherlands (Kingdom of the),GN_IT_MOB_OWN: Proportion of individuals who own a mobile telephone,_T: Total,_T: Total,_T: Total,_T: Total,2021,87,,,PCNT: %,,,,SDG Portal,,,
UNICEF:GENDER(1.0): Gender,NLD: Netherlands (Kingdom of the),GN_IT_MOB_OWN: Proportion of individuals who own a mobile telephone,M: Male,_T: Total,_T: Total,_T: Total,2016,86,,,PCNT: %,,,,SDG Portal,,,
UNICEF:GENDER(1.0): Gender,NOR: Norway,GN_IT_MOB_OWN: Proportion of individuals who own a mobile telephone,_T: Total,_T: Total,_T: Total,_T: Total,2017,98,,,PCNT: %,,,,SDG Portal,,,
UNICEF:GENDER(1.0): Gender,OMN: Oman,GN_IT_MOB_OWN: Proportion of individuals who own a mobile telephone,M: Male,_T: Total,_T: Total,_T: Total,2016,94,,,PCNT: %,,,,SDG Portal,,,
UNICEF:GENDER(1.0): Gender,OMN: Oman,GN_IT_MOB_OWN: Proportion of individuals who own a mobile telephone,M: Male,_T: Total,_T: Total,_T: Total,2020,98,,,PCNT: %,,,,SDG Portal,,,
UNICEF:GENDER(1.0): Gender,OMN: Oman,GN_IT_MOB_OWN: Proportion of individuals who own a mobile telephone,F: Female,_T: Total,_T: Total,_T: Total,2016,87,,,PCNT: %,,,,SDG Portal,,,
UNICEF:GENDER(1.0): Gender,OMN: Oman,GN_IT_MOB_OWN: Proportion of individuals who own a mobile telephone,F: Female,_T: Total,_T: Total,_T: Total,2020,96,,,PCNT: %,,,,SDG Portal,,,
UNICEF:GENDER(1.0): Gender,OMN: Oman,GN_IT_MOB_OWN: Proportion of individuals who own a mobile telephone,_T: Total,_T: Total,_T: Total,_T: Total,2016,91,,,PCNT: %,,,,SDG Portal,,,
UNICEF:GENDER(1.0): Gender,OMN: Oman,GN_IT_MOB_OWN: Proportion of individuals who own a mobile telephone,_T: Total,_T: Total,_T: Total,_T: Total,2020,97,,,PCNT: %,,,,SDG Portal,,,
UNICEF:GENDER(1.0): Gender,PAK: Pakistan,GN_IT_MOB_OWN: Proportion of individuals who own a mobile telephone,_T: Total,_T: Total,_T: Total,_T: Total,2019,45,,,PCNT: %,,,,SDG Portal,,,
UNICEF:GENDER(1.0): Gender,PAK: Pakistan,GN_IT_MOB_OWN: Proportion of individuals who own a mobile telephone,_T: Total,_T: Total,_T: Total,_T: Total,2020,46,,,PCNT: %,,,,SDG Portal,,,
UNICEF:GENDER(1.0): Gender,PAK: Pakistan,GN_IT_MOB_OWN: Proportion of individuals who own a mobile telephone,F: Female,_T: Total,_T: Total,_T: Total,2019,26,,,PCNT: %,,,,SDG Portal,,,
UNICEF:GENDER(1.0): Gender,PAK: Pakistan,GN_IT_MOB_OWN: Proportion of individuals who own a mobile telephone,F: Female,_T: Total,_T: Total,_T: Total,2020,25,,,PCNT: %,,,,SDG Portal,,,
UNICEF:GENDER(1.0): Gender,PAK: Pakistan,GN_IT_MOB_OWN: Proportion of individuals who own a mobile telephone,M: Male,_T: Total,_T: Total,_T: Total,2019,65,,,PCNT: %,,,,SDG Portal,,,
UNICEF:GENDER(1.0): Gender,PAK: Pakistan,GN_IT_MOB_OWN: Proportion of individuals who own a mobile telephone,M: Male,_T: Total,_T: Total,_T: Total,2020,65,,,PCNT: %,,,,SDG Portal,,,
UNICEF:GENDER(1.0): Gender,PER: Peru,GN_IT_MOB_OWN: Proportion of individuals who own a mobile telephone,F: Female,_T: Total,_T: Total,_T: Total,2017,76,,,PCNT: %,,,,SDG Portal,,,
UNICEF:GENDER(1.0): Gender,PER: Peru,GN_IT_MOB_OWN: Proportion of individuals who own a mobile telephone,F: Female,_T: Total,_T: Total,_T: Total,2018,78,,,PCNT: %,,,,SDG Portal,,,
UNICEF:GENDER(1.0): Gender,PER: Peru,GN_IT_MOB_OWN: Proportion of individuals who own a mobile telephone,F: Female,_T: Total,_T: Total,_T: Total,2019,79,,,PCNT: %,,,,SDG Portal,,,
UNICEF:GENDER(1.0): Gender,PER: Peru,GN_IT_MOB_OWN: Proportion of individuals who own a mobile telephone,F: Female,_T: Total,_T: Total,_T: Total,2020,79,,,PCNT: %,,,,SDG Portal,,,
UNICEF:GENDER(1.0): Gender,PER: Peru,GN_IT_MOB_OWN: Proportion of individuals who own a mobile telephone,F: Female,_T: Total,_T: Total,_T: Total,2021,81,,,PCNT: %,,,,SDG Portal,,,
UNICEF:GENDER(1.0): Gender,PER: Peru,GN_IT_MOB_OWN: Proportion of individuals who own a mobile telephone,F: Female,_T: Total,_T: Total,_T: Total,2022,83,,,PCNT: %,,,,SDG Portal,,,
UNICEF:GENDER(1.0): Gender,PER: Peru,GN_IT_MOB_OWN: Proportion of individuals who own a mobile telephone,M: Male,_T: Total,_T: Total,_T: Total,2017,82,,,PCNT: %,,,,SDG Portal,,,
UNICEF:GENDER(1.0): Gender,PER: Peru,GN_IT_MOB_OWN: Proportion of individuals who own a mobile telephone,M: Male,_T: Total,_T: Total,_T: Total,2018,84,,,PCNT: %,,,,SDG Portal,,,
UNICEF:GENDER(1.0): Gender,PER: Peru,GN_IT_MOB_OWN: Proportion of individuals who own a mobile telephone,M: Male,_T: Total,_T: Total,_T: Total,2019,84,,,PCNT: %,,,,SDG Portal,,,
UNICEF:GENDER(1.0): Gender,PER: Peru,GN_IT_MOB_OWN: Proportion of individuals who own a mobile telephone,M: Male,_T: Total,_T: Total,_T: Total,2020,85,,,PCNT: %,,,,SDG Portal,,,
UNICEF:GENDER(1.0): Gender,PER: Peru,GN_IT_MOB_OWN: Proportion of individuals who own a mobile telephone,M: Male,_T: Total,_T: Total,_T: Total,2021,85,,,PCNT: %,,,,SDG Portal,,,
UNICEF:GENDER(1.0): Gender,PER: Peru,GN_IT_MOB_OWN: Proportion of individuals who own a mobile telephone,M: Male,_T: Total,_T: Total,_T: Total,2022,86,,,PCNT: %,,,,SDG Portal,,,
UNICEF:GENDER(1.0): Gender,PER: Peru,GN_IT_MOB_OWN: Proportion of individuals who own a mobile telephone,_T: Total,_T: Total,_T: Total,_T: Total,2017,79,,,PCNT: %,,,,SDG Portal,,,
UNICEF:GENDER(1.0): Gender,PER: Peru,GN_IT_MOB_OWN: Proportion of individuals who own a mobile telephone,_T: Total,_T: Total,_T: Total,_T: Total,2018,81,,,PCNT: %,,,,SDG Portal,,,
UNICEF:GENDER(1.0): Gender,PER: Peru,GN_IT_MOB_OWN: Proportion of individuals who own a mobile telephone,_T: Total,_T: Total,_T: Total,_T: Total,2019,82,,,PCNT: %,,,,SDG Portal,,,
UNICEF:GENDER(1.0): Gender,PER: Peru,GN_IT_MOB_OWN: Proportion of individuals who own a mobile telephone,_T: Total,_T: Total,_T: Total,_T: Total,2020,82,,,PCNT: %,,,,SDG Portal,,,
UNICEF:GENDER(1.0): Gender,PER: Peru,GN_IT_MOB_OWN: Proportion of individuals who own a mobile telephone,_T: Total,_T: Total,_T: Total,_T: Total,2021,83,,,PCNT: %,,,,SDG Portal,,,
UNICEF:GENDER(1.0): Gender,PER: Peru,GN_IT_MOB_OWN: Proportion of individuals who own a mobile telephone,_T: Total,_T: Total,_T: Total,_T: Total,2022,85,,,PCNT: %,,,,SDG Portal,,,
UNICEF:GENDER(1.0): Gender,PHL: Philippines,GN_IT_MOB_OWN: Proportion of individuals who own a mobile telephone,_T: Total,_T: Total,_T: Total,_T: Total,2019,79,,,PCNT: %,,,,SDG Portal,,,
UNICEF:GENDER(1.0): Gender,PRT: Portugal,GN_IT_MOB_OWN: Proportion of individuals who own a mobile telephone,_T: Total,_T: Total,_T: Total,_T: Total,2022,97,,,PCNT: %,,,,SDG Portal,,,
UNICEF:GENDER(1.0): Gender,PRT: Portugal,GN_IT_MOB_OWN: Proportion of individuals who own a mobile telephone,F: Female,_T: Total,_T: Total,_T: Total,2022,97,,,PCNT: %,,,,SDG Portal,,,
UNICEF:GENDER(1.0): Gender,PRT: Portugal,GN_IT_MOB_OWN: Proportion of individuals who own a mobile telephone,M: Male,_T: Total,_T: Total,_T: Total,2022,97,,,PCNT: %,,,,SDG Portal,,,
UNICEF:GENDER(1.0): Gender,PSE: State of Palestine,GN_IT_MOB_OWN: Proportion of individuals who own a mobile telephone,F: Female,_T: Total,_T: Total,_T: Total,2018,83,,,PCNT: %,,,,SDG Portal,,,
UNICEF:GENDER(1.0): Gender,PSE: State of Palestine,GN_IT_MOB_OWN: Proportion of individuals who own a mobile telephone,F: Female,_T: Total,_T: Total,_T: Total,2019,70,,,PCNT: %,,,,SDG Portal,,,
UNICEF:GENDER(1.0): Gender,PSE: State of Palestine,GN_IT_MOB_OWN: Proportion of individuals who own a mobile telephone,F: Female,_T: Total,_T: Total,_T: Total,2022,76,,,PCNT: %,,,,SDG Portal,,,
UNICEF:GENDER(1.0): Gender,PSE: State of Palestine,GN_IT_MOB_OWN: Proportion of individuals who own a mobile telephone,M: Male,_T: Total,_T: Total,_T: Total,2018,94,,,PCNT: %,,,,SDG Portal,,,
UNICEF:GENDER(1.0): Gender,PSE: State of Palestine,GN_IT_MOB_OWN: Proportion of individuals who own a mobile telephone,M: Male,_T: Total,_T: Total,_T: Total,2019,79,,,PCNT: %,,,,SDG Portal,,,
UNICEF:GENDER(1.0): Gender,PSE: State of Palestine,GN_IT_MOB_OWN: Proportion of individuals who own a mobile telephone,M: Male,_T: Total,_T: Total,_T: Total,2022,83,,,PCNT: %,,,,SDG Portal,,,
UNICEF:GENDER(1.0): Gender,PSE: State of Palestine,GN_IT_MOB_OWN: Proportion of individuals who own a mobile telephone,_T: Total,_T: Total,_T: Total,_T: Total,2018,89,,,PCNT: %,,,,SDG Portal,,,
UNICEF:GENDER(1.0): Gender,PSE: State of Palestine,GN_IT_MOB_OWN: Proportion of individuals who own a mobile telephone,_T: Total,_T: Total,_T: Total,_T: Total,2019,75,,,PCNT: %,,,,SDG Portal,,,
UNICEF:GENDER(1.0): Gender,PSE: State of Palestine,GN_IT_MOB_OWN: Proportion of individuals who own a mobile telephone,_T: Total,_T: Total,_T: Total,_T: Total,2022,79,,,PCNT: %,,,,SDG Portal,,,
UNICEF:GENDER(1.0): Gender,QAT: Qatar,GN_IT_MOB_OWN: Proportion of individuals who own a mobile telephone,M: Male,_T: Total,_T: Total,_T: Total,2018,100,,,PCNT: %,,,,SDG Portal,,,
UNICEF:GENDER(1.0): Gender,QAT: Qatar,GN_IT_MOB_OWN: Proportion of individuals who own a mobile telephone,M: Male,_T: Total,_T: Total,_T: Total,2019,100,,,PCNT: %,,,,SDG Portal,,,
UNICEF:GENDER(1.0): Gender,QAT: Qatar,GN_IT_MOB_OWN: Proportion of individuals who own a mobile telephone,M: Male,_T: Total,_T: Total,_T: Total,2020,100,,,PCNT: %,,,,SDG Portal,,,
UNICEF:GENDER(1.0): Gender,QAT: Qatar,GN_IT_MOB_OWN: Proportion of individuals who own a mobile telephone,F: Female,_T: Total,_T: Total,_T: Total,2018,100,,,PCNT: %,,,,SDG Portal,,,
UNICEF:GENDER(1.0): Gender,QAT: Qatar,GN_IT_MOB_OWN: Proportion of individuals who own a mobile telephone,F: Female,_T: Total,_T: Total,_T: Total,2019,100,,,PCNT: %,,,,SDG Portal,,,
UNICEF:GENDER(1.0): Gender,QAT: Qatar,GN_IT_MOB_OWN: Proportion of individuals who own a mobile telephone,F: Female,_T: Total,_T: Total,_T: Total,2020,100,,,PCNT: %,,,,SDG Portal,,,
UNICEF:GENDER(1.0): Gender,QAT: Qatar,GN_IT_MOB_OWN: Proportion of individuals who own a mobile telephone,_T: Total,_T: Total,_T: Total,_T: Total,2018,100,,,PCNT: %,,,,SDG Portal,,,
UNICEF:GENDER(1.0): Gender,QAT: Qatar,GN_IT_MOB_OWN: Proportion of individuals who own a mobile telephone,_T: Total,_T: Total,_T: Total,_T: Total,2019,100,,,PCNT: %,,,,SDG Portal,,,
UNICEF:GENDER(1.0): Gender,QAT: Qatar,GN_IT_MOB_OWN: Proportion of individuals who own a mobile telephone,_T: Total,_T: Total,_T: Total,_T: Total,2020,100,,,PCNT: %,,,,SDG Portal,,,
UNICEF:GENDER(1.0): Gender,ROU: Romania,GN_IT_MOB_OWN: Proportion of individuals who own a mobile telephone,M: Male,_T: Total,_T: Total,_T: Total,2019,97,,,PCNT: %,,,,SDG Portal,,,
UNICEF:GENDER(1.0): Gender,ROU: Romania,GN_IT_MOB_OWN: Proportion of individuals who own a mobile telephone,M: Male,_T: Total,_T: Total,_T: Total,2022,98,,,PCNT: %,,,,SDG Portal,,,
UNICEF:GENDER(1.0): Gender,ROU: Romania,GN_IT_MOB_OWN: Proportion of individuals who own a mobile telephone,_T: Total,_T: Total,_T: Total,_T: Total,2019,96,,,PCNT: %,,,,SDG Portal,,,
UNICEF:GENDER(1.0): Gender,ROU: Romania,GN_IT_MOB_OWN: Proportion of individuals who own a mobile telephone,_T: Total,_T: Total,_T: Total,_T: Total,2020,97,,,PCNT: %,,,,SDG Portal,,,
UNICEF:GENDER(1.0): Gender,ROU: Romania,GN_IT_MOB_OWN: Proportion of individuals who own a mobile telephone,_T: Total,_T: Total,_T: Total,_T: Total,2021,98,,,PCNT: %,,,,SDG Portal,,,
UNICEF:GENDER(1.0): Gender,ROU: Romania,GN_IT_MOB_OWN: Proportion of individuals who own a mobile telephone,_T: Total,_T: Total,_T: Total,_T: Total,2022,98,,,PCNT: %,,,,SDG Portal,,,
UNICEF:GENDER(1.0): Gender,ROU: Romania,GN_IT_MOB_OWN: Proportion of individuals who own a mobile telephone,F: Female,_T: Total,_T: Total,_T: Total,2019,95,,,PCNT: %,,,,SDG Portal,,,
UNICEF:GENDER(1.0): Gender,ROU: Romania,GN_IT_MOB_OWN: Proportion of individuals who own a mobile telephone,F: Female,_T: Total,_T: Total,_T: Total,2022,98,,,PCNT: %,,,,SDG Portal,,,
UNICEF:GENDER(1.0): Gender,RUS: Russian Federation,GN_IT_MOB_OWN: Proportion of individuals who own a mobile telephone,F: Female,_T: Total,_T: Total,_T: Total,2017,95,,,PCNT: %,,,,SDG Portal,,,
UNICEF:GENDER(1.0): Gender,RUS: Russian Federation,GN_IT_MOB_OWN: Proportion of individuals who own a mobile telephone,F: Female,_T: Total,_T: Total,_T: Total,2018,95,,,PCNT: %,,,,SDG Portal,,,
UNICEF:GENDER(1.0): Gender,RUS: Russian Federation,GN_IT_MOB_OWN: Proportion of individuals who own a mobile telephone,F: Female,_T: Total,_T: Total,_T: Total,2019,97,,,PCNT: %,,,,SDG Portal,,,
UNICEF:GENDER(1.0): Gender,RUS: Russian Federation,GN_IT_MOB_OWN: Proportion of individuals who own a mobile telephone,F: Female,_T: Total,_T: Total,_T: Total,2020,97,,,PCNT: %,,,,SDG Portal,,,
UNICEF:GENDER(1.0): Gender,RUS: Russian Federation,GN_IT_MOB_OWN: Proportion of individuals who own a mobile telephone,F: Female,_T: Total,_T: Total,_T: Total,2021,98,,,PCNT: %,,,,SDG Portal,,,
UNICEF:GENDER(1.0): Gender,RUS: Russian Federation,GN_IT_MOB_OWN: Proportion of individuals who own a mobile telephone,F: Female,_T: Total,_T: Total,_T: Total,2022,99,,,PCNT: %,,,,SDG Portal,,,
UNICEF:GENDER(1.0): Gender,RUS: Russian Federation,GN_IT_MOB_OWN: Proportion of individuals who own a mobile telephone,_T: Total,_T: Total,_T: Total,_T: Total,2017,95,,,PCNT: %,,,,SDG Portal,,,
UNICEF:GENDER(1.0): Gender,RUS: Russian Federation,GN_IT_MOB_OWN: Proportion of individuals who own a mobile telephone,_T: Total,_T: Total,_T: Total,_T: Total,2018,95,,,PCNT: %,,,,SDG Portal,,,
UNICEF:GENDER(1.0): Gender,RUS: Russian Federation,GN_IT_MOB_OWN: Proportion of individuals who own a mobile telephone,_T: Total,_T: Total,_T: Total,_T: Total,2019,97,,,PCNT: %,,,,SDG Portal,,,
UNICEF:GENDER(1.0): Gender,RUS: Russian Federation,GN_IT_MOB_OWN: Proportion of individuals who own a mobile telephone,_T: Total,_T: Total,_T: Total,_T: Total,2020,97,,,PCNT: %,,,,SDG Portal,,,
UNICEF:GENDER(1.0): Gender,RUS: Russian Federation,GN_IT_MOB_OWN: Proportion of individuals who own a mobile telephone,_T: Total,_T: Total,_T: Total,_T: Total,2021,98,,,PCNT: %,,,,SDG Portal,,,
UNICEF:GENDER(1.0): Gender,RUS: Russian Federation,GN_IT_MOB_OWN: Proportion of individuals who own a mobile telephone,_T: Total,_T: Total,_T: Total,_T: Total,2022,99,,,PCNT: %,,,,SDG Portal,,,
UNICEF:GENDER(1.0): Gender,RUS: Russian Federation,GN_IT_MOB_OWN: Proportion of individuals who own a mobile telephone,M: Male,_T: Total,_T: Total,_T: Total,2017,95,,,PCNT: %,,,,SDG Portal,,,
UNICEF:GENDER(1.0): Gender,RUS: Russian Federation,GN_IT_MOB_OWN: Proportion of individuals who own a mobile telephone,M: Male,_T: Total,_T: Total,_T: Total,2018,95,,,PCNT: %,,,,SDG Portal,,,
UNICEF:GENDER(1.0): Gender,RUS: Russian Federation,GN_IT_MOB_OWN: Proportion of individuals who own a mobile telephone,M: Male,_T: Total,_T: Total,_T: Total,2019,97,,,PCNT: %,,,,SDG Portal,,,
UNICEF:GENDER(1.0): Gender,RUS: Russian Federation,GN_IT_MOB_OWN: Proportion of individuals who own a mobile telephone,M: Male,_T: Total,_T: Total,_T: Total,2020,97,,,PCNT: %,,,,SDG Portal,,,
UNICEF:GENDER(1.0): Gender,RUS: Russian Federation,GN_IT_MOB_OWN: Proportion of individuals who own a mobile telephone,M: Male,_T: Total,_T: Total,_T: Total,2021,98,,,PCNT: %,,,,SDG Portal,,,
UNICEF:GENDER(1.0): Gender,RUS: Russian Federation,GN_IT_MOB_OWN: Proportion of individuals who own a mobile telephone,M: Male,_T: Total,_T: Total,_T: Total,2022,99,,,PCNT: %,,,,SDG Portal,,,
UNICEF:GENDER(1.0): Gender,SAU: Saudi Arabia,GN_IT_MOB_OWN: Proportion of individuals who own a mobile telephone,F: Female,_T: Total,_T: Total,_T: Total,2016,49,,,PCNT: %,,,,SDG Portal,,,
UNICEF:GENDER(1.0): Gender,SAU: Saudi Arabia,GN_IT_MOB_OWN: Proportion of individuals who own a mobile telephone,F: Female,_T: Total,_T: Total,_T: Total,2017,92,,,PCNT: %,,,,SDG Portal,,,
UNICEF:GENDER(1.0): Gender,SAU: Saudi Arabia,GN_IT_MOB_OWN: Proportion of individuals who own a mobile telephone,F: Female,_T: Total,_T: Total,_T: Total,2018,92,,,PCNT: %,,,,SDG Portal,,,
UNICEF:GENDER(1.0): Gender,SAU: Saudi Arabia,GN_IT_MOB_OWN: Proportion of individuals who own a mobile telephone,F: Female,_T: Total,_T: Total,_T: Total,2019,95,,,PCNT: %,,,,SDG Portal,,,
UNICEF:GENDER(1.0): Gender,SAU: Saudi Arabia,GN_IT_MOB_OWN: Proportion of individuals who own a mobile telephone,F: Female,_T: Total,_T: Total,_T: Total,2021,100,,,PCNT: %,,,,SDG Portal,,,
UNICEF:GENDER(1.0): Gender,SAU: Saudi Arabia,GN_IT_MOB_OWN: Proportion of individuals who own a mobile telephone,F: Female,_T: Total,_T: Total,_T: Total,2022,100,,,PCNT: %,,,,SDG Portal,,,
UNICEF:GENDER(1.0): Gender,SAU: Saudi Arabia,GN_IT_MOB_OWN: Proportion of individuals who own a mobile telephone,_T: Total,_T: Total,_T: Total,_T: Total,2016,62,,,PCNT: %,,,,SDG Portal,,,
UNICEF:GENDER(1.0): Gender,SAU: Saudi Arabia,GN_IT_MOB_OWN: Proportion of individuals who own a mobile telephone,_T: Total,_T: Total,_T: Total,_T: Total,2017,94,,,PCNT: %,,,,SDG Portal,,,
UNICEF:GENDER(1.0): Gender,SAU: Saudi Arabia,GN_IT_MOB_OWN: Proportion of individuals who own a mobile telephone,_T: Total,_T: Total,_T: Total,_T: Total,2018,95,,,PCNT: %,,,,SDG Portal,,,
UNICEF:GENDER(1.0): Gender,SAU: Saudi Arabia,GN_IT_MOB_OWN: Proportion of individuals who own a mobile telephone,_T: Total,_T: Total,_T: Total,_T: Total,2019,97,,,PCNT: %,,,,SDG Portal,,,
UNICEF:GENDER(1.0): Gender,SAU: Saudi Arabia,GN_IT_MOB_OWN: Proportion of individuals who own a mobile telephone,_T: Total,_T: Total,_T: Total,_T: Total,2020,98,,,PCNT: %,,,,SDG Portal,,,
UNICEF:GENDER(1.0): Gender,SAU: Saudi Arabia,GN_IT_MOB_OWN: Proportion of individuals who own a mobile telephone,_T: Total,_T: Total,_T: Total,_T: Total,2021,100,,,PCNT: %,,,,SDG Portal,,,
UNICEF:GENDER(1.0): Gender,SAU: Saudi Arabia,GN_IT_MOB_OWN: Proportion of individuals who own a mobile telephone,_T: Total,_T: Total,_T: Total,_T: Total,2022,100,,,PCNT: %,,,,SDG Portal,,,
UNICEF:GENDER(1.0): Gender,SAU: Saudi Arabia,GN_IT_MOB_OWN: Proportion of individuals who own a mobile telephone,M: Male,_T: Total,_T: Total,_T: Total,2016,71,,,PCNT: %,,,,SDG Portal,,,
UNICEF:GENDER(1.0): Gender,SAU: Saudi Arabia,GN_IT_MOB_OWN: Proportion of individuals who own a mobile telephone,M: Male,_T: Total,_T: Total,_T: Total,2017,96,,,PCNT: %,,,,SDG Portal,,,
UNICEF:GENDER(1.0): Gender,SAU: Saudi Arabia,GN_IT_MOB_OWN: Proportion of individuals who own a mobile telephone,M: Male,_T: Total,_T: Total,_T: Total,2018,97,,,PCNT: %,,,,SDG Portal,,,
UNICEF:GENDER(1.0): Gender,SAU: Saudi Arabia,GN_IT_MOB_OWN: Proportion of individuals who own a mobile telephone,M: Male,_T: Total,_T: Total,_T: Total,2019,98,,,PCNT: %,,,,SDG Portal,,,
UNICEF:GENDER(1.0): Gender,SAU: Saudi Arabia,GN_IT_MOB_OWN: Proportion of individuals who own a mobile telephone,M: Male,_T: Total,_T: Total,_T: Total,2021,100,,,PCNT: %,,,,SDG Portal,,,
UNICEF:GENDER(1.0): Gender,SAU: Saudi Arabia,GN_IT_MOB_OWN: Proportion of individuals who own a mobile telephone,M: Male,_T: Total,_T: Total,_T: Total,2022,100,,,PCNT: %,,,,SDG Portal,,,
UNICEF:GENDER(1.0): Gender,SDGRC_ARAB: (SDGRC) ESCWA_Arab countries,GN_IT_MOB_OWN: Proportion of individuals who own a mobile telephone,M: Male,_T: Total,_T: Total,_T: Total,2022,90.1,,,PCNT: %,,,,UNICEF Aggregates,,,
UNICEF:GENDER(1.0): Gender,SDGRC_ARAB: (SDGRC) ESCWA_Arab countries,GN_IT_MOB_OWN: Proportion of individuals who own a mobile telephone,_T: Total,_T: Total,_T: Total,_T: Total,2022,86.5,,,PCNT: %,,,,UNICEF Aggregates,,,
UNICEF:GENDER(1.0): Gender,SDGRC_ARAB: (SDGRC) ESCWA_Arab countries,GN_IT_MOB_OWN: Proportion of individuals who own a mobile telephone,F: Female,_T: Total,_T: Total,_T: Total,2022,83,,,PCNT: %,,,,UNICEF Aggregates,,,
UNICEF:GENDER(1.0): Gender,SDGRC_AUC: (SDGRC) ECA_African Union Commission,GN_IT_MOB_OWN: Proportion of individuals who own a mobile telephone,M: Male,_T: Total,_T: Total,_T: Total,2022,65.5,,,PCNT: %,,,,UNICEF Aggregates,,,
UNICEF:GENDER(1.0): Gender,SDGRC_AUC: (SDGRC) ECA_African Union Commission,GN_IT_MOB_OWN: Proportion of individuals who own a mobile telephone,_T: Total,_T: Total,_T: Total,_T: Total,2022,60.4,,,PCNT: %,,,,UNICEF Aggregates,,,
UNICEF:GENDER(1.0): Gender,SDGRC_AUC: (SDGRC) ECA_African Union Commission,GN_IT_MOB_OWN: Proportion of individuals who own a mobile telephone,F: Female,_T: Total,_T: Total,_T: Total,2022,55.9,,,PCNT: %,,,,UNICEF Aggregates,,,
UNICEF:GENDER(1.0): Gender,SDGRC_ECA_ALL: (SDGRC) United Nations Economic Commission for Africa,GN_IT_MOB_OWN: Proportion of individuals who own a mobile telephone,M: Male,_T: Total,_T: Total,_T: Total,2022,65.5,,,PCNT: %,,,,UNICEF Aggregates,,,
UNICEF:GENDER(1.0): Gender,SDGRC_ECA_ALL: (SDGRC) United Nations Economic Commission for Africa,GN_IT_MOB_OWN: Proportion of individuals who own a mobile telephone,_T: Total,_T: Total,_T: Total,_T: Total,2022,60.4,,,PCNT: %,,,,UNICEF Aggregates,,,
UNICEF:GENDER(1.0): Gender,SDGRC_ECA_ALL: (SDGRC) United Nations Economic Commission for Africa,GN_IT_MOB_OWN: Proportion of individuals who own a mobile telephone,F: Female,_T: Total,_T: Total,_T: Total,2022,55.9,,,PCNT: %,,,,UNICEF Aggregates,,,
UNICEF:GENDER(1.0): Gender,SDGRC_ECA_AMU: (SDGRC) ECA AMU,GN_IT_MOB_OWN: Proportion of individuals who own a mobile telephone,M: Male,_T: Total,_T: Total,_T: Total,2022,93.4,,,PCNT: %,,,,UNICEF Aggregates,,,
UNICEF:GENDER(1.0): Gender,SDGRC_ECA_AMU: (SDGRC) ECA AMU,GN_IT_MOB_OWN: Proportion of individuals who own a mobile telephone,_T: Total,_T: Total,_T: Total,_T: Total,2022,90.1,,,PCNT: %,,,,UNICEF Aggregates,,,
UNICEF:GENDER(1.0): Gender,SDGRC_ECA_AMU: (SDGRC) ECA AMU,GN_IT_MOB_OWN: Proportion of individuals who own a mobile telephone,F: Female,_T: Total,_T: Total,_T: Total,2022,87.2,,,PCNT: %,,,,UNICEF Aggregates,,,
UNICEF:GENDER(1.0): Gender,SDGRC_ECA_CEN_SAD: (SDGRC) ECA_CEN-SAD,GN_IT_MOB_OWN: Proportion of individuals who own a mobile telephone,M: Male,_T: Total,_T: Total,_T: Total,2022,66.8,,,PCNT: %,,,,UNICEF Aggregates,,,
UNICEF:GENDER(1.0): Gender,SDGRC_ECA_CEN_SAD: (SDGRC) ECA_CEN-SAD,GN_IT_MOB_OWN: Proportion of individuals who own a mobile telephone,_T: Total,_T: Total,_T: Total,_T: Total,2022,60.7,,,PCNT: %,,,,UNICEF Aggregates,,,
UNICEF:GENDER(1.0): Gender,SDGRC_ECA_CEN_SAD: (SDGRC) ECA_CEN-SAD,GN_IT_MOB_OWN: Proportion of individuals who own a mobile telephone,F: Female,_T: Total,_T: Total,_T: Total,2022,54.2,,,PCNT: %,,,,UNICEF Aggregates,,,
UNICEF:GENDER(1.0): Gender,SDGRC_ECA_COMESA: (SDGRC) ECA_COMESA,GN_IT_MOB_OWN: Proportion of individuals who own a mobile telephone,_T: Total,_T: Total,_T: Total,_T: Total,2022,64.3,,,PCNT: %,,,,UNICEF Aggregates,,,
UNICEF:GENDER(1.0): Gender,SDGRC_ECA_ECOWAS: (SDGRC) ECA_ECOWAS,GN_IT_MOB_OWN: Proportion of individuals who own a mobile telephone,M: Male,_T: Total,_T: Total,_T: Total,2022,55,,,PCNT: %,,,,UNICEF Aggregates,,,
UNICEF:GENDER(1.0): Gender,SDGRC_ECA_ECOWAS: (SDGRC) ECA_ECOWAS,GN_IT_MOB_OWN: Proportion of individuals who own a mobile telephone,_T: Total,_T: Total,_T: Total,_T: Total,2022,47.1,,,PCNT: %,,,,UNICEF Aggregates,,,
UNICEF:GENDER(1.0): Gender,SDGRC_ECA_ECOWAS: (SDGRC) ECA_ECOWAS,GN_IT_MOB_OWN: Proportion of individuals who own a mobile telephone,F: Female,_T: Total,_T: Total,_T: Total,2022,38.9,,,PCNT: %,,,,UNICEF Aggregates,,,
UNICEF:GENDER(1.0): Gender,SDGRC_ECA_IGAD: (SDGRC) ECA_IGAD,GN_IT_MOB_OWN: Proportion of individuals who own a mobile telephone,_T: Total,_T: Total,_T: Total,_T: Total,2022,56.6,,,PCNT: %,,,,UNICEF Aggregates,,,
UNICEF:GENDER(1.0): Gender,SDGRC_ECA_LL_LDC: (SDGRC) ECA_Land-locked LDCs,GN_IT_MOB_OWN: Proportion of individuals who own a mobile telephone,_T: Total,_T: Total,_T: Total,_T: Total,2022,55,,,PCNT: %,,,,UNICEF Aggregates,,,
UNICEF:GENDER(1.0): Gender,SDGRC_ECA_LLC: (SDGRC) ECA_Land-locked countries,GN_IT_MOB_OWN: Proportion of individuals who own a mobile telephone,_T: Total,_T: Total,_T: Total,_T: Total,2022,54.3,,,PCNT: %,,,,UNICEF Aggregates,,,
UNICEF:GENDER(1.0): Gender,SDGRC_ECA_NA: (SDGRC) North Africa,GN_IT_MOB_OWN: Proportion of individuals who own a mobile telephone,M: Male,_T: Total,_T: Total,_T: Total,2022,90.3,,,PCNT: %,,,,UNICEF Aggregates,,,
UNICEF:GENDER(1.0): Gender,SDGRC_ECA_NA: (SDGRC) North Africa,GN_IT_MOB_OWN: Proportion of individuals who own a mobile telephone,_T: Total,_T: Total,_T: Total,_T: Total,2022,86.7,,,PCNT: %,,,,UNICEF Aggregates,,,
UNICEF:GENDER(1.0): Gender,SDGRC_ECA_NA: (SDGRC) North Africa,GN_IT_MOB_OWN: Proportion of individuals who own a mobile telephone,F: Female,_T: Total,_T: Total,_T: Total,2022,83.1,,,PCNT: %,,,,UNICEF Aggregates,,,
UNICEF:GENDER(1.0): Gender,SDGRC_ECA_NOP: (SDGRC) ECA_Non-Oil Producing,GN_IT_MOB_OWN: Proportion of individuals who own a mobile telephone,_T: Total,_T: Total,_T: Total,_T: Total,2022,56.4,,,PCNT: %,,,,UNICEF Aggregates,,,
UNICEF:GENDER(1.0): Gender,SDGRC_ECA_OP: (SDGRC) ECA_Oil producing economies,GN_IT_MOB_OWN: Proportion of individuals who own a mobile telephone,M: Male,_T: Total,_T: Total,_T: Total,2022,68.2,,,PCNT: %,,,,UNICEF Aggregates,,,
UNICEF:GENDER(1.0): Gender,SDGRC_ECA_OP: (SDGRC) ECA_Oil producing economies,GN_IT_MOB_OWN: Proportion of individuals who own a mobile telephone,_T: Total,_T: Total,_T: Total,_T: Total,2022,63.1,,,PCNT: %,,,,UNICEF Aggregates,,,
UNICEF:GENDER(1.0): Gender,SDGRC_ECA_OP: (SDGRC) ECA_Oil producing economies,GN_IT_MOB_OWN: Proportion of individuals who own a mobile telephone,F: Female,_T: Total,_T: Total,_T: Total,2022,56.4,,,PCNT: %,,,,UNICEF Aggregates,,,
UNICEF:GENDER(1.0): Gender,SDGRC_ECA_SA: (SDGRC) Southern Africa,GN_IT_MOB_OWN: Proportion of individuals who own a mobile telephone,M: Male,_T: Total,_T: Total,_T: Total,2022,63,,,PCNT: %,,,,UNICEF Aggregates,,,
UNICEF:GENDER(1.0): Gender,SDGRC_ECA_SA: (SDGRC) Southern Africa,GN_IT_MOB_OWN: Proportion of individuals who own a mobile telephone,_T: Total,_T: Total,_T: Total,_T: Total,2022,60.1,,,PCNT: %,,,,UNICEF Aggregates,,,
UNICEF:GENDER(1.0): Gender,SDGRC_ECA_SA: (SDGRC) Southern Africa,GN_IT_MOB_OWN: Proportion of individuals who own a mobile telephone,F: Female,_T: Total,_T: Total,_T: Total,2022,61.8,,,PCNT: %,,,,UNICEF Aggregates,,,
UNICEF:GENDER(1.0): Gender,SDGRC_ECA_SACU: (SDGRC) ECA_Southern Africa Customs Union (SACU),GN_IT_MOB_OWN: Proportion of individuals who own a mobile telephone,M: Male,_T: Total,_T: Total,_T: Total,2022,77.1,,,PCNT: %,,,,UNICEF Aggregates,,,
UNICEF:GENDER(1.0): Gender,SDGRC_ECA_SACU: (SDGRC) ECA_Southern Africa Customs Union (SACU),GN_IT_MOB_OWN: Proportion of individuals who own a mobile telephone,_T: Total,_T: Total,_T: Total,_T: Total,2022,78.2,,,PCNT: %,,,,UNICEF Aggregates,,,
UNICEF:GENDER(1.0): Gender,SDGRC_ECA_SACU: (SDGRC) ECA_Southern Africa Customs Union (SACU),GN_IT_MOB_OWN: Proportion of individuals who own a mobile telephone,F: Female,_T: Total,_T: Total,_T: Total,2022,80.1,,,PCNT: %,,,,UNICEF Aggregates,,,
UNICEF:GENDER(1.0): Gender,SDGRC_ECA_SAHEL: (SDGRC) ECA_Sahel,GN_IT_MOB_OWN: Proportion of individuals who own a mobile telephone,M: Male,_T: Total,_T: Total,_T: Total,2022,53.9,,,PCNT: %,,,,UNICEF Aggregates,,,
UNICEF:GENDER(1.0): Gender,SDGRC_ECA_SAHEL: (SDGRC) ECA_Sahel,GN_IT_MOB_OWN: Proportion of individuals who own a mobile telephone,_T: Total,_T: Total,_T: Total,_T: Total,2022,48.2,,,PCNT: %,,,,UNICEF Aggregates,,,
UNICEF:GENDER(1.0): Gender,SDGRC_ECA_SAHEL: (SDGRC) ECA_Sahel,GN_IT_MOB_OWN: Proportion of individuals who own a mobile telephone,F: Female,_T: Total,_T: Total,_T: Total,2022,36.4,,,PCNT: %,,,,UNICEF Aggregates,,,
UNICEF:GENDER(1.0): Gender,SDGRC_ECA_SSA: (SDGRC) ECA_Sub-Saharan Africa,GN_IT_MOB_OWN: Proportion of individuals who own a mobile telephone,_T: Total,_T: Total,_T: Total,_T: Total,2022,53.3,,,PCNT: %,,,,UNICEF Aggregates,,,
UNICEF:GENDER(1.0): Gender,SDGRC_ECA_WA: (SDGRC) West Africa,GN_IT_MOB_OWN: Proportion of individuals who own a mobile telephone,M: Male,_T: Total,_T: Total,_T: Total,2022,55,,,PCNT: %,,,,UNICEF Aggregates,,,
UNICEF:GENDER(1.0): Gender,SDGRC_ECA_WA: (SDGRC) West Africa,GN_IT_MOB_OWN: Proportion of individuals who own a mobile telephone,_T: Total,_T: Total,_T: Total,_T: Total,2022,47.1,,,PCNT: %,,,,UNICEF Aggregates,,,
UNICEF:GENDER(1.0): Gender,SDGRC_ECA_WA: (SDGRC) West Africa,GN_IT_MOB_OWN: Proportion of individuals who own a mobile telephone,F: Female,_T: Total,_T: Total,_T: Total,2022,38.9,,,PCNT: %,,,,UNICEF Aggregates,,,
UNICEF:GENDER(1.0): Gender,SDGRC_ESCAP_AFRICA: (SDGRC) ESCAP_Africa (AFR),GN_IT_MOB_OWN: Proportion of individuals who own a mobile telephone,M: Male,_T: Total,_T: Total,_T: Total,2022,65.5,,,PCNT: %,,,,UNICEF Aggregates,,,
UNICEF:GENDER(1.0): Gender,SDGRC_ESCAP_AFRICA: (SDGRC) ESCAP_Africa (AFR),GN_IT_MOB_OWN: Proportion of individuals who own a mobile telephone,_T: Total,_T: Total,_T: Total,_T: Total,2022,60.4,,,PCNT: %,,,,UNICEF Aggregates,,,
UNICEF:GENDER(1.0): Gender,SDGRC_ESCAP_AFRICA: (SDGRC) ESCAP_Africa (AFR),GN_IT_MOB_OWN: Proportion of individuals who own a mobile telephone,F: Female,_T: Total,_T: Total,_T: Total,2022,55.9,,,PCNT: %,,,,UNICEF Aggregates,,,
UNICEF:GENDER(1.0): Gender,SDGRC_ESCWA_ARAB_LOW: (SDGRC) ESCWA_Arab Low-Income Countries (LICs),GN_IT_MOB_OWN: Proportion of individuals who own a mobile telephone,M: Male,_T: Total,_T: Total,_T: Total,2022,70,,,PCNT: %,,,,UNICEF Aggregates,,,
UNICEF:GENDER(1.0): Gender,SDGRC_ESCWA_ARAB_LOW: (SDGRC) ESCWA_Arab Low-Income Countries (LICs),GN_IT_MOB_OWN: Proportion of individuals who own a mobile telephone,_T: Total,_T: Total,_T: Total,_T: Total,2022,63,,,PCNT: %,,,,UNICEF Aggregates,,,
UNICEF:GENDER(1.0): Gender,SDGRC_ESCWA_ARAB_LOW: (SDGRC) ESCWA_Arab Low-Income Countries (LICs),GN_IT_MOB_OWN: Proportion of individuals who own a mobile telephone,F: Female,_T: Total,_T: Total,_T: Total,2022,54,,,PCNT: %,,,,UNICEF Aggregates,,,
UNICEF:GENDER(1.0): Gender,SDGRC_ESCWA_ARAB_MID: (SDGRC) ESCWA_Arab Middle-Income Countries (MICs),GN_IT_MOB_OWN: Proportion of individuals who own a mobile telephone,M: Male,_T: Total,_T: Total,_T: Total,2022,96.4,,,PCNT: %,,,,UNICEF Aggregates,,,
UNICEF:GENDER(1.0): Gender,SDGRC_ESCWA_ARAB_MID: (SDGRC) ESCWA_Arab Middle-Income Countries (MICs),GN_IT_MOB_OWN: Proportion of individuals who own a mobile telephone,_T: Total,_T: Total,_T: Total,_T: Total,2022,93.9,,,PCNT: %,,,,UNICEF Aggregates,,,
UNICEF:GENDER(1.0): Gender,SDGRC_ESCWA_ARAB_MID: (SDGRC) ESCWA_Arab Middle-Income Countries (MICs),GN_IT_MOB_OWN: Proportion of individuals who own a mobile telephone,F: Female,_T: Total,_T: Total,_T: Total,2022,92.1,,,PCNT: %,,,,UNICEF Aggregates,,,
UNICEF:GENDER(1.0): Gender,SDGRC_ESCWA_CONFLICT: (SDGRC) ESCWA_Countries in conflict,GN_IT_MOB_OWN: Proportion of individuals who own a mobile telephone,M: Male,_T: Total,_T: Total,_T: Total,2022,70,,,PCNT: %,,,,UNICEF Aggregates,,,
UNICEF:GENDER(1.0): Gender,SDGRC_ESCWA_CONFLICT: (SDGRC) ESCWA_Countries in conflict,GN_IT_MOB_OWN: Proportion of individuals who own a mobile telephone,_T: Total,_T: Total,_T: Total,_T: Total,2022,63,,,PCNT: %,,,,UNICEF Aggregates,,,
UNICEF:GENDER(1.0): Gender,SDGRC_ESCWA_CONFLICT: (SDGRC) ESCWA_Countries in conflict,GN_IT_MOB_OWN: Proportion of individuals who own a mobile telephone,F: Female,_T: Total,_T: Total,_T: Total,2022,54,,,PCNT: %,,,,UNICEF Aggregates,,,
UNICEF:GENDER(1.0): Gender,SDGRC_ESCWA_LDC: (SDGRC) ESCWA_Arab LDCs subregion,GN_IT_MOB_OWN: Proportion of individuals who own a mobile telephone,M: Male,_T: Total,_T: Total,_T: Total,2022,69.8,,,PCNT: %,,,,UNICEF Aggregates,,,
UNICEF:GENDER(1.0): Gender,SDGRC_ESCWA_LDC: (SDGRC) ESCWA_Arab LDCs subregion,GN_IT_MOB_OWN: Proportion of individuals who own a mobile telephone,_T: Total,_T: Total,_T: Total,_T: Total,2022,62.9,,,PCNT: %,,,,UNICEF Aggregates,,,
UNICEF:GENDER(1.0): Gender,SDGRC_ESCWA_LDC: (SDGRC) ESCWA_Arab LDCs subregion,GN_IT_MOB_OWN: Proportion of individuals who own a mobile telephone,F: Female,_T: Total,_T: Total,_T: Total,2022,54,,,PCNT: %,,,,UNICEF Aggregates,,,
UNICEF:GENDER(1.0): Gender,SDGRC_ESCWA_MAGHREB: (SDGRC) ESCWA_Maghreb subregion,GN_IT_MOB_OWN: Proportion of individuals who own a mobile telephone,M: Male,_T: Total,_T: Total,_T: Total,2022,93.4,,,PCNT: %,,,,UNICEF Aggregates,,,
UNICEF:GENDER(1.0): Gender,SDGRC_ESCWA_MAGHREB: (SDGRC) ESCWA_Maghreb subregion,GN_IT_MOB_OWN: Proportion of individuals who own a mobile telephone,_T: Total,_T: Total,_T: Total,_T: Total,2022,90.1,,,PCNT: %,,,,UNICEF Aggregates,,,
UNICEF:GENDER(1.0): Gender,SDGRC_ESCWA_MAGHREB: (SDGRC) ESCWA_Maghreb subregion,GN_IT_MOB_OWN: Proportion of individuals who own a mobile telephone,F: Female,_T: Total,_T: Total,_T: Total,2022,87.2,,,PCNT: %,,,,UNICEF Aggregates,,,
UNICEF:GENDER(1.0): Gender,SDGRC_ESCWA_MASHREQ: (SDGRC) ESCWA_Mashreq subregion,GN_IT_MOB_OWN: Proportion of individuals who own a mobile telephone,M: Male,_T: Total,_T: Total,_T: Total,2022,99,,,PCNT: %,,,,UNICEF Aggregates,,,
UNICEF:GENDER(1.0): Gender,SDGRC_ESCWA_MASHREQ: (SDGRC) ESCWA_Mashreq subregion,GN_IT_MOB_OWN: Proportion of individuals who own a mobile telephone,_T: Total,_T: Total,_T: Total,_T: Total,2022,97,,,PCNT: %,,,,UNICEF Aggregates,,,
UNICEF:GENDER(1.0): Gender,SDGRC_ESCWA_MASHREQ: (SDGRC) ESCWA_Mashreq subregion,GN_IT_MOB_OWN: Proportion of individuals who own a mobile telephone,F: Female,_T: Total,_T: Total,_T: Total,2022,96,,,PCNT: %,,,,UNICEF Aggregates,,,
UNICEF:GENDER(1.0): Gender,SDGRC_ESCWA_NOCONFLICT_MID: (SDGRC) ESCWA_Non-conflict middle income countries,GN_IT_MOB_OWN: Proportion of individuals who own a mobile telephone,M: Male,_T: Total,_T: Total,_T: Total,2022,96.6,,,PCNT: %,,,,UNICEF Aggregates,,,
UNICEF:GENDER(1.0): Gender,SDGRC_ESCWA_NOCONFLICT_MID: (SDGRC) ESCWA_Non-conflict middle income countries,GN_IT_MOB_OWN: Proportion of individuals who own a mobile telephone,_T: Total,_T: Total,_T: Total,_T: Total,2022,94.1,,,PCNT: %,,,,UNICEF Aggregates,,,
UNICEF:GENDER(1.0): Gender,SDGRC_ESCWA_NOCONFLICT_MID: (SDGRC) ESCWA_Non-conflict middle income countries,GN_IT_MOB_OWN: Proportion of individuals who own a mobile telephone,F: Female,_T: Total,_T: Total,_T: Total,2022,92.3,,,PCNT: %,,,,UNICEF Aggregates,,,
UNICEF:GENDER(1.0): Gender,SDN: Sudan,GN_IT_MOB_OWN: Proportion of individuals who own a mobile telephone,F: Female,_T: Total,_T: Total,_T: Total,2016,54,,,PCNT: %,,,,SDG Portal,,,
UNICEF:GENDER(1.0): Gender,SDN: Sudan,GN_IT_MOB_OWN: Proportion of individuals who own a mobile telephone,_T: Total,_T: Total,_T: Total,_T: Total,2016,63,,,PCNT: %,,,,SDG Portal,,,
UNICEF:GENDER(1.0): Gender,SDN: Sudan,GN_IT_MOB_OWN: Proportion of individuals who own a mobile telephone,M: Male,_T: Total,_T: Total,_T: Total,2016,70,,,PCNT: %,,,,SDG Portal,,,
UNICEF:GENDER(1.0): Gender,SGP: Singapore,GN_IT_MOB_OWN: Proportion of individuals who own a mobile telephone,M: Male,_T: Total,_T: Total,_T: Total,2016,91,,,PCNT: %,,,,SDG Portal,,,
UNICEF:GENDER(1.0): Gender,SGP: Singapore,GN_IT_MOB_OWN: Proportion of individuals who own a mobile telephone,M: Male,_T: Total,_T: Total,_T: Total,2017,91,,,PCNT: %,,,,SDG Portal,,,
UNICEF:GENDER(1.0): Gender,SGP: Singapore,GN_IT_MOB_OWN: Proportion of individuals who own a mobile telephone,M: Male,_T: Total,_T: Total,_T: Total,2018,94,,,PCNT: %,,,,SDG Portal,,,
UNICEF:GENDER(1.0): Gender,SGP: Singapore,GN_IT_MOB_OWN: Proportion of individuals who own a mobile telephone,M: Male,_T: Total,_T: Total,_T: Total,2019,89,,,PCNT: %,,,,SDG Portal,,,
UNICEF:GENDER(1.0): Gender,SGP: Singapore,GN_IT_MOB_OWN: Proportion of individuals who own a mobile telephone,M: Male,_T: Total,_T: Total,_T: Total,2020,89,,,PCNT: %,,,,SDG Portal,,,
UNICEF:GENDER(1.0): Gender,SGP: Singapore,GN_IT_MOB_OWN: Proportion of individuals who own a mobile telephone,M: Male,_T: Total,_T: Total,_T: Total,2021,99,,,PCNT: %,,,,SDG Portal,,,
UNICEF:GENDER(1.0): Gender,SGP: Singapore,GN_IT_MOB_OWN: Proportion of individuals who own a mobile telephone,M: Male,_T: Total,_T: Total,_T: Total,2022,99,,,PCNT: %,,,,SDG Portal,,,
UNICEF:GENDER(1.0): Gender,SGP: Singapore,GN_IT_MOB_OWN: Proportion of individuals who own a mobile telephone,_T: Total,_T: Total,_T: Total,_T: Total,2016,89,,,PCNT: %,,,,SDG Portal,,,
UNICEF:GENDER(1.0): Gender,SGP: Singapore,GN_IT_MOB_OWN: Proportion of individuals who own a mobile telephone,_T: Total,_T: Total,_T: Total,_T: Total,2017,89,,,PCNT: %,,,,SDG Portal,,,
UNICEF:GENDER(1.0): Gender,SGP: Singapore,GN_IT_MOB_OWN: Proportion of individuals who own a mobile telephone,_T: Total,_T: Total,_T: Total,_T: Total,2018,94,,,PCNT: %,,,,SDG Portal,,,
UNICEF:GENDER(1.0): Gender,SGP: Singapore,GN_IT_MOB_OWN: Proportion of individuals who own a mobile telephone,_T: Total,_T: Total,_T: Total,_T: Total,2019,88,,,PCNT: %,,,,SDG Portal,,,
UNICEF:GENDER(1.0): Gender,SGP: Singapore,GN_IT_MOB_OWN: Proportion of individuals who own a mobile telephone,_T: Total,_T: Total,_T: Total,_T: Total,2020,88,,,PCNT: %,,,,SDG Portal,,,
UNICEF:GENDER(1.0): Gender,SGP: Singapore,GN_IT_MOB_OWN: Proportion of individuals who own a mobile telephone,_T: Total,_T: Total,_T: Total,_T: Total,2021,98,,,PCNT: %,,,,SDG Portal,,,
UNICEF:GENDER(1.0): Gender,SGP: Singapore,GN_IT_MOB_OWN: Proportion of individuals who own a mobile telephone,_T: Total,_T: Total,_T: Total,_T: Total,2022,99,,,PCNT: %,,,,SDG Portal,,,
UNICEF:GENDER(1.0): Gender,SGP: Singapore,GN_IT_MOB_OWN: Proportion of individuals who own a mobile telephone,F: Female,_T: Total,_T: Total,_T: Total,2016,88,,,PCNT: %,,,,SDG Portal,,,
UNICEF:GENDER(1.0): Gender,SGP: Singapore,GN_IT_MOB_OWN: Proportion of individuals who own a mobile telephone,F: Female,_T: Total,_T: Total,_T: Total,2017,88,,,PCNT: %,,,,SDG Portal,,,
UNICEF:GENDER(1.0): Gender,SGP: Singapore,GN_IT_MOB_OWN: Proportion of individuals who own a mobile telephone,F: Female,_T: Total,_T: Total,_T: Total,2018,93,,,PCNT: %,,,,SDG Portal,,,
UNICEF:GENDER(1.0): Gender,SGP: Singapore,GN_IT_MOB_OWN: Proportion of individuals who own a mobile telephone,F: Female,_T: Total,_T: Total,_T: Total,2019,88,,,PCNT: %,,,,SDG Portal,,,
UNICEF:GENDER(1.0): Gender,SGP: Singapore,GN_IT_MOB_OWN: Proportion of individuals who own a mobile telephone,F: Female,_T: Total,_T: Total,_T: Total,2020,88,,,PCNT: %,,,,SDG Portal,,,
UNICEF:GENDER(1.0): Gender,SGP: Singapore,GN_IT_MOB_OWN: Proportion of individuals who own a mobile telephone,F: Female,_T: Total,_T: Total,_T: Total,2021,98,,,PCNT: %,,,,SDG Portal,,,
UNICEF:GENDER(1.0): Gender,SGP: Singapore,GN_IT_MOB_OWN: Proportion of individuals who own a mobile telephone,F: Female,_T: Total,_T: Total,_T: Total,2022,99,,,PCNT: %,,,,SDG Portal,,,
UNICEF:GENDER(1.0): Gender,SRB: Serbia,GN_IT_MOB_OWN: Proportion of individuals who own a mobile telephone,F: Female,_T: Total,_T: Total,_T: Total,2016,91,,,PCNT: %,,,,SDG Portal,,,
UNICEF:GENDER(1.0): Gender,SRB: Serbia,GN_IT_MOB_OWN: Proportion of individuals who own a mobile telephone,F: Female,_T: Total,_T: Total,_T: Total,2017,92,,,PCNT: %,,,,SDG Portal,,,
UNICEF:GENDER(1.0): Gender,SRB: Serbia,GN_IT_MOB_OWN: Proportion of individuals who own a mobile telephone,F: Female,_T: Total,_T: Total,_T: Total,2020,92,,,PCNT: %,,,,SDG Portal,,,
UNICEF:GENDER(1.0): Gender,SRB: Serbia,GN_IT_MOB_OWN: Proportion of individuals who own a mobile telephone,F: Female,_T: Total,_T: Total,_T: Total,2021,94,,,PCNT: %,,,,SDG Portal,,,
UNICEF:GENDER(1.0): Gender,SRB: Serbia,GN_IT_MOB_OWN: Proportion of individuals who own a mobile telephone,F: Female,_T: Total,_T: Total,_T: Total,2022,96,,,PCNT: %,,,,SDG Portal,,,
UNICEF:GENDER(1.0): Gender,SRB: Serbia,GN_IT_MOB_OWN: Proportion of individuals who own a mobile telephone,_T: Total,_T: Total,_T: Total,_T: Total,2016,92,,,PCNT: %,,,,SDG Portal,,,
UNICEF:GENDER(1.0): Gender,SRB: Serbia,GN_IT_MOB_OWN: Proportion of individuals who own a mobile telephone,_T: Total,_T: Total,_T: Total,_T: Total,2017,93,,,PCNT: %,,,,SDG Portal,,,
UNICEF:GENDER(1.0): Gender,SRB: Serbia,GN_IT_MOB_OWN: Proportion of individuals who own a mobile telephone,_T: Total,_T: Total,_T: Total,_T: Total,2020,94,,,PCNT: %,,,,SDG Portal,,,
UNICEF:GENDER(1.0): Gender,SRB: Serbia,GN_IT_MOB_OWN: Proportion of individuals who own a mobile telephone,_T: Total,_T: Total,_T: Total,_T: Total,2021,95,,,PCNT: %,,,,SDG Portal,,,
UNICEF:GENDER(1.0): Gender,SRB: Serbia,GN_IT_MOB_OWN: Proportion of individuals who own a mobile telephone,_T: Total,_T: Total,_T: Total,_T: Total,2022,96,,,PCNT: %,,,,SDG Portal,,,
UNICEF:GENDER(1.0): Gender,SRB: Serbia,GN_IT_MOB_OWN: Proportion of individuals who own a mobile telephone,M: Male,_T: Total,_T: Total,_T: Total,2016,92,,,PCNT: %,,,,SDG Portal,,,
UNICEF:GENDER(1.0): Gender,SRB: Serbia,GN_IT_MOB_OWN: Proportion of individuals who own a mobile telephone,M: Male,_T: Total,_T: Total,_T: Total,2017,93,,,PCNT: %,,,,SDG Portal,,,
UNICEF:GENDER(1.0): Gender,SRB: Serbia,GN_IT_MOB_OWN: Proportion of individuals who own a mobile telephone,M: Male,_T: Total,_T: Total,_T: Total,2020,81,,,PCNT: %,,,,SDG Portal,,,
UNICEF:GENDER(1.0): Gender,SRB: Serbia,GN_IT_MOB_OWN: Proportion of individuals who own a mobile telephone,M: Male,_T: Total,_T: Total,_T: Total,2021,97,,,PCNT: %,,,,SDG Portal,,,
UNICEF:GENDER(1.0): Gender,SRB: Serbia,GN_IT_MOB_OWN: Proportion of individuals who own a mobile telephone,M: Male,_T: Total,_T: Total,_T: Total,2022,95,,,PCNT: %,,,,SDG Portal,,,
UNICEF:GENDER(1.0): Gender,SVK: Slovakia,GN_IT_MOB_OWN: Proportion of individuals who own a mobile telephone,F: Female,_T: Total,_T: Total,_T: Total,2020,74,,,PCNT: %,,,,SDG Portal,,,
UNICEF:GENDER(1.0): Gender,SVK: Slovakia,GN_IT_MOB_OWN: Proportion of individuals who own a mobile telephone,M: Male,_T: Total,_T: Total,_T: Total,2020,78,,,PCNT: %,,,,SDG Portal,,,
UNICEF:GENDER(1.0): Gender,SVK: Slovakia,GN_IT_MOB_OWN: Proportion of individuals who own a mobile telephone,_T: Total,_T: Total,_T: Total,_T: Total,2020,76,,,PCNT: %,,,,SDG Portal,,,
UNICEF:GENDER(1.0): Gender,SVN: Slovenia,GN_IT_MOB_OWN: Proportion of individuals who own a mobile telephone,M: Male,_T: Total,_T: Total,_T: Total,2022,97,,,PCNT: %,,,,SDG Portal,,,
UNICEF:GENDER(1.0): Gender,SVN: Slovenia,GN_IT_MOB_OWN: Proportion of individuals who own a mobile telephone,_T: Total,_T: Total,_T: Total,_T: Total,2022,98,,,PCNT: %,,,,SDG Portal,,,
UNICEF:GENDER(1.0): Gender,SVN: Slovenia,GN_IT_MOB_OWN: Proportion of individuals who own a mobile telephone,F: Female,_T: Total,_T: Total,_T: Total,2022,98,,,PCNT: %,,,,SDG Portal,,,
UNICEF:GENDER(1.0): Gender,TGO: Togo,GN_IT_MOB_OWN: Proportion of individuals who own a mobile telephone,F: Female,_T: Total,_T: Total,_T: Total,2017,39,,,PCNT: %,,,,SDG Portal,,,
UNICEF:GENDER(1.0): Gender,TGO: Togo,GN_IT_MOB_OWN: Proportion of individuals who own a mobile telephone,_T: Total,_T: Total,_T: Total,_T: Total,2017,44,,,PCNT: %,,,,SDG Portal,,,
UNICEF:GENDER(1.0): Gender,TGO: Togo,GN_IT_MOB_OWN: Proportion of individuals who own a mobile telephone,M: Male,_T: Total,_T: Total,_T: Total,2017,49,,,PCNT: %,,,,SDG Portal,,,
UNICEF:GENDER(1.0): Gender,THA: Thailand,GN_IT_MOB_OWN: Proportion of individuals who own a mobile telephone,F: Female,_T: Total,_T: Total,_T: Total,2016,81,,,PCNT: %,,,,SDG Portal,,,
UNICEF:GENDER(1.0): Gender,THA: Thailand,GN_IT_MOB_OWN: Proportion of individuals who own a mobile telephone,F: Female,_T: Total,_T: Total,_T: Total,2017,88,,,PCNT: %,,,,SDG Portal,,,
UNICEF:GENDER(1.0): Gender,THA: Thailand,GN_IT_MOB_OWN: Proportion of individuals who own a mobile telephone,F: Female,_T: Total,_T: Total,_T: Total,2020,84,,,PCNT: %,,,,SDG Portal,,,
UNICEF:GENDER(1.0): Gender,THA: Thailand,GN_IT_MOB_OWN: Proportion of individuals who own a mobile telephone,F: Female,_T: Total,_T: Total,_T: Total,2021,86,,,PCNT: %,,,,SDG Portal,,,
UNICEF:GENDER(1.0): Gender,THA: Thailand,GN_IT_MOB_OWN: Proportion of individuals who own a mobile telephone,F: Female,_T: Total,_T: Total,_T: Total,2022,88,,,PCNT: %,,,,SDG Portal,,,
UNICEF:GENDER(1.0): Gender,THA: Thailand,GN_IT_MOB_OWN: Proportion of individuals who own a mobile telephone,_T: Total,_T: Total,_T: Total,_T: Total,2016,81,,,PCNT: %,,,,SDG Portal,,,
UNICEF:GENDER(1.0): Gender,THA: Thailand,GN_IT_MOB_OWN: Proportion of individuals who own a mobile telephone,_T: Total,_T: Total,_T: Total,_T: Total,2017,88,,,PCNT: %,,,,SDG Portal,,,
UNICEF:GENDER(1.0): Gender,THA: Thailand,GN_IT_MOB_OWN: Proportion of individuals who own a mobile telephone,_T: Total,_T: Total,_T: Total,_T: Total,2020,84,,,PCNT: %,,,,SDG Portal,,,
UNICEF:GENDER(1.0): Gender,THA: Thailand,GN_IT_MOB_OWN: Proportion of individuals who own a mobile telephone,_T: Total,_T: Total,_T: Total,_T: Total,2021,87,,,PCNT: %,,,,SDG Portal,,,
UNICEF:GENDER(1.0): Gender,THA: Thailand,GN_IT_MOB_OWN: Proportion of individuals who own a mobile telephone,_T: Total,_T: Total,_T: Total,_T: Total,2022,88,,,PCNT: %,,,,SDG Portal,,,
UNICEF:GENDER(1.0): Gender,THA: Thailand,GN_IT_MOB_OWN: Proportion of individuals who own a mobile telephone,M: Male,_T: Total,_T: Total,_T: Total,2016,82,,,PCNT: %,,,,SDG Portal,,,
UNICEF:GENDER(1.0): Gender,THA: Thailand,GN_IT_MOB_OWN: Proportion of individuals who own a mobile telephone,M: Male,_T: Total,_T: Total,_T: Total,2017,88,,,PCNT: %,,,,SDG Portal,,,
UNICEF:GENDER(1.0): Gender,THA: Thailand,GN_IT_MOB_OWN: Proportion of individuals who own a mobile telephone,M: Male,_T: Total,_T: Total,_T: Total,2020,83,,,PCNT: %,,,,SDG Portal,,,
UNICEF:GENDER(1.0): Gender,THA: Thailand,GN_IT_MOB_OWN: Proportion of individuals who own a mobile telephone,M: Male,_T: Total,_T: Total,_T: Total,2021,87,,,PCNT: %,,,,SDG Portal,,,
UNICEF:GENDER(1.0): Gender,THA: Thailand,GN_IT_MOB_OWN: Proportion of individuals who own a mobile telephone,M: Male,_T: Total,_T: Total,_T: Total,2022,89,,,PCNT: %,,,,SDG Portal,,,
UNICEF:GENDER(1.0): Gender,TON: Tonga,GN_IT_MOB_OWN: Proportion of individuals who own a mobile telephone,_T: Total,_T: Total,_T: Total,_T: Total,2021,62,,,PCNT: %,,,,SDG Portal,,,
UNICEF:GENDER(1.0): Gender,TUN: Tunisia,GN_IT_MOB_OWN: Proportion of individuals who own a mobile telephone,_T: Total,_T: Total,_T: Total,_T: Total,2016,83,,,PCNT: %,,,,SDG Portal,,,
UNICEF:GENDER(1.0): Gender,TUN: Tunisia,GN_IT_MOB_OWN: Proportion of individuals who own a mobile telephone,_T: Total,_T: Total,_T: Total,_T: Total,2017,89,,,PCNT: %,,,,SDG Portal,,,
UNICEF:GENDER(1.0): Gender,TUN: Tunisia,GN_IT_MOB_OWN: Proportion of individuals who own a mobile telephone,_T: Total,_T: Total,_T: Total,_T: Total,2018,88,,,PCNT: %,,,,SDG Portal,,,
UNICEF:GENDER(1.0): Gender,TUN: Tunisia,GN_IT_MOB_OWN: Proportion of individuals who own a mobile telephone,_T: Total,_T: Total,_T: Total,_T: Total,2019,80,,,PCNT: %,,,,SDG Portal,,,
UNICEF:GENDER(1.0): Gender,TUN: Tunisia,GN_IT_MOB_OWN: Proportion of individuals who own a mobile telephone,M: Male,_T: Total,_T: Total,_T: Total,2019,83,,,PCNT: %,,,,SDG Portal,,,
UNICEF:GENDER(1.0): Gender,TUN: Tunisia,GN_IT_MOB_OWN: Proportion of individuals who own a mobile telephone,F: Female,_T: Total,_T: Total,_T: Total,2019,77,,,PCNT: %,,,,SDG Portal,,,
UNICEF:GENDER(1.0): Gender,TUR: Türkiye,GN_IT_MOB_OWN: Proportion of individuals who own a mobile telephone,_T: Total,_T: Total,_T: Total,_T: Total,2020,93,,,PCNT: %,,,,SDG Portal,,,
UNICEF:GENDER(1.0): Gender,TUR: Türkiye,GN_IT_MOB_OWN: Proportion of individuals who own a mobile telephone,_T: Total,_T: Total,_T: Total,_T: Total,2021,93,,,PCNT: %,,,,SDG Portal,,,
UNICEF:GENDER(1.0): Gender,TUR: Türkiye,GN_IT_MOB_OWN: Proportion of individuals who own a mobile telephone,_T: Total,_T: Total,_T: Total,_T: Total,2022,94,,,PCNT: %,,,,SDG Portal,,,
UNICEF:GENDER(1.0): Gender,TUR: Türkiye,GN_IT_MOB_OWN: Proportion of individuals who own a mobile telephone,_T: Total,_T: Total,_T: Total,_T: Total,2023,96,,,PCNT: %,,,,SDG Portal,,,
UNICEF:GENDER(1.0): Gender,TUR: Türkiye,GN_IT_MOB_OWN: Proportion of individuals who own a mobile telephone,F: Female,_T: Total,_T: Total,_T: Total,2020,89,,,PCNT: %,,,,SDG Portal,,,
UNICEF:GENDER(1.0): Gender,TUR: Türkiye,GN_IT_MOB_OWN: Proportion of individuals who own a mobile telephone,F: Female,_T: Total,_T: Total,_T: Total,2021,90,,,PCNT: %,,,,SDG Portal,,,
UNICEF:GENDER(1.0): Gender,TUR: Türkiye,GN_IT_MOB_OWN: Proportion of individuals who own a mobile telephone,F: Female,_T: Total,_T: Total,_T: Total,2022,92,,,PCNT: %,,,,SDG Portal,,,
UNICEF:GENDER(1.0): Gender,TUR: Türkiye,GN_IT_MOB_OWN: Proportion of individuals who own a mobile telephone,F: Female,_T: Total,_T: Total,_T: Total,2023,94,,,PCNT: %,,,,SDG Portal,,,
UNICEF:GENDER(1.0): Gender,TUR: Türkiye,GN_IT_MOB_OWN: Proportion of individuals who own a mobile telephone,M: Male,_T: Total,_T: Total,_T: Total,2020,96,,,PCNT: %,,,,SDG Portal,,,
UNICEF:GENDER(1.0): Gender,TUR: Türkiye,GN_IT_MOB_OWN: Proportion of individuals who own a mobile telephone,M: Male,_T: Total,_T: Total,_T: Total,2021,97,,,PCNT: %,,,,SDG Portal,,,
UNICEF:GENDER(1.0): Gender,TUR: Türkiye,GN_IT_MOB_OWN: Proportion of individuals who own a mobile telephone,M: Male,_T: Total,_T: Total,_T: Total,2022,97,,,PCNT: %,,,,SDG Portal,,,
UNICEF:GENDER(1.0): Gender,TUR: Türkiye,GN_IT_MOB_OWN: Proportion of individuals who own a mobile telephone,M: Male,_T: Total,_T: Total,_T: Total,2023,98,,,PCNT: %,,,,SDG Portal,,,
UNICEF:GENDER(1.0): Gender,UKR: Ukraine,GN_IT_MOB_OWN: Proportion of individuals who own a mobile telephone,_T: Total,_T: Total,_T: Total,_T: Total,2016,37,,,PCNT: %,,,,SDG Portal,,,
UNICEF:GENDER(1.0): Gender,UKR: Ukraine,GN_IT_MOB_OWN: Proportion of individuals who own a mobile telephone,_T: Total,_T: Total,_T: Total,_T: Total,2020,89,,,PCNT: %,,,,SDG Portal,,,
UNICEF:GENDER(1.0): Gender,UKR: Ukraine,GN_IT_MOB_OWN: Proportion of individuals who own a mobile telephone,_T: Total,_T: Total,_T: Total,_T: Total,2021,91,,,PCNT: %,,,,SDG Portal,,,
UNICEF:GENDER(1.0): Gender,UKR: Ukraine,GN_IT_MOB_OWN: Proportion of individuals who own a mobile telephone,F: Female,_T: Total,_T: Total,_T: Total,2020,90,,,PCNT: %,,,,SDG Portal,,,
UNICEF:GENDER(1.0): Gender,UKR: Ukraine,GN_IT_MOB_OWN: Proportion of individuals who own a mobile telephone,F: Female,_T: Total,_T: Total,_T: Total,2021,91,,,PCNT: %,,,,SDG Portal,,,
UNICEF:GENDER(1.0): Gender,UKR: Ukraine,GN_IT_MOB_OWN: Proportion of individuals who own a mobile telephone,M: Male,_T: Total,_T: Total,_T: Total,2020,89,,,PCNT: %,,,,SDG Portal,,,
UNICEF:GENDER(1.0): Gender,UKR: Ukraine,GN_IT_MOB_OWN: Proportion of individuals who own a mobile telephone,M: Male,_T: Total,_T: Total,_T: Total,2021,90,,,PCNT: %,,,,SDG Portal,,,
UNICEF:GENDER(1.0): Gender,UNICEF_EAP: East Asia and Pacific (UNICEF Rep.Regions),GN_IT_MOB_OWN: Proportion of individuals who own a mobile telephone,F: Female,_T: Total,_T: Total,_T: Total,2020,75,,,PCNT: %,,,,,,,
UNICEF:GENDER(1.0): Gender,UNICEF_EAP: East Asia and Pacific (UNICEF Rep.Regions),GN_IT_MOB_OWN: Proportion of individuals who own a mobile telephone,F: Female,_T: Total,_T: Total,_T: Total,2023,73,,,PCNT: %,,,,,,,
UNICEF:GENDER(1.0): Gender,UNICEF_EAP: East Asia and Pacific (UNICEF Rep.Regions),GN_IT_MOB_OWN: Proportion of individuals who own a mobile telephone,M: Male,_T: Total,_T: Total,_T: Total,2020,80,,,PCNT: %,,,,,,,
UNICEF:GENDER(1.0): Gender,UNICEF_EAP: East Asia and Pacific (UNICEF Rep.Regions),GN_IT_MOB_OWN: Proportion of individuals who own a mobile telephone,M: Male,_T: Total,_T: Total,_T: Total,2023,79,,,PCNT: %,,,,,,,
UNICEF:GENDER(1.0): Gender,UNICEF_EAP: East Asia and Pacific (UNICEF Rep.Regions),GN_IT_MOB_OWN: Proportion of individuals who own a mobile telephone,_T: Total,_T: Total,_T: Total,_T: Total,2020,78,,,PCNT: %,,,,,,,
UNICEF:GENDER(1.0): Gender,UNICEF_ECA: Europe and Central Asia (UNICEF Rep.Regions),GN_IT_MOB_OWN: Proportion of individuals who own a mobile telephone,F: Female,_T: Total,_T: Total,_T: Total,2020,90,,,PCNT: %,,,,,,,
UNICEF:GENDER(1.0): Gender,UNICEF_ECA: Europe and Central Asia (UNICEF Rep.Regions),GN_IT_MOB_OWN: Proportion of individuals who own a mobile telephone,F: Female,_T: Total,_T: Total,_T: Total,2023,93,,,PCNT: %,,,,,,,
UNICEF:GENDER(1.0): Gender,UNICEF_ECA: Europe and Central Asia (UNICEF Rep.Regions),GN_IT_MOB_OWN: Proportion of individuals who own a mobile telephone,M: Male,_T: Total,_T: Total,_T: Total,2020,91,,,PCNT: %,,,,,,,
UNICEF:GENDER(1.0): Gender,UNICEF_ECA: Europe and Central Asia (UNICEF Rep.Regions),GN_IT_MOB_OWN: Proportion of individuals who own a mobile telephone,M: Male,_T: Total,_T: Total,_T: Total,2023,95,,,PCNT: %,,,,,,,
UNICEF:GENDER(1.0): Gender,UNICEF_ECA: Europe and Central Asia (UNICEF Rep.Regions),GN_IT_MOB_OWN: Proportion of individuals who own a mobile telephone,_T: Total,_T: Total,_T: Total,_T: Total,2020,90,,,PCNT: %,,,,,,,
UNICEF:GENDER(1.0): Gender,UNICEF_ESA: Eastern and Southern Africa (UNICEF Rep.Regions),GN_IT_MOB_OWN: Proportion of individuals who own a mobile telephone,F: Female,_T: Total,_T: Total,_T: Total,2020,58,,,PCNT: %,,,,,,,
UNICEF:GENDER(1.0): Gender,UNICEF_ESA: Eastern and Southern Africa (UNICEF Rep.Regions),GN_IT_MOB_OWN: Proportion of individuals who own a mobile telephone,F: Female,_T: Total,_T: Total,_T: Total,2023,52,,,PCNT: %,,,,,,,
UNICEF:GENDER(1.0): Gender,UNICEF_ESA: Eastern and Southern Africa (UNICEF Rep.Regions),GN_IT_MOB_OWN: Proportion of individuals who own a mobile telephone,M: Male,_T: Total,_T: Total,_T: Total,2020,61,,,PCNT: %,,,,,,,
UNICEF:GENDER(1.0): Gender,UNICEF_ESA: Eastern and Southern Africa (UNICEF Rep.Regions),GN_IT_MOB_OWN: Proportion of individuals who own a mobile telephone,M: Male,_T: Total,_T: Total,_T: Total,2023,56,,,PCNT: %,,,,,,,
UNICEF:GENDER(1.0): Gender,UNICEF_ESA: Eastern and Southern Africa (UNICEF Rep.Regions),GN_IT_MOB_OWN: Proportion of individuals who own a mobile telephone,_T: Total,_T: Total,_T: Total,_T: Total,2020,59,,,PCNT: %,,,,,,,
UNICEF:GENDER(1.0): Gender,UNICEF_LAC: Latin America and the Caribbean (UNICEF Rep.Regions),GN_IT_MOB_OWN: Proportion of individuals who own a mobile telephone,F: Female,_T: Total,_T: Total,_T: Total,2020,81,,,PCNT: %,,,,,,,
UNICEF:GENDER(1.0): Gender,UNICEF_LAC: Latin America and the Caribbean (UNICEF Rep.Regions),GN_IT_MOB_OWN: Proportion of individuals who own a mobile telephone,F: Female,_T: Total,_T: Total,_T: Total,2023,81,,,PCNT: %,,,,,,,
UNICEF:GENDER(1.0): Gender,UNICEF_LAC: Latin America and the Caribbean (UNICEF Rep.Regions),GN_IT_MOB_OWN: Proportion of individuals who own a mobile telephone,M: Male,_T: Total,_T: Total,_T: Total,2020,81,,,PCNT: %,,,,,,,
UNICEF:GENDER(1.0): Gender,UNICEF_LAC: Latin America and the Caribbean (UNICEF Rep.Regions),GN_IT_MOB_OWN: Proportion of individuals who own a mobile telephone,M: Male,_T: Total,_T: Total,_T: Total,2023,81,,,PCNT: %,,,,,,,
UNICEF:GENDER(1.0): Gender,UNICEF_LAC: Latin America and the Caribbean (UNICEF Rep.Regions),GN_IT_MOB_OWN: Proportion of individuals who own a mobile telephone,_T: Total,_T: Total,_T: Total,_T: Total,2020,80,,,PCNT: %,,,,,,,
UNICEF:GENDER(1.0): Gender,UNICEF_MENA: Middle East and North Africa (UNICEF Rep.Regions),GN_IT_MOB_OWN: Proportion of individuals who own a mobile telephone,F: Female,_T: Total,_T: Total,_T: Total,2020,81,,,PCNT: %,,,,,,,
UNICEF:GENDER(1.0): Gender,UNICEF_MENA: Middle East and North Africa (UNICEF Rep.Regions),GN_IT_MOB_OWN: Proportion of individuals who own a mobile telephone,F: Female,_T: Total,_T: Total,_T: Total,2023,84,,,PCNT: %,,,,,,,
UNICEF:GENDER(1.0): Gender,UNICEF_MENA: Middle East and North Africa (UNICEF Rep.Regions),GN_IT_MOB_OWN: Proportion of individuals who own a mobile telephone,M: Male,_T: Total,_T: Total,_T: Total,2020,91,,,PCNT: %,,,,,,,
UNICEF:GENDER(1.0): Gender,UNICEF_MENA: Middle East and North Africa (UNICEF Rep.Regions),GN_IT_MOB_OWN: Proportion of individuals who own a mobile telephone,M: Male,_T: Total,_T: Total,_T: Total,2023,90,,,PCNT: %,,,,,,,
UNICEF:GENDER(1.0): Gender,UNICEF_MENA: Middle East and North Africa (UNICEF Rep.Regions),GN_IT_MOB_OWN: Proportion of individuals who own a mobile telephone,_T: Total,_T: Total,_T: Total,_T: Total,2020,86,,,PCNT: %,,,,,,,
UNICEF:GENDER(1.0): Gender,UNICEF_SA: South Asia (UNICEF Rep.Regions),GN_IT_MOB_OWN: Proportion of individuals who own a mobile telephone,F: Female,_T: Total,_T: Total,_T: Total,2023,38,,,PCNT: %,,,,,,,
UNICEF:GENDER(1.0): Gender,UNICEF_SA: South Asia (UNICEF Rep.Regions),GN_IT_MOB_OWN: Proportion of individuals who own a mobile telephone,M: Male,_T: Total,_T: Total,_T: Total,2023,68,,,PCNT: %,,,,,,,
UNICEF:GENDER(1.0): Gender,UNICEF_SSA: Sub-Saharan Africa (UNICEF Rep.Regions),GN_IT_MOB_OWN: Proportion of individuals who own a mobile telephone,F: Female,_T: Total,_T: Total,_T: Total,2020,49,,,PCNT: %,,,,,,,
UNICEF:GENDER(1.0): Gender,UNICEF_SSA: Sub-Saharan Africa (UNICEF Rep.Regions),GN_IT_MOB_OWN: Proportion of individuals who own a mobile telephone,F: Female,_T: Total,_T: Total,_T: Total,2023,45,,,PCNT: %,,,,,,,
UNICEF:GENDER(1.0): Gender,UNICEF_SSA: Sub-Saharan Africa (UNICEF Rep.Regions),GN_IT_MOB_OWN: Proportion of individuals who own a mobile telephone,M: Male,_T: Total,_T: Total,_T: Total,2020,58,,,PCNT: %,,,,,,,
UNICEF:GENDER(1.0): Gender,UNICEF_SSA: Sub-Saharan Africa (UNICEF Rep.Regions),GN_IT_MOB_OWN: Proportion of individuals who own a mobile telephone,M: Male,_T: Total,_T: Total,_T: Total,2023,56,,,PCNT: %,,,,,,,
UNICEF:GENDER(1.0): Gender,UNICEF_SSA: Sub-Saharan Africa (UNICEF Rep.Regions),GN_IT_MOB_OWN: Proportion of individuals who own a mobile telephone,_T: Total,_T: Total,_T: Total,_T: Total,2020,55,,,PCNT: %,,,,,,,
UNICEF:GENDER(1.0): Gender,UNICEF_WCA: West and Central Africa (UNICEF Rep.Regions),GN_IT_MOB_OWN: Proportion of individuals who own a mobile telephone,F: Female,_T: Total,_T: Total,_T: Total,2020,39,,,PCNT: %,,,,,,,
UNICEF:GENDER(1.0): Gender,UNICEF_WCA: West and Central Africa (UNICEF Rep.Regions),GN_IT_MOB_OWN: Proportion of individuals who own a mobile telephone,F: Female,_T: Total,_T: Total,_T: Total,2023,39,,,PCNT: %,,,,,,,
UNICEF:GENDER(1.0): Gender,UNICEF_WCA: West and Central Africa (UNICEF Rep.Regions),GN_IT_MOB_OWN: Proportion of individuals who own a mobile telephone,M: Male,_T: Total,_T: Total,_T: Total,2020,55,,,PCNT: %,,,,,,,
UNICEF:GENDER(1.0): Gender,UNICEF_WCA: West and Central Africa (UNICEF Rep.Regions),GN_IT_MOB_OWN: Proportion of individuals who own a mobile telephone,M: Male,_T: Total,_T: Total,_T: Total,2023,55,,,PCNT: %,,,,,,,
UNICEF:GENDER(1.0): Gender,UNICEF_WCA: West and Central Africa (UNICEF Rep.Regions),GN_IT_MOB_OWN: Proportion of individuals who own a mobile telephone,_T: Total,_T: Total,_T: Total,_T: Total,2020,50,,,PCNT: %,,,,,,,
UNICEF:GENDER(1.0): Gender,URY: Uruguay,GN_IT_MOB_OWN: Proportion of individuals who own a mobile telephone,M: Male,_T: Total,_T: Total,_T: Total,2017,75,,,PCNT: %,,,,SDG Portal,,,
UNICEF:GENDER(1.0): Gender,URY: Uruguay,GN_IT_MOB_OWN: Proportion of individuals who own a mobile telephone,M: Male,_T: Total,_T: Total,_T: Total,2018,82,,,PCNT: %,,,,SDG Portal,,,
UNICEF:GENDER(1.0): Gender,URY: Uruguay,GN_IT_MOB_OWN: Proportion of individuals who own a mobile telephone,M: Male,_T: Total,_T: Total,_T: Total,2019,82,,,PCNT: %,,,,SDG Portal,,,
UNICEF:GENDER(1.0): Gender,URY: Uruguay,GN_IT_MOB_OWN: Proportion of individuals who own a mobile telephone,_T: Total,_T: Total,_T: Total,_T: Total,2017,76,,,PCNT: %,,,,SDG Portal,,,
UNICEF:GENDER(1.0): Gender,URY: Uruguay,GN_IT_MOB_OWN: Proportion of individuals who own a mobile telephone,_T: Total,_T: Total,_T: Total,_T: Total,2018,83,,,PCNT: %,,,,SDG Portal,,,
UNICEF:GENDER(1.0): Gender,URY: Uruguay,GN_IT_MOB_OWN: Proportion of individuals who own a mobile telephone,_T: Total,_T: Total,_T: Total,_T: Total,2019,83,,,PCNT: %,,,,SDG Portal,,,
UNICEF:GENDER(1.0): Gender,URY: Uruguay,GN_IT_MOB_OWN: Proportion of individuals who own a mobile telephone,F: Female,_T: Total,_T: Total,_T: Total,2017,77,,,PCNT: %,,,,SDG Portal,,,
UNICEF:GENDER(1.0): Gender,URY: Uruguay,GN_IT_MOB_OWN: Proportion of individuals who own a mobile telephone,F: Female,_T: Total,_T: Total,_T: Total,2018,83,,,PCNT: %,,,,SDG Portal,,,
UNICEF:GENDER(1.0): Gender,URY: Uruguay,GN_IT_MOB_OWN: Proportion of individuals who own a mobile telephone,F: Female,_T: Total,_T: Total,_T: Total,2019,84,,,PCNT: %,,,,SDG Portal,,,
UNICEF:GENDER(1.0): Gender,UZB: Uzbekistan,GN_IT_MOB_OWN: Proportion of individuals who own a mobile telephone,F: Female,_T: Total,_T: Total,_T: Total,2017,54,,,PCNT: %,,,,SDG Portal,,,
UNICEF:GENDER(1.0): Gender,UZB: Uzbekistan,GN_IT_MOB_OWN: Proportion of individuals who own a mobile telephone,F: Female,_T: Total,_T: Total,_T: Total,2018,59,,,PCNT: %,,,,SDG Portal,,,
UNICEF:GENDER(1.0): Gender,UZB: Uzbekistan,GN_IT_MOB_OWN: Proportion of individuals who own a mobile telephone,F: Female,_T: Total,_T: Total,_T: Total,2019,62,,,PCNT: %,,,,SDG Portal,,,
UNICEF:GENDER(1.0): Gender,UZB: Uzbekistan,GN_IT_MOB_OWN: Proportion of individuals who own a mobile telephone,F: Female,_T: Total,_T: Total,_T: Total,2020,66,,,PCNT: %,,,,SDG Portal,,,
UNICEF:GENDER(1.0): Gender,UZB: Uzbekistan,GN_IT_MOB_OWN: Proportion of individuals who own a mobile telephone,F: Female,_T: Total,_T: Total,_T: Total,2021,64,,,PCNT: %,,,,SDG Portal,,,
UNICEF:GENDER(1.0): Gender,UZB: Uzbekistan,GN_IT_MOB_OWN: Proportion of individuals who own a mobile telephone,F: Female,_T: Total,_T: Total,_T: Total,2022,74,,,PCNT: %,,,,SDG Portal,,,
UNICEF:GENDER(1.0): Gender,UZB: Uzbekistan,GN_IT_MOB_OWN: Proportion of individuals who own a mobile telephone,_T: Total,_T: Total,_T: Total,_T: Total,2017,64,,,PCNT: %,,,,SDG Portal,,,
UNICEF:GENDER(1.0): Gender,UZB: Uzbekistan,GN_IT_MOB_OWN: Proportion of individuals who own a mobile telephone,_T: Total,_T: Total,_T: Total,_T: Total,2018,68,,,PCNT: %,,,,SDG Portal,,,
UNICEF:GENDER(1.0): Gender,UZB: Uzbekistan,GN_IT_MOB_OWN: Proportion of individuals who own a mobile telephone,_T: Total,_T: Total,_T: Total,_T: Total,2019,70,,,PCNT: %,,,,SDG Portal,,,
UNICEF:GENDER(1.0): Gender,UZB: Uzbekistan,GN_IT_MOB_OWN: Proportion of individuals who own a mobile telephone,_T: Total,_T: Total,_T: Total,_T: Total,2020,72,,,PCNT: %,,,,SDG Portal,,,
UNICEF:GENDER(1.0): Gender,UZB: Uzbekistan,GN_IT_MOB_OWN: Proportion of individuals who own a mobile telephone,_T: Total,_T: Total,_T: Total,_T: Total,2021,72,,,PCNT: %,,,,SDG Portal,,,
UNICEF:GENDER(1.0): Gender,UZB: Uzbekistan,GN_IT_MOB_OWN: Proportion of individuals who own a mobile telephone,_T: Total,_T: Total,_T: Total,_T: Total,2022,79,,,PCNT: %,,,,SDG Portal,,,
UNICEF:GENDER(1.0): Gender,UZB: Uzbekistan,GN_IT_MOB_OWN: Proportion of individuals who own a mobile telephone,M: Male,_T: Total,_T: Total,_T: Total,2017,73,,,PCNT: %,,,,SDG Portal,,,
UNICEF:GENDER(1.0): Gender,UZB: Uzbekistan,GN_IT_MOB_OWN: Proportion of individuals who own a mobile telephone,M: Male,_T: Total,_T: Total,_T: Total,2018,77,,,PCNT: %,,,,SDG Portal,,,
UNICEF:GENDER(1.0): Gender,UZB: Uzbekistan,GN_IT_MOB_OWN: Proportion of individuals who own a mobile telephone,M: Male,_T: Total,_T: Total,_T: Total,2019,78,,,PCNT: %,,,,SDG Portal,,,
UNICEF:GENDER(1.0): Gender,UZB: Uzbekistan,GN_IT_MOB_OWN: Proportion of individuals who own a mobile telephone,M: Male,_T: Total,_T: Total,_T: Total,2020,78,,,PCNT: %,,,,SDG Portal,,,
UNICEF:GENDER(1.0): Gender,UZB: Uzbekistan,GN_IT_MOB_OWN: Proportion of individuals who own a mobile telephone,M: Male,_T: Total,_T: Total,_T: Total,2021,81,,,PCNT: %,,,,SDG Portal,,,
UNICEF:GENDER(1.0): Gender,UZB: Uzbekistan,GN_IT_MOB_OWN: Proportion of individuals who own a mobile telephone,M: Male,_T: Total,_T: Total,_T: Total,2022,84,,,PCNT: %,,,,SDG Portal,,,
UNICEF:GENDER(1.0): Gender,VCT: Saint Vincent and the Grenadines,GN_IT_MOB_OWN: Proportion of individuals who own a mobile telephone,_T: Total,_T: Total,_T: Total,_T: Total,2016,94,,,PCNT: %,,,,SDG Portal,,,
UNICEF:GENDER(1.0): Gender,VGB: British Virgin Islands,GN_IT_MOB_OWN: Proportion of individuals who own a mobile telephone,F: Female,_T: Total,_T: Total,_T: Total,2016,78,,,PCNT: %,,,,SDG Portal,,,
UNICEF:GENDER(1.0): Gender,VGB: British Virgin Islands,GN_IT_MOB_OWN: Proportion of individuals who own a mobile telephone,F: Female,_T: Total,_T: Total,_T: Total,2017,77,,,PCNT: %,,,,SDG Portal,,,
UNICEF:GENDER(1.0): Gender,VGB: British Virgin Islands,GN_IT_MOB_OWN: Proportion of individuals who own a mobile telephone,_T: Total,_T: Total,_T: Total,_T: Total,2016,77,,,PCNT: %,,,,SDG Portal,,,
UNICEF:GENDER(1.0): Gender,VGB: British Virgin Islands,GN_IT_MOB_OWN: Proportion of individuals who own a mobile telephone,_T: Total,_T: Total,_T: Total,_T: Total,2017,77,,,PCNT: %,,,,SDG Portal,,,
UNICEF:GENDER(1.0): Gender,VGB: British Virgin Islands,GN_IT_MOB_OWN: Proportion of individuals who own a mobile telephone,M: Male,_T: Total,_T: Total,_T: Total,2016,76,,,PCNT: %,,,,SDG Portal,,,
UNICEF:GENDER(1.0): Gender,VGB: British Virgin Islands,GN_IT_MOB_OWN: Proportion of individuals who own a mobile telephone,M: Male,_T: Total,_T: Total,_T: Total,2017,76,,,PCNT: %,,,,SDG Portal,,,
UNICEF:GENDER(1.0): Gender,VNM: Viet Nam,GN_IT_MOB_OWN: Proportion of individuals who own a mobile telephone,F: Female,_T: Total,_T: Total,_T: Total,2019,77,,,PCNT: %,,,,SDG Portal,,,
UNICEF:GENDER(1.0): Gender,VNM: Viet Nam,GN_IT_MOB_OWN: Proportion of individuals who own a mobile telephone,_T: Total,_T: Total,_T: Total,_T: Total,2019,78,,,PCNT: %,,,,SDG Portal,,,
UNICEF:GENDER(1.0): Gender,VNM: Viet Nam,GN_IT_MOB_OWN: Proportion of individuals who own a mobile telephone,_T: Total,_T: Total,_T: Total,_T: Total,2020,79,,,PCNT: %,,,,SDG Portal,,,
UNICEF:GENDER(1.0): Gender,VNM: Viet Nam,GN_IT_MOB_OWN: Proportion of individuals who own a mobile telephone,_T: Total,_T: Total,_T: Total,_T: Total,2021,77,,,PCNT: %,,,,SDG Portal,,,
UNICEF:GENDER(1.0): Gender,VNM: Viet Nam,GN_IT_MOB_OWN: Proportion of individuals who own a mobile telephone,_T: Total,_T: Total,_T: Total,_T: Total,2022,79,,,PCNT: %,,,,SDG Portal,,,
UNICEF:GENDER(1.0): Gender,VNM: Viet Nam,GN_IT_MOB_OWN: Proportion of individuals who own a mobile telephone,M: Male,_T: Total,_T: Total,_T: Total,2019,78,,,PCNT: %,,,,SDG Portal,,,
UNICEF:GENDER(1.0): Gender,WORLD: World,GN_IT_MOB_OWN: Proportion of individuals who own a mobile telephone,F: Female,_T: Total,_T: Total,_T: Total,2020,69,,,PCNT: %,,,,SDG Portal,,,
UNICEF:GENDER(1.0): Gender,WORLD: World,GN_IT_MOB_OWN: Proportion of individuals who own a mobile telephone,F: Female,_T: Total,_T: Total,_T: Total,2021,71,,,PCNT: %,,,,SDG Portal,,,
UNICEF:GENDER(1.0): Gender,WORLD: World,GN_IT_MOB_OWN: Proportion of individuals who own a mobile telephone,F: Female,_T: Total,_T: Total,_T: Total,2022,73,,,PCNT: %,,,,SDG Portal,,,
UNICEF:GENDER(1.0): Gender,WORLD: World,GN_IT_MOB_OWN: Proportion of individuals who own a mobile telephone,F: Female,_T: Total,_T: Total,_T: Total,2023,75,,,PCNT: %,,,,SDG Portal,,,
UNICEF:GENDER(1.0): Gender,WORLD: World,GN_IT_MOB_OWN: Proportion of individuals who own a mobile telephone,M: Male,_T: Total,_T: Total,_T: Total,2020,77,,,PCNT: %,,,,SDG Portal,,,
UNICEF:GENDER(1.0): Gender,WORLD: World,GN_IT_MOB_OWN: Proportion of individuals who own a mobile telephone,M: Male,_T: Total,_T: Total,_T: Total,2021,79,,,PCNT: %,,,,SDG Portal,,,
UNICEF:GENDER(1.0): Gender,WORLD: World,GN_IT_MOB_OWN: Proportion of individuals who own a mobile telephone,M: Male,_T: Total,_T: Total,_T: Total,2022,80,,,PCNT: %,,,,SDG Portal,,,
UNICEF:GENDER(1.0): Gender,WORLD: World,GN_IT_MOB_OWN: Proportion of individuals who own a mobile telephone,M: Male,_T: Total,_T: Total,_T: Total,2023,81,,,PCNT: %,,,,SDG Portal,,,
UNICEF:GENDER(1.0): Gender,WORLD: World,GN_IT_MOB_OWN: Proportion of individuals who own a mobile telephone,_T: Total,_T: Total,_T: Total,_T: Total,2019,70,,,PCNT: %,,,,SDG Portal,,,
UNICEF:GENDER(1.0): Gender,WORLD: World,GN_IT_MOB_OWN: Proportion of individuals who own a mobile telephone,_T: Total,_T: Total,_T: Total,_T: Total,2020,73,,,PCNT: %,,,,SDG Portal,,,
UNICEF:GENDER(1.0): Gender,WORLD: World,GN_IT_MOB_OWN: Proportion of individuals who own a mobile telephone,_T: Total,_T: Total,_T: Total,_T: Total,2021,75,,,PCNT: %,,,,SDG Portal,,,
UNICEF:GENDER(1.0): Gender,WORLD: World,GN_IT_MOB_OWN: Proportion of individuals who own a mobile telephone,_T: Total,_T: Total,_T: Total,_T: Total,2022,76,,,PCNT: %,,,,SDG Portal,,,
UNICEF:GENDER(1.0): Gender,WORLD: World,GN_IT_MOB_OWN: Proportion of individuals who own a mobile telephone,_T: Total,_T: Total,_T: Total,_T: Total,2023,78,,,PCNT: %,,,,SDG Portal,,,
UNICEF:GENDER(1.0): Gender,ZAF: South Africa,GN_IT_MOB_OWN: Proportion of individuals who own a mobile telephone,_T: Total,_T: Total,_T: Total,_T: Total,2016,54,,,PCNT: %,,,,SDG Portal,,,
UNICEF:GENDER(1.0): Gender,ZAF: South Africa,GN_IT_MOB_OWN: Proportion of individuals who own a mobile telephone,_T: Total,_T: Total,_T: Total,_T: Total,2017,60,,,PCNT: %,,,,SDG Portal,,,
UNICEF:GENDER(1.0): Gender,ZAF: South Africa,GN_IT_MOB_OWN: Proportion of individuals who own a mobile telephone,_T: Total,_T: Total,_T: Total,_T: Total,2018,80,,,PCNT: %,,,,SDG Portal,,,
UNICEF:GENDER(1.0): Gender,ZAF: South Africa,GN_IT_MOB_OWN: Proportion of individuals who own a mobile telephone,_T: Total,_T: Total,_T: Total,_T: Total,2019,78,,,PCNT: %,,,,SDG Portal,,,
UNICEF:GENDER(1.0): Gender,ZAF: South Africa,GN_IT_MOB_OWN: Proportion of individuals who own a mobile telephone,F: Female,_T: Total,_T: Total,_T: Total,2016,55,,,PCNT: %,,,,SDG Portal,,,
UNICEF:GENDER(1.0): Gender,ZAF: South Africa,GN_IT_MOB_OWN: Proportion of individuals who own a mobile telephone,F: Female,_T: Total,_T: Total,_T: Total,2017,61,,,PCNT: %,,,,SDG Portal,,,
UNICEF:GENDER(1.0): Gender,ZAF: South Africa,GN_IT_MOB_OWN: Proportion of individuals who own a mobile telephone,F: Female,_T: Total,_T: Total,_T: Total,2018,81,,,PCNT: %,,,,SDG Portal,,,
UNICEF:GENDER(1.0): Gender,ZAF: South Africa,GN_IT_MOB_OWN: Proportion of individuals who own a mobile telephone,F: Female,_T: Total,_T: Total,_T: Total,2019,80,,,PCNT: %,,,,SDG Portal,,,
UNICEF:GENDER(1.0): Gender,ZAF: South Africa,GN_IT_MOB_OWN: Proportion of individuals who own a mobile telephone,M: Male,_T: Total,_T: Total,_T: Total,2016,52,,,PCNT: %,,,,SDG Portal,,,
UNICEF:GENDER(1.0): Gender,ZAF: South Africa,GN_IT_MOB_OWN: Proportion of individuals who own a mobile telephone,M: Male,_T: Total,_T: Total,_T: Total,2017,58,,,PCNT: %,,,,SDG Portal,,,
UNICEF:GENDER(1.0): Gender,ZAF: South Africa,GN_IT_MOB_OWN: Proportion of individuals who own a mobile telephone,M: Male,_T: Total,_T: Total,_T: Total,2018,78,,,PCNT: %,,,,SDG Portal,,,
UNICEF:GENDER(1.0): Gender,ZAF: South Africa,GN_IT_MOB_OWN: Proportion of individuals who own a mobile telephone,M: Male,_T: Total,_T: Total,_T: Total,2019,77,,,PCNT: %,,,,SDG Portal,,,
UNICEF:GENDER(1.0): Gender,ZMB: Zambia,GN_IT_MOB_OWN: Proportion of individuals who own a mobile telephone,M: Male,_T: Total,_T: Total,_T: Total,2018,44,,,PCNT: %,,,,SDG Portal,,,
UNICEF:GENDER(1.0): Gender,ZMB: Zambia,GN_IT_MOB_OWN: Proportion of individuals who own a mobile telephone,_T: Total,_T: Total,_T: Total,_T: Total,2018,45,,,PCNT: %,,,,SDG Portal,,,
UNICEF:GENDER(1.0): Gender,ZMB: Zambia,GN_IT_MOB_OWN: Proportion of individuals who own a mobile telephone,_T: Total,_T: Total,_T: Total,_T: Total,2020,47,,,PCNT: %,,,,SDG Portal,,,
UNICEF:GENDER(1.0): Gender,ZMB: Zambia,GN_IT_MOB_OWN: Proportion of individuals who own a mobile telephone,F: Female,_T: Total,_T: Total,_T: Total,2018,45,,,PCNT: %,,,,SDG Portal,,,
UNICEF:GENDER(1.0): Gender,ZWE: Zimbabwe,GN_IT_MOB_OWN: Proportion of individuals who own a mobile telephone,M: Male,_T: Total,_T: Total,_T: Total,2020,46,,,PCNT: %,,,,SDG Portal,,,
UNICEF:GENDER(1.0): Gender,ZWE: Zimbabwe,GN_IT_MOB_OWN: Proportion of individuals who own a mobile telephone,_T: Total,_T: Total,_T: Total,_T: Total,2020,47,,,PCNT: %,,,,SDG Portal,,,
UNICEF:GENDER(1.0): Gender,ZWE: Zimbabwe,GN_IT_MOB_OWN: Proportion of individuals who own a mobile telephone,F: Female,_T: Total,_T: Total,_T: Total,2020,48,,,PCNT: %,,,,SDG Portal,,,
